2021.9512634275002,1721.9140319825001,1864.90614319,1543.5277442937499,1709.8742980950001,1681.73089599625,1899.1096954337499,1728.1080780012501,1660.1340332024999,1851.76878356875,1737.9102478012501,1802.5191040025002,1806.2515106199999,1809.866012575,1855.1045684824999,1789.6761474599998,1704.23634338375,1854.8832550049999,1852.53460693375,1703.6355743399999,1726.9102020262499,1874.4956817612501,1872.4630737299999,1616.2607116700001,1704.6532135025,1867.9769897462502,1650.9839019800002,1638.59547424125,90.691074371349998,1879.9445800787501,1859.8644714362499,1709.5094299324999,1708.2450256337502,1706.490737915,1891.346328735
1127.4960632337497,821.74933624275002,1118.4409484875,817.44309997562505,824.26639556887494,788.26786804187498,1154.22006225625,812.711463928125,834.56687927250005,928.36066436775002,837.45597839337506,908.10912323000002,914.64756011987492,910.0539321901249,1109.6462249762499,906.92413330074999,809.37345123299997,1117.1266326912501,1162.4005432125,819.90007019049995,795.87274932862499,1126.5038146987499,1136.8669128424999,811.06192016612499,825.48904418949996,1119.5778503424999,788.95986938487499,796.89488220225007,85.144877433774994,1131.0588073700001,1115.4532165537498,820.74044036862495,817.06803894025006,830.969841003375,1143.79335022125
1654.50263977125,1402.989105225,1645.6142120375,1404.6515960699999,1412.2466430675001,1383.9131622300001,1670.2124786387499,1397.5829010025,1470.6134643549999,1550.9860839850001,1422.793273925,1517.7028350824999,1533.1538543699999,1528.1813507062498,1636.2259521474998,1517.8587036137501,1379.6427764887499,1635.7248840324999,1634.8424072262501,1388.8068084725001,1390.1123962412501,1628.4979248049999,1653.9966278074999,1396.4955749512501,1401.3296813974998,1646.82264709375,1380.7621765137501,1376.5577392575001,138.38948822025,1667.9628143324999,1637.5164031975,1399.0882568375,1401.2914733887501,1416.59487915,1655.5262603762501
2362.8878479,1939.9381256087502,2366.1894226087502,1939.8558349625,1940.67578125,1936.8875885,2368.4414672862499,1936.32711791875,1936.7384948712502,2049.5980529774997,1937.8686523450001,2049.99092102125,2052.19786071625,2049.0743408200001,2369.6184082037498,2052.0604705799997,1943.8310241700001,2370.6695556662498,2368.7395935075001,1940.84640503125,1961.4968109125,2371.57260131875,2372.2559204099998,1956.7256927487501,1942.8970794700001,2374.12277221875,1961.37060546875,2102.0699768049999,1932.2643890374998,2370.3683166499995,2372.1500854487504,1939.1921081549999,1940.3304901125,1940.3931579599998,2369.8334045424999
1878.7117614737499,1658.9490051262501,1808.968032835,1648.5564117425001,1652.2061614987501,1627.56094360375,1835.2415161137501,1676.2190246574999,1649.4120483387501,1806.3313751225,1675.1622467049999,1735.82106018125,1748.6930084225,1757.214782715,1803.4680175787498,1734.4498443612501,1656.45268249625,1801.5038757337502,1804.5628051762501,1637.7770080549999,178.083662033,1829.4477233875,1820.8459167487501,1644.8891906725,1643.01989746,1819.5014038087502,1598.7893066412501,1591.8673858637499,1647.16293335,1821.8254547112501,1814.82749939,1649.9167175299999,1660.6323394762501,1635.1481781012499,1824.7721710187502
992.49601745612495,643.83709716800001,976.82161712649997,651.83417510975005,652.96740722649997,645.33846282950003,996.33342742862499,648.86476135249995,651.30535888687496,785.90454864512503,659.08910369875002,742.66175842287498,750.47928619387494,750.43009948725,972.44429779049995,747.73046112075008,640.46610260025,981.03859710699999,981.56987762450001,650.77967071524995,654.50888061525006,983.04168701162507,979.09563446025004,670.9889984132501,649.68551635724998,993.28305053712506,640.65700530999993,642.86897277837511,649.42087554912496,990.10901641862506,978.48027801512501,646.14424133300008,652.46971893299997,655.17790985112492,988.88504791262494
925.45320892337497,597.74642944349989,909.87670898425006,606.02363586437502,613.977012634375,597.53305816637499,929.27970886225,609.68535614012501,606.94963836674992,734.057296753125,615.66014099149993,693.17907714837497,693.88248443612497,700.30198669424999,902.93687438949996,698.90908813487499,603.64479064937495,911.52787780774997,903.01161193862504,596.18176269537503,681.75795745850007,911.15915679937507,907.17722320562507,638.38157653812505,609.34323883050001,910.80152130149997,597.52314758299997,611.98461914049994,598.76173400887501,918.31621551512512,907.50406646737497,596.63156890862501,608.06105804449999,610.21942901625005,919.86727142337509
969.58100128187493,642.490234375,948.41563415525002,649.08100128174999,651.43051910412498,646.32447814925001,970.179931640625,653.29964447025009,644.57633209237497,791.77629852299992,654.49490356450008,744.12315368650002,745.51199340812502,750.97116088862492,947.27754211412503,747.28881835950006,646.57799530025,951.2417755125,951.72771453862492,645.82346344000007,687.62190246575005,960.89730071999998,950.05564117412507,682.11627197275004,651.17955017087502,960.51641845712493,642.95912170400004,655.92900085449992,650.583984375,962.15292358412501,953.49694824225003,641.80186462400002,649.35946655262501,803.63674926712497,958.78758239750005
1851.52386474625,1582.3912200937498,1845.906097415,1563.6203002924999,1596.7227630625,1576.4203338625,1886.55543518125,1607.9553070049999,1568.18434143125,1772.2241668700001,1580.5608520512499,1717.1809692387501,1712.1773834212499,1704.1607666012501,1829.3395996075001,1735.12908935375,1556.0727233875,1836.4861450200001,1841.1231994637501,1564.0664978037501,1619.1654968275,1852.1332244862501,1831.6873931887501,1618.3271636950001,1560.6861877450001,1954.53182983375,1575.2644042950001,1582.8139038075001,1575.3564758299999,1841.1615600599998,1827.047546385,1563.28013610875,1573.49507141,1563.346832275,1840.0269775412501
1968.8443145762501,1665.8152770975,1893.9980621350001,1649.8401794412498,1655.26939391875,1625.4139404300001,1926.3439636225,1687.29608154375,1659.9318542487499,1823.8827209474998,1677.4249420149999,1755.0222778299999,1765.20896911625,1759.2535400387501,1872.37400818125,1756.1412048325001,1669.5863342274999,1884.4796142575001,1885.3663635237501,1635.8117370612499,1749.9874572775002,1922.8287811287501,1905.0090484612501,1656.025131225,1645.6969146725,1892.07218933125,1599.4644775387501,1598.14060974125,1643.3995361325001,1908.7922973625,1899.2599182112499,1649.5903930662498,1658.2795257574999,1478.7517547587499,1911.8525848387499
2092.3926086412503,1927.7312469487501,2096.4660339350003,1906.7592010499998,1920.94764709375,1865.0662689199999,2151.3061218262501,1953.74554443375,1918.6374359137499,2074.6927795424999,1914.3271026612499,1941.3432769762501,1931.1322937012499,1925.5597381600001,1989.01843261875,1980.4154663087502,1866.4947204599998,2089.9116516125,2087.9315185537498,1863.8101501487499,1913.7279052737501,2124.7442932137501,2071.4025268550004,1926.34680175875,1899.7260284424999,2059.3800659175004,1871.4512481699999,1870.8473205575001,1829.2900390637501,2109.7559814462497,2076.7237548825001,1853.7984161362501,1885.5831298825001,1815.56022644,2077.4805297862499
2028.87718200625,1758.7843780537501,1953.71450805625,1741.5919494612501,1742.9064941400002,1699.0023193362499,2004.9995574949999,1778.8968963625002,1754.5957489025,1910.2551422125002,1756.21621704375,1835.2037506087499,1757.727127075,1742.65498351875,1841.720184325,1830.81227111875,1758.7873840325001,1946.6232299787498,1945.34291076625,1698.0452117924999,1745.4182434087497,1962.5775756837502,1958.5493316637499,1784.239105225,1728.0083313,1945.1977539075001,1700.6154479987501,1696.6681823737499,1709.5332031262501,1980.575653075,1966.1726226799999,1721.4289245587499,1731.3310394274999,1550.5737609849998,1982.0590667712502
950.45452880862501,613.48267364487504,954.00126647950003,617.34593963625002,620.49675750737492,606.88874053962502,962.22389221187495,651.925895690875,616.23770141612499,751.35835266125002,621.00807189950001,717.33810424800004,720.12158966075003,719.04889678962491,938.67067718512499,726.958946228125,636.81672668475005,950.35337829587502,940.83896636949999,612.733604431,654.81980895999993,964.7798843385001,940.92535400387499,661.953575134125,616.97042846675004,951.85566711412503,617.88565063487499,629.95439910887501,613.85903167724996,958.82749938975007,944.02386474612501,614.99375152587493,618.04203033437511,626.96520996087497,961.11705017099996
1361.1188812237501,1062.7377166750002,1355.01031494125,1056.8344726549999,1084.7397460950001,1068.28044128375,1376.3584594724998,1108.8198394762501,1058.1213378912501,1272.607070925,1071.69805908125,1200.87542724375,1210.3816986100001,1196.6153259275002,1338.2613983162501,1227.7911682162498,1070.4933319112502,1343.2305603025,1344.4377593987501,1055.1038055424999,1149.582962035,1362.1755218499998,1331.7057800275002,1132.36201476875,1059.9496154774999,1341.6900329575001,1077.7263488762499,1106.6871490475,1067.3509368887501,1342.512542725,1329.7570953362501,1053.08087158125,1063.4341430674999,1066.6146697987501,1348.5009460449999
917.33583831800001,552.94355773925008,900.57944488524993,551.07798767087502,567.05734252937509,553.32405090325005,915.53907012924992,600.54757690437498,554.01602935787503,728.69264984125005,562.48728942862499,663.20076751700003,668.82463073725,663.31570434574996,881.37124633774999,680.37465667737501,586.08800506600005,896.20430755612506,892.82190704337495,547.31091308600003,649.59161376949999,921.1702804565,884.73094177250005,646.36403656025004,556.74300384524997,895.402793884125,571.04708862312498,598.01686859125005,558.84483337412507,895.87919616700003,884.06887817375002,549.17348480237501,559.43138122562505,557.89208984375,899.09910583500005
951.23182678224998,596.48803710924994,936.14669799800004,589.83309936525006,607.84912872324992,594.38153839124993,946.47276306162507,640.93948364250002,593.22740173337502,784.58303070074999,602.64785003662496,707.63171386725003,715.50340271012499,704.36402893062507,917.60649108887503,728.65095520012494,628.50012969987506,928.136192321625,922.61164093025002,585.49570465087504,693.06245422375002,953.37529754624995,915.73452758799999,686.558670044,592.99749755850007,926.03079223624991,609.93989562999991,641.41361999524997,596.24414825437498,926.43737792962497,916.66892242425001,585.72216796862494,593.33713531487501,594.56056213387501,935.21813964850003
1438.5340728762499,1180.2853393549999,1449.5925903325001,1177.6334533700001,1203.6018218987501,1171.57583618125,1461.1970672612501,1203.10810852125,1180.8186798087499,1323.9308471674999,1199.1200714112501,1289.2227325437502,1297.06242370625,1279.6478881825001,1428.0890808112499,1301.2373046862499,1182.1811370837499,1432.94888305875,1422.23524475,1172.35565185625,1198.3211975075001,1425.9109344475,1412.73907470625,1209.81036377125,1178.3556060800001,1428.40632629375,1174.5625762949999,1174.9819641087499,1174.8957519537498,1427.74693298375,1409.9163665762499,1179.9822692862501,1185.87333679125,1189.23310852125,1437.30378723125
1002.45733642525,651.49122619650007,1003.70392608625,647.25434875500002,662.3635864257501,647.11420440662505,1009.58254242,698.80458831787496,651.19805908199999,819.94765472400002,662.79126739512503,762.103271484375,775.12780761725003,762.93581390387499,974.99038696275011,784.37999725324994,680.54045867912509,985.43817901624993,979.78071594237508,650.25904846162507,725.97574615475003,1006.60511016875,973.52327728262503,726.02702331537489,652.43914031987492,983.86759185787503,662.83219909637501,681.25843811012498,653.66063690187502,988.81345367425001,971.25825500487497,647.86521911625005,653.58449554437493,659.56387329099994,996.84197998037496
1364.47032165375,1052.8911590574999,1370.0299682625,1050.8457489025,1071.0150146487499,1046.2689361574999,1391.3688354487499,1080.134399415,1050.5307922362499,1213.8672485337499,1070.11535644375,1176.3456420887501,1181.2185363775,1168.105773925,1350.6838531487501,1193.3461914049999,1058.86746215875,1357.87826538125,1344.5215759287498,1043.42108154375,1089.6419067375,1354.7110748300001,1342.4738311775,1097.3078613274999,1052.393356325,1354.7516174324999,1062.4865875249998,1066.3309021012501,1044.4019775387501,1356.9970245374998,1339.6316223149997,1048.3899383549999,1050.8066406275,1057.8678588862499,1359.3369293225001
1202.95361328125,864.61844634975,1201.0678710925001,853.30846405037505,875.37309265149997,863.03858184812498,1211.688827515,897.38452911400009,856.71929168675001,1023.6106643675,875.538444519,973.94181823725,985.14620971675004,975.11050415049999,1183.41487121625,992.56522369387505,874.68857574462504,1185.7863769537501,1178.4533843999998,856.62782287587504,909.50021362300004,1193.9844055199999,1175.3120574949999,916.67520904537503,862.30473327637492,1192.16117859,873.41983032224994,885.44271087649997,862.42701721162496,1193.7174987799999,1177.6426849362501,859.92973327624998,865.83147430412509,863.26406860350005,1187.9902191175001
787.27841949462504,457.88833999637501,787.71498870849996,457.62557601925005,467.45263671887506,449.01919174187498,787.34284210212502,498.20894241349998,458.53614044174998,564.23546600325005,466.05955505399999,542.5913696288751,550.74179077162501,540.604866027875,771.68524932874993,552.62887573237504,492.55809402475001,783.02827453600003,769.98471069350001,457.719585418625,490.22123336800007,791.97704315187502,771.32060241699992,506.33309555037499,458.58875656137502,773.67910003675001,466.16415405250001,471.61881637575004,450.68164443962496,781.41223907487495,767.91381073000002,454.38352966324999,457.52782821649998,466.75736236575,790.05567169187498
854.56961059562502,532.30005645749998,866.99259185787503,531.78379058862504,545.62877655025,519.12038421624993,865.36902618399995,569.25170898424994,542.114501953125,647.17044067400002,548.65454101575006,622.75479888912491,632.45045471200001,619.20786285400004,841.7853622435,633.17713928237504,560.98682403587497,856.82240295425004,838.92008209237497,530.17483520525002,574.98900604237497,862.70617675787503,840.01060485837502,577.36550140350005,536.03668212875004,843.03102874762499,537.743202209625,550.24127197274993,523.05064392099996,850.50811004662501,836.70643615724998,528.30691528324996,534.65504455587507,547.95481872562505,860.0341567994999
1370.4446258524999,1070.73464965875,1379.0679473862501,1067.5151672375,1089.32290649375,1062.7806396475,1390.31559753375,1096.6921691887499,1073.9003295887501,1225.7685241700001,1087.4104614262501,1199.7423248300001,1206.605529785,1191.7623138425001,1359.9093475350001,1210.9459228525,1074.22781372125,1370.9386749262499,1353.1247558587499,1066.0085906962499,1100.8817901625,1356.9079589837502,1348.9362945574999,1111.9642944337502,1073.1444854737501,1366.72492981,1079.5441284174999,1086.9255828875,1064.8002471924999,1366.1290435774999,1348.3650817875,1070.7959747299999,1075.2247161862499,1085.1674957287501,1371.1243438737499
1403.4936218275,1095.1343231199999,1414.5850524887501,1092.2330474862501,1118.511672975,1086.50424194375,1428.84963989375,1119.1052551287501,1100.4381713862499,1248.3649597174999,1117.3129425062498,1224.99542236,1229.00762939375,1210.666885375,1390.7304077137501,1235.0520629887499,1101.7705535912501,1402.045181275,1386.7555847174999,1089.40174865625,1129.4748535150002,1393.5661926275002,1383.6695709237501,1142.4599304200001,1096.6521759024999,1392.9969177224998,1108.0468292250002,1115.9929199212499,1086.516036985,1397.36520385625,1378.9006958012501,1098.3927307137501,1103.7128448475,1110.64614868125,1401.6336059574999
869.80931091312505,505.35527038562498,859.56864929199992,509.14212036125002,514.25883865349999,490.88462829587502,866.74189758299985,530.15751647950003,509.11508560162497,645.69612121575005,515.28738021849995,609.94022369387494,615.74630737312509,608.73300933837493,840.08787536612499,620.44491577162501,533.18873596200001,850.22275543224998,837.14467620812502,504.85993576049998,543.1701431276249,860.03818511962504,841.96646118174999,539.76782989499998,500.32885360699999,840.47541046137508,503.27555465712499,528.842605590875,496.19390487662503,849.70837402362508,834.21623229974989,501.83163070687499,509.19725418087501,519.45705413824999,852.69142150862513
1336.6850891112499,1030.0192031850002,1341.14830017125,1026.2962036150002,1046.4220886212499,1020.004463195,1358.27406311,1048.43048095625,1028.5254898087501,1182.78913879375,1046.2332611100001,1156.7752380375,1163.36572265625,1150.22756958125,1327.3425445574999,1167.7175445550001,1033.7570190424999,1332.9225921624998,1319.7902374287501,1024.7428359975002,1043.3337249762499,1325.8504333512501,1321.3845367425001,1048.463500975,1026.7187576312499,1331.29634094125,1021.587249755,1033.6302337637499,1017.3881454474999,1333.8530731200001,1317.2766265875,1028.0134277337499,1033.5671691900002,1038.478012085,1335.1375579850001
781.42752075212502,427.132350921625,772.69995117174994,433.51005554212497,435.455734252875,416.72542953487499,775.67266845712493,455.38702011112497,431.54692459099999,542.27654266362492,439.03269195550001,516.73825073237504,522.18698120124998,519.45104980462497,754.24161529537503,522.63635253925008,458.02903747562499,767.72261047350003,748.14977264374988,424.01388168312502,466.76431274412505,770.03003692624998,755.57423400862501,468.72909927362502,424.746788025125,757.56191253650002,426.44473266599999,455.291259765625,419.15826416024998,766.1948852538751,753.88687133787494,419.89397430425004,427.73310470574995,436.03636169437499,768.00533294675006
817.0136566163751,455.79850387574999,810.30857086175001,461.35123062137495,467.19413757337497,449.43589019787498,812.12211608874998,488.11907577524994,462.15031051649999,602.00890350324994,469.69579315199996,563.88733673087495,571.68372344950001,562.95801544174992,787.60782623299997,575.91452789300001,494.84420394899996,800.68801879875002,781.29130554199992,459.02920150762498,509.17890167249999,807.00080108650002,789.64258575450003,504.18483734137499,455.54561996462496,788.92189788837504,466.01441192612498,487.75045394887502,448.43331909187503,797.73196411137496,784.43208313000002,453.95062255850002,456.03588867199994,469.592414856,805.70752716062498
817.00377655025,444.26309204087499,812.45505523675001,454.81570434562502,450.75495147687502,437.98690032962497,817.11710357687502,459.92805099500004,452.22071456924999,586.7182006836249,457.695209503,543.81267547612504,553.89379882825006,548.58866119375,789.427734375,554.47153472912498,467.54613876349998,796.56948089612501,787.95807647712491,447.65667724612501,475.22873687750001,803.98474121100003,798.62005615237501,468.89677810675005,442.06551361075003,791.84508514387494,446.39447021500001,471.59732437137501,434.80176925675005,799.56561279287507,793.56438446050004,441.464534759625,449.77020645137503,452.7828178405,804.78733062750007
818.54108428974996,465.60827636712497,817.02452087412496,470.67148971575,468.19432449337501,451.88330078112506,825.86515045174997,483.11799240112498,468.82694625862501,586.36719512924992,472.834678649875,551.91577911387503,560.7602005005001,556.6467666625,792.47741699187497,558.77664184587502,489.52416229250002,806.83896636949999,792.51732635500002,464.59798812862499,501.65874099712499,809.54030609137499,799.41092681875,495.27552413937497,459.97780609124999,798.35651397712502,463.38547515862501,497.12989044187498,452.40427780125003,808.52053833012496,792.30929565437509,460.88860702525,465.624191284125,480.18788146949998,818.13800048824999
783.3412094114999,419.78195190425004,776.39172363287503,433.502017975,424.56924057025003,412.84265136712497,780.02877044675006,442.63102722175,427.697368622,570.89252471912494,432.166683197,522.54302978512499,533.92575073237504,528.65773010249995,757.31972503650002,536.24079895024988,447.31763839737499,767.25050353987513,757.09027099599996,424.21734237687502,457.14142608650002,772.12637329112499,760.30127716049992,453.290554046625,420.37388610849996,764.65684509300002,426.51621246362498,450.45990371699997,411.37485885624994,768.75361633300008,756.78616333012508,418.029964447,423.59204864512498,434.63593292250005,774.29122924812498
795.99361419675006,424.40985107425001,784.00547027574999,432.64699554437505,431.856895446875,416.01601409912496,789.13435363762505,446.64678573599997,430.35988998425,572.65612030025,436.95730972274998,531.10658264162498,540.90457916275,535.74955749524997,762.30569458012496,539.24490356449996,450.901432037375,773.76164245625,761.59069061275,428.155029296875,464.84640121450002,778.77245330799997,769.352500915625,461.18747711187501,420.751838684125,768.31815338137494,430.439376831125,458.86824417112501,418.44923782362503,772.29679107662491,765.64349365225007,421.71623229975,431.21193313575003,438.936073303125,780.03227996825001
958.05847930900006,615.48948669424999,966.87346649174992,621.96208953849987,617.38651275637494,603.36610412587493,973.197883606,618.47586059562502,617.99079895025,772.85602569587502,629.33153533937502,722.42950439462493,743.05006408675001,734.41189575199996,936.02831268312502,746.97122192387496,618.63652038574992,952.42123413075001,947.20986938487499,618.9469070435,633.12098693849998,948.31706237774995,943.34772491449996,640.20338439962507,610.87976837149995,954.77670288075001,616.902229309125,649.83076477037503,605.60612487787512,955.76860046387492,950.28242492649997,608.70679473887503,614.51467895499991,624.72674560537507,966.421012878375
825.74541473387512,449.37015533450005,823.79752349862497,455.48770904537503,453.82758331299999,443.04054260249995,832.21813964837509,462.03367996225001,459.37972259512503,597.56938934325001,463.83342742925004,555.69391632075008,570.95754241949999,559.85106658949996,798.307373046875,572.09348297124995,474.82775497424996,807.937614440875,799.46986389149993,451.40769958474999,482.46807479849997,813.31759643562498,805.82576751712509,476.56711959824997,450.26887130750004,806.78450012200005,453.41530227650003,482.26562499975,440.61941909799998,810.54696655275006,805.79413604750005,444.15483093274997,453.97114944462498,458.51465988149999,820.31500244137499
890.66737365712493,527.28144836424997,893.25331115724998,534.62229919437505,536.79082489024995,522.11103057862499,892.1721801757501,534.19329071037509,538.34966278062507,690.79351043700001,547.68778991699992,648.86612701437502,658.92502593987501,654.02700805674999,866.28423309325012,659.06082153324996,536.97452545162503,881.52883911137496,868.86456298824999,532.17049407962497,560.7090454101251,879.97373199462504,872.79550170874995,564.52246093737494,529.41144561762508,879.03232574449999,537.68162536637499,578.11798095687504,520.35813140862501,881.11047363274997,879.65371704099994,524.75200653075001,536.32794189462493,541.01107025137503,888.85193634050006
805.60015869112499,414.52339172362497,802.02059936537501,421.26786422725002,419.49949264524997,410.09279251112503,802.9847335815,428.99859619149998,423.33578109749999,574.65297698999996,431.24331283574998,531.19957733162494,541.80982208249998,533.01959228524993,774.44798278799999,546.04402160637505,439.86265182475,786.24279785149997,776.08251190187502,420.53914642337497,446.77452087400002,794.54202270512496,781.46510314937495,455.05169677737501,413.87022781362498,786.07263183574992,428.96169280999999,457.29458618174999,407.52515029887502,789.91735076912494,783.97885131837506,413.71713638312502,421.45272827150001,426.74300765987499,796.51492309562491
952.85973358137494,595.90412902825005,969.51965332024997,605.7291030885001,604.65412139887508,587.97547912587504,967.880783081,598.07209014887496,603.72502136237506,762.58944702150006,606.53175354012501,724.17680358887492,731.98247528075001,735.98545074462504,939.57759094237508,741.61227416987504,595.59133148224987,951.934158325,944.09568786612499,594.53475952162501,615.13504028300008,941.18328094487492,948.902099609375,627.34658050550001,592.27197265612494,947.34445953374995,604.62722778312491,646.43807983425006,590.9866333007501,954.84572601324999,946.20924377437495,587.95804595949994,602.69249725350005,609.30790710450015,956.92350769049995
827.78079986575005,478.18903350812502,846.378173828125,491.23386764512503,480.73961257924998,469.24879455562495,841.01664733874998,480.48893356350004,489.37034606937499,606.853439331,497.041927337625,572.95228576662498,592.96836090074999,584.78907775874995,814.8694000242499,579.378868102875,483.49022293074995,826.21930694574996,825.20681762675008,483.22053909287501,485.89540100087504,823.60191345200008,824.12653350812502,492.77222442624998,481.47866439812503,828.57000732412507,481.400531768875,505.37000274650001,472.65602874749999,835.44885253887503,817.87191009512503,478.40178680425004,482.74313354499998,494.21641922000003,845.40785980224996
886.01393890400004,558.70639801025004,906.69902801500007,576.26292419449999,566.69255065912512,552.37362670900006,904.30586242674997,566.54076385487497,568.29175567624998,669.10069274912496,574.94989013662507,643.32437896750002,662.04196166999998,662.97483825687505,883.40582275375004,659.33160400399993,562.58842468262503,891.89299774162509,884.17282867425001,560.66825103749989,592.76200866700003,884.07975006099991,889.77708435062505,600.74651336650004,558.55720520025,894.18362426762496,580.59335327174995,617.54994201637498,557.16407775874995,899.9703216554999,881.88531494125004,555.48589324937495,569.81994628899997,575.19612884512503,904.68927001962504
865.361404419,528.84955596937493,887.03868103037507,550.02432250974994,535.88806915300006,524.90927886962504,883.99453735375005,536.84227752674997,539.00317382825006,653.980583190875,546.84039306649993,618.16021728524993,637.1787109375,631.709304809625,861.06664276137496,631.74834442137501,536.5811309815,872.27747344987495,862.50926208525004,530.04976654062511,556.62098693837504,862.04165649412494,867.54131317149995,564.79656982425013,533.51110839862508,872.80141448962502,542.43479919449999,577.38765716574994,527.80319976812495,876.18910217274993,857.51888275150009,530.68547058112495,537.06571960450003,544.59101867674997,882.46324920674999
765.4398651125,426.90249252312503,787.29708862312498,439.26341247562505,432.37374496462502,411.83544158912503,787.12436676012499,417.33086395250001,430.49935150137497,551.28926086437502,428.17559814449999,524.34745788587497,538.39559936525006,544.976318359375,772.47230529774993,537.70463562012503,424.62569808937496,778.22353363050001,775.502685546875,424.27205657962503,439.292339325125,768.00540161125002,777.86536407462495,438.93912887574999,424.60151672375002,779.44449615475003,432.98477935774997,454.51443862912504,417.480159759625,782.16461181637499,776.7673873901249,413.96278762825,432.24451446524995,437.220664978125,795.37778472900004
793.62825012224994,426.50993347174995,817.643028259125,439.66987228387501,435.48968505850002,419.907600402875,806.60554504387505,426.20729446425003,437.13821792624998,577.86720275874995,436.63129043574997,547.53584289550008,559.2690963744999,564.25868988037496,788.70588684074994,563.76679992662503,433.35434722912498,800.71251678475005,794.88768768312502,433.73633575450003,452.722244262625,787.61661529537503,797.32260131837506,458.07262802125001,428.73389816274999,796.67672729499998,446.82876586899999,475.02133178712495,423.919330597,799.10627746574994,794.92652130112492,422.93398666374998,442.12096405025,442.96697235112504,810.949951171875
742.46278381349998,389.15752792337503,756.22737884537491,404.90601348874998,399.402896881125,383.025016784625,752.95848083487499,387.85515975937506,401.39973068237498,529.63964080812502,399.01428222637503,498.25529098537504,510.63202667237499,514.83784484874991,743.95358276374998,510.21657943725006,392.24728393550004,754.52810668937502,746.71012115487497,395.79953002937498,417.61141586312499,738.15204620362499,746.21279144300001,416.49598312387502,395.37580871599999,751.60768127437495,404.09439468362496,434.85105514512497,387.80017471312499,747.18746948249998,745.3583221435,386.69882965074999,403.58334350587501,409.88568496712503,762.78868865949994
756.161865234375,397.46668624875002,773.77295684800004,412.45280838012502,404.98897933950002,390.19870376575,770.59363555887501,394.49842071525001,408.318885803375,542.32178497312498,404.29558563249998,507.11103439337501,521.79842376725003,528.53380584725005,754.39821624762499,522.85183715824996,402.03413009650001,765.19027709962495,760.56883239737499,405.20983886724997,419.83909225449997,750.9651489257501,762.43804168712495,426.62350082387502,400.28883361812501,766.06289672837499,412.483322143625,441.58853530887495,396.72891616837501,764.22757720937489,759.8192825317501,391.81064224237502,414.18494796749997,414.08097839375,772.36057281474996
816.44402313224998,485.92633819562502,845.81887817374991,502.5048065185,494.18835449224997,472.24369811999998,845.35023498550004,475.67925262462501,492.63751983637502,600.19508361812495,492.33267593387495,590.15808868399995,601.49329376225,603.19145965600001,822.441726684625,601.3128585815,477.1851234435,833.06044769287496,827.07383728037507,501.87398147574993,498.44344329837497,817.36537933349996,832.90436553962502,503.09321212775001,491.46086883562498,831.83396148675001,499.11251068125,534.90353393550004,482.26871871962499,835.73493194574996,829.40300750724998,482.19371414174998,499.00146102912504,502.44805526737503,853.49255371112508
780.72877502450001,437.71477508549998,807.94327545162503,459.08260726925005,447.046257019,426.97744369512498,805.63909149162509,431.40364837637503,450.80944824224997,569.06747436537512,446.10886764524997,542.86791229237497,556.99755859387506,560.18148803712506,791.99962615975005,556.76987457287498,436.063411712625,798.258056640875,793.48757171625005,443.63847732537499,459.63322067262504,787.50626373287491,795.45512390137503,454.01815795887501,450.06476593012502,796.40342712412496,454.54166793825004,480.84512329112499,432.34119033825004,798.6372604369999,792.00109863274997,437.58836746200001,442.43498229975,461.67234802237499,821.611930847125
916.08535003662496,551.86726379400011,942.73749542225005,574.75829315200008,564.43775939962507,542.21908569337506,945.99079132074996,543.93262481674992,563.34196472174995,710.86792755124998,563.24133300775009,689.00906372087502,692.46904754637501,703.65503692612492,923.88241577137501,701.81825256337504,539.06729125975005,932.23242950437498,919.67376708987501,561.93782806387503,569.53846740712504,917.75210571287494,932.76257324199992,573.77386474624996,558.65500640849996,929.28186798112506,566.02400970487497,615.07023620612495,545.408576965375,936.11776733400006,928.30641174325001,548.92964172362497,560.19155120849996,569.03443908700001,945.66760253912503
742.42592620862501,396.46120452874999,770.57535552987497,416.94083786012504,405.67646408087501,384.81924057012498,773.21784973137505,390.52650451649998,407.41950225837502,520.45504760737504,405.84943389875002,507.02293395999999,510.20433044437505,520.77593994149993,755.02498626712497,520.19618225099998,395.20023727412502,761.64320373537498,754.2531890867499,401.50738143924997,419.70997619625001,754.77322387699996,761.01422882087502,418.50926971449996,404.63471221924999,759.45709991450008,412.50186157237499,448.241558074875,389.70938491812501,769.67739868174999,762.28120422387497,396.72127532962503,402.56254196175001,414.43665695187497,781.0748062135001
957.90652465824996,637.80178070062493,994.58603668212504,652.60614013675001,651.428543090875,618.97164154050006,990.97331237799995,623.89954376225,648.60771179200003,765.80773925787503,640.41252136237495,756.35393524174992,767.96098327637503,765.28505706800001,968.97061920149997,775.78745269787498,623.140586853125,972.701904296875,965.17555236825001,657.71316528312502,649.32476043687507,960.67862701424997,977.18848419200003,646.95233154312507,643.04268646249989,972.019287109375,652.40021514912496,696.31588745112504,622.32542419412505,979.98678588862504,967.564453125,633.02004241937493,647.26001739499998,653.759880065875,992.41991424575008
836.71250152587504,504.89984130862501,870.76706695550001,521.42070770274995,513.28823089599996,495.20714187612498,867.39281463625002,491.05964279187504,519.34603881837506,617.86059570299994,512.85890197749995,599.47289276125002,617.10924530037505,613.55157470724998,849.20965576187496,614.58648681649993,493.62382888787499,853.55148315425004,845.54944610587506,523.36960601812495,516.83794403087495,838.52536773687495,853.20379638662507,516.83892440775003,515.556640625,852.45355987549999,520.37058639525003,549.28500366212506,500.59293746937499,858.99464416499995,847.40464782699996,503.89210891737497,517.76260757449995,531.14814758312502,870.43395996112508
755.51354980475003,412.01771545412498,784.74727630625,426.88956069950001,425.00961685175002,401.66311645512496,782.34913635275007,407.02549362175,423.19774246212501,529.45780181862506,417.00145721449996,513.16183853150005,524.73635864262496,520.1671218875,766.114631652875,521.78497314437493,405.00440216062498,772.77618408199999,765.62818908687507,433.11149978625002,428.17810440087499,762.24004364012501,770.30236816412503,428.75933074937501,428.49045562750001,773.95503997824994,439.33759689337501,466.24753952050003,407.23170852649997,780.74506378187493,764.87886047337497,415.50448608412501,424.24056625362499,437.09573745725004,787.4148483276249
949.78507995600012,594.53900909424999,977.85891723624991,611.12818908712507,605.92141723650002,587.18515014650006,978.32714080799997,585.11801910412498,608.933273315375,742.49774169912496,602.351188659625,714.92001342775006,726.76004028312502,724.86476898187493,954.91938018799999,727.67591857900004,583.15303802512494,963.01198577887499,948.60480499262508,614.04409027099996,616.44129943837504,946.80195617662503,959.67347717287498,617.22105407725007,603.08400726299999,959.77190399162498,612.28176116937493,653.77041625974994,589.55854797362508,965.87481689449999,957.11463165274995,592.83071136487501,602.29472351075003,618.99134063725,978.01018524162498
944.58350372312498,635.04294586187507,974.08705902099996,652.250617981,655.91930389412505,634.63178253174999,976.33950805674999,627.78934478762494,651.58445739750005,748.39205932612504,648.63780212412507,733.99009704600007,753.60688781737497,739.91761779787498,956.54293823224998,752.41814422612504,626.02663421637499,970.69926452637492,958.12021636949999,659.92031860350005,655.91918182375002,947.72781372062502,966.22579193112506,646.42347717300004,656.07003784187509,958.92989349362506,657.50827026349998,700.99353790262501,635.78172302237499,969.62194824225003,958.61594390875007,636.79669189474998,659.97682952875005,654.28370666475007,978.88150787350003
970.47531890837502,653.80659484862508,1010.65905761625,665.41606903087495,669.46258544912507,639.34409332287498,1011.0191040024999,639.59351348862492,668.41368103037507,785.94470214850003,661.69307708737506,769.87120819100005,788.606163025,781.21646118174999,985.97905731212495,801.26786041249989,640.331428527875,992.58938598625002,983.01153564437504,671.17091369637501,673.62498474112499,976.99539947512494,993.39146423324996,662.34854125975005,666.74794769287496,987.28258514424999,676.16658782975003,720.24142456024992,641.63837432874993,996.87591552799995,983.62097167975003,648.3929672239999,667.21878051762496,667.01731872562493,1006.5353851331249
856.30677032462495,522.12628173824999,882.63603973399995,545.16073608387501,546.05049133300008,525.39305877687502,882.79616546624993,516.64127349850003,547.56169891337504,638.86607360837502,543.15344238287503,627.43919372574999,639.95246124262496,633.83728027350003,864.36644744862497,640.40668487549999,522.52337646475007,878.76267242425001,859.11106109612501,551.36206054700006,553.07140350324994,859.88867187475012,871.17738342287498,545.85422515875007,547.13426208512499,866.38213348387501,549.35152435300006,595.39093017587504,524.61965942387496,879.82311248787505,871.87637329087499,530.20565795887501,547.18344879174992,544.88146209725005,879.18423461899999
804.62276458749989,473.213546753,834.93499755874996,491.659217834375,495.72839736924999,476.80748748775,833.05654144300001,468.69617080699999,501.13392639162498,590.77957916275,492.50516891487496,575.40863037124996,594.63956451437502,590.30939483649991,814.23747253424995,584.51421356212495,474.35651397712502,825.52657318124989,811.32339477537494,508.79719161987498,511.10120010374999,808.22637176524995,820.34883880612506,501.4007759095,496.14447021499996,815.85781097412507,519.61426544162498,578.54631805424992,476.09222412112501,824.93153381349998,818.154182434125,475.827457428,502.99001693712501,498.18173980699999,828.62623596212507
844.80307769775004,476.55751800537502,871.90592956549995,487.99551773062501,500.24679183962496,482.84876632687497,871.93994140625,475.61378860474997,502.04381942737496,627.2302474978751,505.80927276624999,618.56603240975005,634.15460205099998,620.48926544187498,846.80873107925004,700.60651397712502,481.24468994150004,869.49067687975003,815.60816192624998,510.940776825125,497.65512847887499,852.73876953125,863.05149841312505,496.47716522199994,501.32342910762503,854.92641448974996,510.30104827875005,544.90502929699994,484.56817626962498,868.31108093237503,862.756591796875,482.91013336175001,561.48091888424995,501.4392471315,864.44732666024993
956.05723571787496,610.06748199449999,994.98155212412507,622.82379913312502,625.57497406012499,609.26968383775011,996.85760498112495,603.82827758787494,630.72813415525002,761.65093994149993,625.78580474825003,744.53314208974996,766.38326263425006,754.558273315375,968.36355590812502,774.72260284437493,601.97972869862497,989.19061279300001,966.68831634512503,631.46720886237495,631.64392852774995,965.94565582287498,979.93270111087509,621.91001892074996,631.03746032712502,974.26309967037491,633.91472625712504,674.49869537349991,606.36198425287489,985.47731780999993,973.83783721912505,608.25312042225005,635.79755401600005,630.86128234850003,991.56659698487499
793.51717376712497,424.61099243174999,817.23801422112501,433.96685791024998,446.316932678125,433.21682739262496,818.16231536874989,425.28691482537499,449.89541625962499,574.90702819812498,451.56582641587499,561.17777252199994,573.45571136474996,564.85988616924999,791.75337219225003,577.78472137450001,426.56890869137499,817.91294097900004,793.056564331,456.18654632574999,449.37823486337498,800.41204833987501,808.19194793712495,443.970188140875,452.11149978649996,805.23174285899995,457.968532562375,488.59788131724997,431.45041656499995,815.14588928212493,806.28825378412512,432.95666503912503,460.56443023662496,449.40790939337501,808.27837371825001
786.48477935799997,422.81484985374999,813.65849304187509,433.92582702637503,439.20343017562499,425.59594345100004,817.90327453600003,419.16977691649998,440.11572647112496,566.85926818849998,442.11458206174996,550.27234649649995,565.96170806887494,612.41203308100012,790.84623718274997,578.02541351337504,423.253379821625,816.11406707774995,791.15498352062491,449.33589172337503,446.40571594250002,800.41334533712495,804.09290313712506,436.82549285887501,444.80053329462498,798.08087921125002,456.09731674199998,486.72847366337498,424.18647766112497,814.29827117925004,808.25098419187498,428.55966186512501,449.93302917462501,443.88198089587502,808.14004516587499
784.09346771237506,435.75642013575003,807.73663330087493,445.19588088987496,456.0264053345,437.961555481,809.02992248537498,429.10556030287501,456.23681640625,561.34022521987504,462.73432540887495,546.06643676750002,560.88629150375004,549.38357543949996,783.84317016599994,554.92127990712493,438.62454223637496,801.17264556874989,789.92115783675001,469.38980865487503,455.83451843262503,793.12889862062491,804.81479644762499,454.54008865349999,455.10985946674998,788.56629943837493,459.86782455450003,497.577674865625,437.46390151975004,799.15239715575001,798.77662658700001,437.187217712375,473.66152954112499,451.59136581412497,805.65822601324999
797.18090820324994,436.68148422224999,820.83945465074999,443.88353347762501,455.63389587412502,439.45340347299998,818.46495056162507,433.66189193712501,457.873020172125,582.28460693350007,468.69968795775003,569.18003082262499,579.12488555900006,563.9670944213749,798.62510681150002,572.14405059812498,438.810123443625,818.20244598362501,797.46726226825001,647.44210815425004,458.59268188499999,802.95347595237502,811.66347503650002,453.94652557387496,457.70837020862501,801.92776489250002,462.4846572875,501.60455703749994,439.30414199837503,810.82659912112501,808.08117675762503,436.79251098637496,127.66534900649999,454.41345596300005,814.03141021737497
781.71186065674999,417.69546127312503,805.64212036150002,427.68336868275003,436.50097656275,424.023063659625,801.62105560299995,415.416389465375,437.417263031125,561.21911621100003,447.43384551999998,541.40193176275,558.81352233887492,537.34449005112504,780.98180389387494,548.04830932599998,419.06262207049997,806.32450103775,787.70054626449996,448.65898132325003,440.53623580937494,791.81150817862499,799.94077301025004,441.88929367062497,443.49248504637501,789.23345184312507,444.27366638187505,484.397781372,421.91320800787497,795.76282501225,794.08537292487495,421.77873611462496,478.61853027350003,441.787185669,799.70139312724996
775.930984497125,407.16920471200001,799.03608703612497,416.52700805674999,425.44402313224998,412.26198577875005,789.86428832999991,404.14387893675001,431.34485626212495,551.08591461175001,438.96683883687501,534.39637756349998,550.35243225087504,528.85818481437491,771.98737335199996,540.39757537824994,413.83993148812499,796.98957061774991,776.27375793450005,439.72821426387497,431.47090148912503,779.67730712887499,789.91480255137503,430.19002914437499,430.42315673799999,779.91454315174997,431.57117843624997,474.50984191875,412.62336349475004,789.37570953374995,785.51217651374998,410.36624145512496,494.71052551262505,426.17216110212502,791.49638366699992
865.96269226062498,540.08515167237488,889.92057037362497,552.61359405512508,556.68349456787496,538.42316436750002,883.03762054449999,539.03089141837495,560.02690887450001,670.74549865737504,566.30828857425001,638.13911437987508,661.45095825187502,646.63333892824994,865.67759704599996,654.39569854725005,541.34051513662496,879.49051666275,873.393028259125,568.94268798849998,557.74209594724994,872.61953735337499,874.96053314225003,557.8125152586249,553.46689605712504,869.30947113037496,547.60683441150002,591.57916259749993,537.73741149900002,878.43118286137496,870.22307586662498,530.99909210199996,569.85813903824999,558.85147094724994,898.95433044437505
799.44133758549992,468.53273773174999,828.53961944549997,478.12649917612498,480.35772323612503,465.70418930062499,828.16552734375,465.011924743625,486.63129425049999,593.57793426512501,489.21238327050003,567.14694213862504,593.82859802250005,579.227859496875,801.42282104499998,586.58761596687509,466.23332595812502,820.27603149399999,810.58113098149988,492.08969116200001,484.46865081787502,814.04393768299997,818.37482452400002,480.35755157462501,483.08974075325,813.061767578125,481.03798294062506,521.28866577162501,461.70537185662499,823.71454620349994,811.19863891587499,463.28705978400001,491.33073043812499,481.90552520749998,834.70558929437493
786.86015319837497,440.73994445799997,811.30827331524995,454.34680557262499,453.888286590625,440.51148223862504,811.47456359862497,439.79715347287504,464.91989135762498,565.142654419,464.73590087887499,544.74571990974994,560.71690368650002,555.55693817137512,785.68815612799995,561.23036956775002,444.87388992299998,802.62625885012494,788.32588195787503,465.46059799212497,462.05996322637498,799.14914703375007,800.39679718000002,458.98100662224999,453.36854553212504,790.89262390124998,452.84000015262495,496.61241149900002,435.03047180187502,804.54541778575003,799.45210266137497,431.78086853024996,466.431255340625,454.89467620837502,818.49935913075001
783.00455474825003,426.07138443000002,808.47447967525,437.74526977537499,444.01252365125004,428.02940750137498,799.75438690199996,420.14207077012497,447.55251693712501,561.72537231449996,453.08917236324999,541.19692230224996,561.57897949212497,548.08382415774997,782.58525848387512,554.59757232662503,434.74361801137502,795.68346405025,785.49354553212493,455.2536239625,446.33756256125002,793.60405731187507,796.49388885512496,450.373561859125,438.38872528075001,785.768913269,444.44399642937503,478.78324890124998,426.29338836675004,796.26242065449992,796.05178832999991,419.32137298575003,455.95045852649997,439.40744400037499,807.16039276100003
838.56027221675004,506.03015136712503,868.51703643799999,519.86289978025002,525.55885314937507,503.65984344487504,867.61582946787507,508.09513092049997,528.35858154300001,625.85647583000002,529.3309097291251,612.28387451187496,624.60025787362497,622.43036651612499,840.0316085815,624.35238647475001,522.33342742925004,845.61019134524997,847.27235412599998,537.96458435062505,531.32355499275002,846.74533081062509,850.101600647125,527.345046997125,515.05418396000005,846.66771698000002,524.30131530749998,553.2525863646249,502.37375640862501,855.69776916499995,848.40474700937489,505.22028732287504,536.20542907724996,528.49176025387499,872.69605255112492
827.25510406500007,490.03624343875003,860.56857299812486,507.60006332399996,506.95053100587495,488.19081115699998,856.50289917012503,493.54127502437507,514.39146804812503,615.90769195537496,515.48964691162507,593.44245147712502,612.01090240475003,605.827674865875,831.821533203125,609.07456970225007,498.34048461924999,842.87567138662507,834.687820434375,516.23323059074994,517.60161590575001,837.37743377662503,839.16772460950006,509.82314300525002,506.280132293625,833.60618591299999,503.59757232674997,542.10484313962502,487.20149993887497,846.79026031500007,834.79567718499993,483.15922164912502,518.27841949449999,515.75657653799999,868.07540893550004
970.70806121825001,756.88710021937504,998.43367004437505,645.82287597662503,654.32124328612497,633.07942962637503,1002.5416717545,640.59541320799997,652.5119857786251,776.81705474837497,660.87609863274997,746.81143951412503,763.83511352549999,755.20522308362501,972.81145477287487,767.54434204112499,639.354866027875,982.40712738037496,977.69114685049999,656.74396514912496,664.26117706299999,978.52538299562502,980.88166809075005,662.79566955575001,647.34127807612504,977.88858032224994,655.32875061037498,691.97969055162503,633.10607910149997,990.85559082024997,974.23284149187498,633.15582275399993,661.53208923337502,654.53684997574999,1001.743186951875
866.35623931887494,587.09312820437503,895.1987915038751,527.40341186525006,537.75750732412507,514.02861404437499,893.51182556162507,516.46306228612502,537.30589294437505,648.722900390625,539.57157135,625.49178314224991,644.03163909912496,634.76966857912498,870.2214889526249,641.2579956054999,529.28524780287501,876.01531982425001,872.453727722125,543.53182983400006,538.80861663824999,875.91530609112499,874.81541442875005,538.18167877199994,529.60471344000007,867.83875274649995,533.22869110100009,570.557167053125,514.85876846299993,887.74829101549994,875.15858459474998,514.27404785149997,542.46610259999989,537.61956787112501,896.08970642087502
990.39005279549997,667.00322723387501,1018.61547088625,677.24050140387499,688.25288391124991,660.95588684100005,1026.4011688237501,671.35231018087507,687.25357818600003,788.91243743912491,686.031570434625,761.0974655151249,772.36923217800006,765.96042633062495,989.61641693112506,785.271598815875,675.08762359612501,999.28651428174999,996.42904663087495,685.940055847125,681.52012634275002,994.14020538312502,992.50839996324999,679.36039733887492,679.38096618650002,989.08699798575003,672.57303619387494,690.098518371625,651.79611206050004,1013.78870391875,991.15439605712504,661.065750121875,688.99839782712502,690.79530334474998,1023.79888153125
833.50576019275002,494.16089248662496,868.05153656025004,509.70556259162504,506.59362411525001,490.05037689187498,864.89923858625002,494.69658660887501,517.67310714724999,618.98529815662505,513.78644180312494,596.24210357662503,610.64943695074999,609.51309204099994,840.75694274900002,611.76540374750005,508.26671600362499,847.85175323499993,843.69115448000002,520.2855834961249,518.63541412349991,844.27436065674999,844.37600708025002,508.62709045412498,506.21451568612497,844.87049102800006,508.74077224737505,529.63751983649991,486.09957885749998,855.63449859637501,845.04389190687493,482.36675262425001,518.56423950187514,514.02045440687505,875.53999328612497
951.53355407724996,622.25933074950001,986.08314514162498,632.51056671125002,639.88122558575003,624.9852752685,990.75339508075001,626.41098785387499,641.47003936762496,767.93075561512501,641.12248992912498,734.08773040762503,743.699462890625,731.56228637700008,958.41767120362499,756.04568481437491,629.41100311275,970.05836486812495,961.09778594987506,647.07962799075005,659.20503234850003,961.96338653575003,958.03834533700001,657.67607879662501,638.31459808350007,960.2515945435,650.01661682137501,671.6162872315,621.71864318875009,976.07550811762496,958.14214324950001,618.78713989275002,651.50772857662503,650.03424835212502,979.90107727062502
785.76558685274995,438.67096710199996,820.31583404549997,454.556461334375,457.63479995737498,442.236366271875,813.55029296862494,439.60873413075001,464.67628479012501,569.51067352275004,461.90493011487501,545.70827484124993,552.45736694349989,553.40840911862495,791.64096832274993,563.04170989987506,459.59547805787497,798.17983245862501,791.60059356674992,466.89580535900001,476.33552551275,794.1517105103751,792.36930084212497,465.4638671875,458.38059997549999,787.59397888187493,464.48974990825002,483.51050567624998,435.15700531024999,803.54602050774997,795.71333312987508,432.16390991225001,466.28951644899996,473.05689239512503,821.37458801275
872.56799316387503,552.46352386487501,914.65361785887501,564.70285797137501,577.66268920912501,555.31731414787498,906.03910827624998,554.48735809337495,577.55406188962502,669.527946472125,574.4672088625,649.08763885487497,654.22988891612499,644.09729003899997,878.00601196287494,669.50601959237497,569.33650207487506,888.93120574950001,883.02416229262508,572.15758514424999,576.57328796375009,883.56825256362504,878.03788757325003,580.15402984612501,573.20507812512506,879.47419738775,570.62428283700001,590.02088165299995,542.83359527587493,897.17152404800004,872.14018249499998,547.63310241700003,585.13035583500005,580.74319458012496,907.17382049562502
1050.3607482900002,757.17052459725005,1086.3609466550001,763.34616088862504,764.85748291012499,737.25740051275011,1093.6340026849998,761.39435577387496,771.92547607425013,886.90602111812495,763.31387329099994,846.51528930662494,862.00739288337491,851.83988189699994,1042.52372741625,875.13728332512505,761.74855041499995,1057.15730285625,1056.6386260987501,768.37552642825005,758.86531829825003,1054.1261749275,1045.9856109637499,767.77427673337502,766.50841522225005,1048.5329589850001,752.01586151137496,776.15515136712497,735.34080505375005,1071.14208984375,1037.2885437012501,746.3759155273749,769.15986633300008,813.84714508062507,1090.3511199924999
810.52918243400006,475.31275176999998,849.22463226324999,485.79723358162499,496.36408233637502,476.19303131100003,844.50885009775004,474.61193847637503,501.2028808595,592.20939636237495,490.24396514900002,575.29724884012512,579.46678924549997,576.61345672612504,817.7399520875,598.83660888662507,488.78856277450001,829.89961242675008,819.77847290037494,485.96878433225004,495.45970535287501,824.93745422362497,820.13856506349998,495.69270706187501,493.46545410162497,818.86417388937502,493.52601623537498,502.26424026500001,458.641075134375,840.54912567124995,813.96065521225,469.1937179565,492.30364990250001,519.08477020274995,845.81237030037505
795.22580719012501,454.31108093274997,832.12203979500009,468.90677261350004,476.44629669200003,456.32942581174996,831.54194641100003,457.91537857062497,477.94958877562499,579.469688415625,470.42850494375,558.080940246625,566.84289550774997,563.96616363537498,800.44047546399997,581.27572631812495,470.61671066300005,814.05881500250007,809.24044036875,469.90965270999999,475.046272277875,807.02613067612504,803.51244354262508,482.22435760487497,474.87248992912498,807.3076934815,480.14031982437496,484.759700775125,443.86268615712498,823.22412872312509,800.99761199950001,450.41781234737505,474.97713470462503,126.801629066375,830.99832153324996
889.47045135500002,597.71184539800004,937.12298583975007,613.00571441637499,619.93193817150006,600.37677764887496,935.99794006337504,597.30254364012501,622.87637329075005,701.84901428212493,612.41876983637508,685.62804412850005,698.83326721200001,681.78790283212493,901.09674835200008,720.29937744112499,604.54186248775,904.01593017599998,906.20426177962497,613.97610473625002,613.89524078375007,903.47316741949999,903.98518371599994,619.74465179437493,614.58544921887506,903.66887664800004,619.93941497800006,630.01141357437496,581.17926025399993,912.15869140637506,893.86382293712495,589.76817321775002,619.76526641837495,604.79812622075008,926.88117218012508
865.339958190875,566.2005004882501,912.05811309825003,578.61575317375014,584.627571106,566.68758392312498,895.57910919200003,565.23724365237513,590.17635345449992,672.794807434125,584.39836883550004,657.26701354975,661.67375946037498,648.96183013937502,873.33270263687507,681.59240722662503,586.12108612049997,877.26062011725003,876.243408202875,582.68619537349991,590.74281311050004,878.42981719962495,872.63204193112506,590.30571746825001,588.62045288087506,871.00247192375002,581.08893585199996,595.32238769537491,546.77166748050001,887.36405181875,863.63763427749996,557.22772216812496,586.53138732900004,581.34228515637506,903.04775238050001
438.57463073725,110.52683162700001,440.90588378900003,112.11532783512499,114.44919490812501,111.680561065875,444.17127990712504,112.06227684012499,112.64868068712499,162.80222892762501,114.48626136787499,161.52313041687501,161.82557868962499,159.60797882075002,441.49849319449999,164.72580719012498,112.174772262625,444.86839294424999,443.55736541725003,114.06849479675,110.86701107024999,446.00313186637499,445.07531738274997,112.74551296224999,115.77821445475001,444.90699005124998,113.70874118787501,111.84025955212499,111.863554000875,444.94818878174999,444.95053100587501,111.970432281375,115.39415645587501,112.68881893162501,443.23878860462503
446.41836547850005,114.13487815862501,451.36220550550001,114.55585861212501,116.635704040375,114.835917472875,450.18630218500005,117.844055175625,115.078691482625,172.08843612662497,115.46253967275001,170.50847816462499,169.987567901625,170.94087219237502,453.21834182725001,170.41787147525,114.636962890625,455.32793045049999,450.21189498900003,117.378250122125,113.874601364125,453.59200286862506,455.53997039787498,114.028121948125,116.642967224125,452.640701294,115.35836410512499,116.30210018162501,115.008211135625,453.520725250125,452.23359680187502,116.739458084125,117.63198852537499,114.671518325875,451.82453918474999
994.15278625475003,726.41950225825008,1030.4138488775,743.21770477299992,750.64225769049995,733.56291961662498,1048.3433227525002,731.15106201162496,751.49631500250007,854.23067474362506,747.30490875250007,825.01670074462504,831.548713684125,817.5623092651249,1009.194129945,851.82552337637503,721.05201721187495,1015.1565017725,1016.95235443125,744.67468261725003,741.02304840074999,1011.285987855,1006.64085388125,740.77992248550004,744.04969787599998,1003.979026795,730.98048400887501,769.52996063237492,710.48856353762494,1015.851249695,1004.9112091070001,724.564826965375,761.97409057612504,738.72058868399995,1033.2345123300001
846.29949188224998,546.3815689088749,879.63850402825005,565.30744171150002,569.88909912100007,557.95687866224989,891.8236312864999,551.42074584962506,571.60377502437495,651.82590484624995,565.23493957512505,640.03834533700001,646.85811614987506,637.57028961187507,861.29788970949994,670.512374877875,548.18367767325003,866.44186401362504,861.19587707525,563.66708374012501,568.02788543700001,859.84417724612501,862.89904785149997,565.7711257935,566.44477844237508,861.14018249512492,565.25805664075006,584.11858367925004,533.18521118149999,868.30054473874998,857.33206939699994,541.39379119862497,569.6176147461249,553.86209106462502,878.00534820562507
802.52782440187502,485.28451156612499,831.65443420412498,508.6286354065,516.20380020137497,504.68431854262496,849.43873596187495,487.90467452999997,515.60449218762506,609.89351654049995,516.43109130862501,586.51969146725003,585.16475677487506,587.32604980462497,822.29089355462497,604.95213317887499,489.61614227287498,829.11968231212506,819.43540954599996,510.04271316525001,520.07073974624996,820.72453308112495,819.22787475600001,517.42634582525011,511.68656539925001,820.12715911862506,512.04677581775002,538.01832580562495,476.28973388687501,828.37422180175008,821.91169738775,488.9885902405,519.88691711412503,496.93782806399997,826.75160980237501
936.33133697512494,632.45633697512494,971.93035125724998,656.48316192612504,664.07118988025002,651.67022705087493,968.29954528799999,639.89752197262499,661.50724792487495,767.23294067400002,664.33717346187495,743.88305664074994,746.44273376475007,738.8525390625,957.51212310787503,781.19149780249995,629.24615478524993,962.56092834449998,951.58035278325008,651.62088012699996,668.63674163824999,956.10599517825005,955.774299621625,665.05906677249993,655.52243804925001,952.10762786862506,656.21298980712504,692.00751495362488,643.43869781499995,963.76683807375002,949.90625762937498,627.56386566150002,661.78048706062509,641.17921447750007,973.00132751462502
850.22429656987504,547.88562774649995,873.60431671137496,567.33657073974996,571.94833374025006,565.19084930424992,891.84302520762503,548.80348968500005,569.88690185550001,665.05202484137499,576.82431793237492,642.66292572024997,651.73790740974994,644.09272003187493,871.28433990474991,655.161170959375,545.02139282237499,868.87364196775002,874.90923309325001,569.00477600099998,566.06186676025004,867.12023925787503,873.23699951187496,557.96546173087506,557.49691772462506,863.07891082750007,558.89566802974991,595.03019714375,536.10941314675006,878.50723266599994,868.38842773424994,547.31309509262496,578.92974090587495,560.1813354492499,881.55369567875005
991.70284271237506,717.47615051262505,1023.5334701524999,730.61892700187502,731.86891174325001,717.55323028562498,1045.6054840100001,715.66851806637487,737.12440490724998,846.7823257447501,735.78726196299999,824.67128753650002,829.64367675774997,816.52481842025009,1009.7835083,841.68901824925001,710.58941650400004,1011.0860214237499,1019.4275131224999,728.71728515625,720.06153106687498,1012.8795852650001,1008.6585617075,724.26222991949999,726.15025329587502,1001.5316009527501,715.79104614237508,759.14022827137501,695.70333862287498,1019.7483901974999,1005.7629699710001,711.11466979974989,743.98928832999991,727.89965057375002,1031.2511901849998
947.95176696775002,667.83522796625005,981.93067932124995,682.2334594726251,691.88220214812509,685.45833587637503,1009.9405746462501,675.35106658924997,691.894363403125,798.02800750749998,693.67205810537507,771.702392578125,777.53016662599998,764.726394653375,972.3957901,797.08863067624998,662.06384277350003,975.58110809325012,978.749626159625,681.39450073249998,692.80139923087495,973.37416076649993,971.89745330799997,680.23870086662498,679.03755188000002,965.65623474112499,676.87200164787498,728.67774200450003,653.44158935550001,980.11354064950001,970.70315551725002,668.97164916987504,701.46212768550004,682.94096374512492,989.49296569812498
969.23195648199999,697.6573028565,1000.87256622175,709.25658416762496,714.38459777862499,700.43332672125007,1029.1001281725,696.16584014887508,719.76339721675004,821.76332092287498,717.735801696875,797.18043518075001,808.2266159057499,794.35594940174997,987.88021087662491,820.57149505625,685.28785705562495,993.11686706549995,997.74694824162498,711.87395477299992,705.32115936287505,992.3903274536251,990.79798889150004,712.19158172600009,702.64366149900002,983.43348693849998,703.24058532724996,744.97214508062507,678.47346496574994,997.38544464050005,989.9907836913751,692.71951293949996,726.21167755124998,708.65196990974994,1009.337509155
1204.8385009775,949.08974456800001,1229.5072937025002,962.80761718737494,963.56845855712504,953.38988494875002,1255.1327209475,960.06694030762492,962.80648040787503,1089.0524292012501,975.11177062987508,1058.2973480212499,1074.4954376225,1055.8535156237499,1221.7621917725,1076.0401763925001,934.89646148662496,1219.953323365,1236.3954162612499,972.51993560787503,943.30180358874998,1215.08114624,1225.8826751700001,945.3784713744999,954.16081237787512,1211.32106018125,935.76515960699999,979.92356872549999,935.764686584625,1231.3788299574999,1217.6336669912498,943.93644714362495,979.46852874762499,963.33335876474996,1244.08894348125
988.47974395762492,694.47280883787505,1014.7259674075,711.10440063500005,710.51419830324994,703.29650878899997,1038.9204254162498,693.96781158437489,715.34390258812505,832.42307281500007,721.09379577637503,806.03114318875009,815.31840515149997,802.59875488287503,1010.55569458125,819.60321807850005,695.51377105712504,1002.540184021375,1016.51211547875,720.61251831062498,706.95619201662498,1008.8295974749999,1011.10549926625,702.52163696299999,700.46141815187502,996.03010559100005,701.41233062724996,748.84744262674997,686.57103729250002,1016.03364563,1003.5028915410001,688.734489440875,718.89609527587504,706.58032989499998,1028.029548645
808.70841217062502,503.3284339905,838.46617889412505,524.02038574237497,519.10238647450001,523.95962524399999,847.50508880625,508.118869781125,525.05191040037505,640.17247772200005,535.958251953125,610.84944915787503,621.51731109625007,609.39133453375007,831.92681884774993,622.94847869875002,505.32385253887497,830.878097534375,837.96779632574999,535.69210052487495,524.08981323249998,826.64785003650002,835.77434539799992,524.9343795776249,524.53370666499995,824.59809875487497,515.63130950937489,558.06804656962504,497.90740203862504,835.76838684075005,828.91339111337493,499.00995635987499,535.62739562987497,519.96014404287507,843.92160797099996
461.194015502875,127.09208488474999,462.96505355812496,127.416683197,126.733681678625,128.75819396962498,467.13058090225002,126.91317844375,127.5155792235,175.3287944795,127.97210788724999,175.00709533687501,176.85632514962501,176.52868461612499,465.61017227175,179.205129623375,126.351552009375,466.089149475125,468.029861450125,129.63605403912501,122.79445075987499,467.99323654187504,469.02332687374997,126.63464832312501,127.65567493437501,468.85174560550001,125.27959728237499,127.96336174012499,127.405105590875,467.32265472400002,468.10966110212502,127.001153945875,129.23953533175001,248.25739955887502,467.31441116337498
1195.1882781975,968.7931594848751,1216.8804626475001,976.86883544937507,979.3805007935,970.58102416999998,1246.3755035412501,978.19030761712497,970.25958251962504,1099.3333129875,984.59320831312505,1074.6236114525,1076.3473053,1059.6701812762499,1218.7684478762501,1075.6551361074999,949.59040832525011,1209.9024353025,1219.0420074475001,983.44491577149995,958.68531036374998,1207.029190065,1209.06405639625,966.82176208487499,974.62236022950003,1196.5374755849998,958.37966918937502,1000.519508361125,965.76103210437498,1222.9734802225,1206.442489625,952.57408905025,994.32085418675001,982.07949829100005,1226.8158721949999
1007.45216369625,745.39248657224994,1035.2900390625,752.04239654537491,753.21702575662505,754.11179351800001,1056.4002990724998,745.39041137699996,749.60388946525006,874.07231903087495,757.42828369125004,842.96286010724998,859.21910858162505,842.21770477275004,1022.9052581774999,852.49054718012508,728.22754669187498,1029.7432327275001,1042.9350891137501,760.62499237062502,750.27072906500007,1018.9178848275001,1031.79864501875,751.31496429424999,749.17041778550004,1027.2602386487499,741.35430145249995,779.4296264648749,730.1572265625,1037.63986206,1022.4661102299999,725.69455718974996,768.53394317612492,749.56672668449994,1047.9298095700001
915.77822113025002,617.60376739499998,934.38499450687505,632.13665008537509,629.47482299812498,635.079063415625,962.23614501949999,623.96701812750007,628.84652709974989,747.67704772962497,634.65374755850007,724.08853912350003,736.03231811525006,726.24874115,932.33174133299997,727.33447265612494,610.25203704825003,928.81565856937505,942.3322372435,636.52268218987501,637.85923004150004,928.04110717762501,938.57849121087497,632.77984619137499,629.63336944574996,930.40764617900004,629.99665069575008,656.656211852875,611.14738464362495,947.13385772687502,932.40152740474991,601.94326782237499,642.07842254649995,630.34317016599994,948.55426025362499
465.73094558725001,133.014211654625,470.86837768562498,131.8656196595,132.95145797750001,132.43766975387501,472.55055618300003,132.08477878550002,132.08227348324999,182.81173706062498,131.21652984612501,179.42089080812502,180.61064910900001,178.97624969487501,470.51233291624999,182.04860115049999,132.51690101625002,470.196533203125,472.65977096562494,133.786672592,130.74458885175,474.36079788212498,475.06130981450002,129.25246906274998,134.99343299875,471.18406677237499,133.031750679,129.80322074899999,132.39340019225,472.49202728262497,473.4124832155,133.19283676137502,135.4522514345,134.36097908012499,471.62298202537499
1141.5940399174999,896.19330596924999,1155.1208953875,901.49617767337486,919.38782501237506,922.64568328862492,1191.4324646,909.03372955312511,902.01417541525007,1022.1696929950001,904.92298126237506,995.72050476075003,1002.0639648436249,985.15109252912498,1156.15083313125,1001.37250518825,881.03444671624993,1154.22978210625,1155.78086853125,895.50251007075008,910.35169219962506,1153.097351075,1157.9647216799999,903.18544769287496,909.53816986087497,1146.3653106699999,892.56564331062509,915.55808258062507,893.13517761237495,1160.6507415762499,1148.847183225,885.08182525624989,928.81015014637501,907.38608551012499,1171.9767608662501
976.65749359150004,689.865760803125,991.63836669912496,702.84498596187495,702.6396484375,710.90587615975005,1019.1998977675,700.40287017824994,697.21387481687498,817.86322021499996,704.64429473874998,798.61941528312502,799.22577667237499,786.64634704587502,994.96437072762501,799.98589324937507,682.4765090942501,983.11228942862499,995.46846771187506,704.62963104250002,708.24105072025009,994.89971923837493,989.57978820800008,704.94602203375007,702.82127380375005,976.38094329837509,702.4998168945001,724.86647796625005,689.67704772937509,1004.4796142587501,992.48825836187507,675.49713134750004,719.27083587637503,707.30413818374996,1000.9741897581249
1072.49546814,794.73413848887503,1089.9207305887501,803.45521545412498,813.35381317137501,820.53487396237506,1121.1784362799999,811.15232086162496,800.294677734375,929.173210144,811.23333740225007,913.209793090875,906.95540618900009,891.72806549075005,1099.1384277350001,909.36062622074996,784.82346344000007,1087.30198669375,1089.08479309125,802.13730621324999,813.32389831537512,1095.4134826649999,1090.2783203112499,815.57937622074996,812.42382049549997,1078.37898254375,802.44723510749998,830.86650085450003,792.50003051762496,1096.3034057599998,1090.2053833012501,784.63034820550001,827.84533691387492,812.64901733387501,1099.7355499275
1183.21636962875,919.26399993887503,1203.28855896,925.19709777824994,939.91146850587495,933.82090759287496,1235.1460571299999,931.83066558849998,927.90714263899997,1061.5552215575001,931.36605834962506,1039.71838379,1047.2128448487501,1022.0201873775,1202.0915527349998,1047.1653900137501,906.85540008525004,1195.6976165762499,1200.4562988287501,927.07229614237497,926.68025970462509,1191.8936157224998,1196.0941162112499,934.04468536387503,932.03356933587497,1185.6169586199999,923.08995819112499,950.59438323962502,927.83300018299997,1201.21282959,1199.30657959,908.41786956787496,955.17182159412505,932.85711669925001,1208.3903655999998
1304.48568725625,1116.4231719962499,1308.0533447262501,1096.944488525,1120.7813415525,951.81493759112504,1371.6776885975,1134.8251495362501,1103.4872436525002,1176.4321746824999,1078.3907928475001,1144.75579834,1146.3630676262501,1141.7413177500002,1286.4216766337499,1152.3228302,1073.20310974125,1291.9327087387501,1302.5514373775,1056.0341339112499,1043.6303710950001,1323.23222351,1298.75218200625,1089.395874025,1075.4086151125,1279.830078125,1024.2909088125,1044.9477233887501,1037.66584777875,1348.023757935,1307.7793731687502,1059.03904724125,1088.2824249262499,1073.93864440875,1333.42893981875
1247.2268066412501,1008.1569290175,1256.7396850600001,1011.35494232,1021.6046829212501,1009.2507629387501,1288.281051635,1014.4198303225,1011.3866958625,1138.4331512449999,1019.78210449375,1110.7017517100001,1118.3633117674999,1101.8028411862501,1258.971588135,1119.8311157212502,991.36524200437498,1253.5379943837499,1252.2340240475,1008.3708038325001,1001.1895065315,1248.8647613512499,1249.5336303700001,1000.195137023125,1011.1774139400001,1234.3338928225,983.46014404312496,1012.81258392375,1005.30070495625,1258.473220825,1248.7678833,996.67330169649995,1028.6759643549999,1013.5140914900001,1269.3182983412498
1423.1044921875,1191.2618560799999,1422.1605987550001,1181.8809204087499,1196.3642883299999,1210.14552307125,1457.1570739737499,1190.82800292875,1185.8823547362499,1309.1199493399999,1195.60649109,1273.84567260875,1264.2563476549999,1253.3942718512499,1406.2555542012501,1275.36311340375,1168.64137268125,1421.0363616925001,1404.8782501237499,1171.7509613024999,1159.9003295887501,1423.1905975350001,1410.8331146225,1174.8096313474998,1176.949172975,1394.3552551262499,1140.4521942137499,1175.5308227537498,1166.2231292725,1427.4202728275,1408.78903198375,1163.413391115,1198.3114166237501,1161.5102844225,1428.0327301037501
1124.5682678212502,859.67246246324999,1132.4781494137501,861.92737579337495,878.14177703874998,871.970382690375,1169.10205078125,865.41562652574999,864.01702880850007,979.08409118662507,866.66376495337499,953.04447937024997,953.65862274175004,939.32176971425008,1129.4646301262501,960.87210083012496,837.31225585949994,1135.0104217525,1134.9281158437502,851.81210327124995,869.21771240225007,1137.193862915,1137.19122314375,863.38437652574999,860.582145690875,1123.6809692375,850.06746673587509,872.42427825925006,848.302131652875,1141.8166656487501,1127.89662170375,841.74125671374998,882.31143951399997,855.55330657962509,1149.7105560300001

