279.24883986160904,4.5767143956672411,2.4638352309378515,445.79182698519156,1.4966251993980282,3.5491239683547433,3.3521088072861844,4.880414767583944,145.27302913939897,2.7319012455087548,3.6715417077553525,2.7471451796006066,2.396818799210696,2.4229566757646959,2.318557393649602,2.4887823978589432,2.1083319233006557,3.537569591228896,1.6029640636281688,2.255022567391483,3.0238321180678245,3.113513046638591,4.1967962124446583,162.3932236800421,3.6399953964815976,3.0641715602514323,2.3041370031584765,3.6389266002082468,1.6594323512877065,2.6491436613380666,3.5953278682660521,3.4123923168329093,3.7185274447588639,4.2896058356178033,2.7794746022666907
2.9161455168541206,2.6264400491808533,3.3250381981924715,2.9627927333105464,1.7112641328352578,2.3237245587515512,3.6261532624230335,3.6313783264033872,2.3443451907199409,3.1589015826506808,3.9352004378917669,3.1749309003185986,2.8645568509866841,3.4798287709180653,2.3042583499493747,2.3696856903357415,2.366147498403417,3.3025952842050743,104.26617586966833,4.0775944995809112,4.3653547836997957,3.3049339434677627,2.2065881412857209,2.1938239631379428,4.0109758504905484,3.2675819010208813,1.7888354092951679,2.7470508004898311,1.9620466578934284,2.0039201268604714,1.5061376161929294,3.6430853212599104,2.9441816626426873,2.6660358320191051,2.4993276670363791
3.6568352166068987,2.3872344937175356,2.1512594739179915,2.4418580679501312,3.7091293348119634,2.9200205287473375,9.0569266744786976,2.3723403505691225,166.01208136099024,1.8945074173563206,4.4094489285702352,1.7522375231795004,1.8945409570271179,1.6711322413563416,3.0811670662692028,3.2865671272591284,4.3673756335535741,2.3732739254144057,2.7150283386973109,2.8372995352107711,8.0291335598452296,2.5577696001269699,2.881126063985076,4.0330880698637408,3.9223449401492863,1.1275917872545609,8.4161667017241886,2.5927351462217794,2.3398225427129775,3.2025523978272141,2.8280113357757513,3.066042413648792,2.3436276578103041,2.4080042821052516,1.3732748379801052
2.9091996358494097,4.1894488702428534,1.3630580683954006,2.406154002019615,3.2194343727014285,3.2020845681631585,8.7121615749654566,4.2089683650294791,4.2124199099742032,3.0744457316801643,3.1832775342536017,3.2949260632118706,2.3773507012963493,3.4719909731196545,3.8259934823202109,3.4774690649093678,7.3590996834598661,3.3924725840532757,2.6357384822308574,1.6349175692959061,4.8160641569872409,2.4473176036556752,2.5262818225361041,2.5628816439042277,3.7443230822518685,2.951892025486595,3.0194351498425682,375.52004140837619,2.2147228857741443,2.3779729343316158,2.0299734782600276,2.6576484796433659,2.9498394734872488,2.855081338345574,3.4990107961464068
1.9671709035512888,3.6865387191734271,3.4679554463112137,1.8242888842792901,1.981373842852957,3.5453203024678008,3.8514921728631499,4.2241184996717545,5.3796503649301837,2.5220097591295225,2.6997246787077951,1.3356836861673289,1.9091187612664908,2.1791376011730703,2.8453189232613774,2.4074118942015268,2.4663556876334645,3.0200493480421176,4.2793522922609375,5.0964697383824937,5.0950759776514554,2.482013903254833,2.4970780932817229,3.554069550461032,3.9205624030730251,2.3197004463435169,3.6381654942232786,2.7248872381922045,2.8506356849571968,3.4099821037826419,2.281156812527096,2.6499269580235634,3.8578293776106563,3.925653639152888,2.8270227903081309
0.6281382180196825,2.8374882156394303,1.5491140497976346,3.1964105327075787,2.6820894144099268,2.8966428778731923,4.30827704645142,1.7004156167404714,3.6167637840251503,1.9426970311837946,3.4184671907657926,3.1642407863271944,2.6835448632140411,2.6756576575969198,2.5662981110405081,2.0703506339042108,3.1721578195320466,1.9071716580195146,2.2605804970001735,2.7041611548500564,2.830542152038626,2.702179540094261,2.8718132504089846,1.5012775434311769,3.7724372923458014,3.1289821834742417,7.4986852051464981,3.3346288274351119,2.5809272200798721,3.6406537935040313,2.3134789568232255,2.2677591083376227,4.2601513118753616,3.5743373568444512,2.2310167355566244
3.4472074114044302,4.1940747540045225,2.0876268795821353,3.1594878546602074,3.9196936587133355,2.9776464530121989,5.3025223982188718,3.890937691866478,3.9393701799373058,2.2646457652913012,2.6169248274329502,2.0913808617723069,1.8966218215891262,1.998266215274233,3.5154130423729693,1.9285423558648864,3.9967821916923811,2.2492679116431082,2.6083858071374828,2.2230499771236572,3.7695382341457666,1.8341466965832327,3.0201423576425594,3.5986178794658445,2.1941886798234251,2.4643574948117473,2.1423187255398535,4.5220015884486315,3.7911685976585177,1.0994880006488046,4.0133175334155098,1.7383355084482814,2.0895983475863353,3.6232301390051771,3.0120298805366987
3.0103409984008986,2.6285866847054185,2.1545718472735049,2.445659403675827,4.2313397329357141,2.9009093424343164,6.4456427642944094,4.5772250740763258,2.7566962553294605,2.4345610633266608,1.9176500686136426,2.5948721481503605,2.1475987780953454,1.8920707208759189,2.5967642065801755,2.7466278912668964,2.0027156148157665,1.571402995427724,2.0930065817959531,2.3554896930701674,4.743104591157242,1.8070128956578786,3.1854207869689279,3.5206268549815993,4.4947614086459851,3.0553650611145966,3.073834950461388,4.0792700950101493,2.4676192908105854,3.0201673212554532,2.9723781407723271,4.0594317259606756,4.0351765705005427,399.33286461786503,2.6707037472789081
2.9451328209196728,2.6702740452012677,1.8672050142631336,3.980582964044542,3.0410864675493237,1.2564975276342318,3.7849448234178769,3.8226673899586774,4.2758064672086382,2.3566329462224735,2.8564436691952513,1.0617745288594425,1.332185119817185,2.7532537986160412,1.9218345027715826,1.8512878324387092,2.5852552269846258,2.9522605879927766,2.2940907149538572,2.9958672291109365,2.2654539016541508,2.8299373899073075,3.5548197510827477,2.5882202350295573,2.9812917991054779,3.030512537086961,4.4582939436563125,4.3835148625955931,3.1753348844844833,2.3029203375526914,2.8839727845807603,3.8100590754105621,2.1086039568762009,2.9219989637140382,5.2441633916532888
2.2853997643527357,2.3717632777514193,3.1901948110095568,1.8414137757040803,3.7903590730491965,3.6759128863885158,6.4741144113387117,5.1035094443357742,3.5732912944829418,1.9201093043566497,3.3206293464400702,2.2062753501322465,1.845702802882262,1.6225327305334363,1.9039329066301542,2.2720893680747669,3.0921162495138756,3.700597601199286,2.5132968092298205,3.9749585602583384,2.5464345672250093,2.6907170971492103,2.5432788399088526,2.215578126333138,2.5646887522723749,2.8011789072163782,2.1315069490035299,2.1458017489652423,3.2712922339368125,3.0788428339325646,2.7723822404272216,4.6900335496809866,2.4730019752535632,4.3167423772081417,3.6204783384628718
2.6366679419249119,4.7963517985150492,3.863434441746088,3.9532151107491877,3.8339043765545133,2.6894069501003215,6.028450563092087,2.3181259510358627,2.7969743183963023,3.0028444867281685,2.6403059315815751,2.1330399911496563,2.25987597814441,2.4632111275392869,2.4945423276147172,1.5971379886550641,3.2306530224931946,3.0505179074572024,0.92198856419106623,1.1693231257433989,4.5435732645856115,2.4016621282950399,2.9270001967323376,2.7121115779583831,3.3520356054996348,5.3856195581747865,6.4760457837405445,1.7774297371506209,4.1863795990192099,1.6649450278778304,3.3205180539999555,4.7256713047303585,3.1453285581439037,3.8158583128038281,2.2506376819528091
2.1932731072909304,2.8506449500443507,2.1999060068079399,2.4498306103281235,3.4828816035821615,4.1872096477201968,4.332036537759568,2.2769585663773046,4.3418670669186028,2.4935904723491884,3.2582407687656576,2.1887014647021199,2.3226551796600265,2.8257786410376533,1.7795239948739341,2.0022577391142877,3.3100920649268581,3.9132541667871923,1.8860421126876514,4.01967110836644,3.5404260687964437,2.8388096157239935,2.5299319748499443,2.0401762322727022,3.7540012772750266,1.05144609469598,4.7752417853069726,1.9693189722639686,3.6270311762556542,2.7756215997989409,2.3423572459309789,1.5398624113504467,5.6576234757300563,2.3842979010043281,2.8163543259257939
2.463586133506658,2.2677698804956887,2.7785412213089948,4.528000293022842,2.2448777106410729,4.5602566173349519,2.6770533830611218,3.2599062843694342,2.6407727400731793,2.2888041062653026,2.845406997696927,3.1099032010261078,2.0638232973376307,2.6787744772696103,2.4171450055449211,1.9840435390772384,4.9080356233957865,4.3690924647309544,2.9431447241286155,4.2605341637909548,3.2632742347167882,2.2177474089352227,2.7335088025337018,1.6461896371325198,3.2388746209500678,3.7654589566543999,8.8501929707897684,5.8813642115415119,2.8016441336680447,2.1379657712334992,1.9236068542780453,3.072879576915728,3.008849745820688,2.8265540890403567,2.2175070919608184
1.79711673990957,3.9066666019233387,2.9269890889521633,3.2334629615769295,3.8125470179322472,2.4717361895983636,3.4880216303166987,2.5393969983918883,1.8002065267464409,2.4376675231074221,2.1561371925515203,2.0381231448346444,3.5069257530491185,2.7442445159280835,3.0392650953266434,2.3316199939129372,3.4263241943678731,2.8998077314141302,2.143550883532523,5.4642188395472111,2.5201738430668628,2.2762979276105924,4.1333551861832367,3.9522470447441669,3.1153892448673197,3.8125429585289492,5.6671012902002262,3.3817133755138493,4.5826822335335065,2.7917531993745164,3.7753557403580267,3.4337555069481507,2.8605443504878432,3.7853297759150042,3.5065859443562939
2.2283648536619296,2.5601302580619936,1.7847909607451233,3.267413622789936,2.023816385273014,0.85200978910673086,3.4213219997545563,2.4234997061146264,2.9977257721368136,2.3270248476694282,5.6058475700951007,1.729386231142896,1.3146018797580648,2.5557546843774932,3.4796876009336977,2.3329536662430947,2.522375541160804,2.0231275427685333,3.4165728244711873,3.5716380057301937,2.0867727637632831,2.1343410282851534,3.3614803578122809,1.9782190408938423,2.7372129255260487,3.882498580633281,3.5828053176624044,6.7323653901541141,3.8019550883841315,2.868785222892773,3.0566937531595366,2.9113015833071993,2.1878020609690769,3.7156845934415674,2.2720214583166123
2.2076282365467237,2.2441346416625509,1.6950790566673077,3.9113042674682914,4.221337426696973,2.684873595918071,4.4795322369538795,1.9596909006443364,2.6936959380851651,2.4175516418389096,3.5468294496603598,1.9655045503980382,2.6696161082613048,2.9056144053347999,2.1401986766842227,1.5926450919625299,3.6004946352652696,3.7660872202283953,1.8395577410587567,3.6613777270205969,1.6766713834869882,2.8768924447645721,2.9800864891691035,3.0133312591561534,2.7778605184914733,3.4069254832733997,4.4515791787739714,1.9551228730882482,1.9806575371994199,2.0657288079030347,1.6515681678225518,2.9661893589703516,4.9540887390093413,3.8232942315281986,2.3776185176986058
2.7834429965978078,3.0989532157544275,2.1852279483002839,2.2288670345259081,3.359641391152878,3.3989426174991313,3.7700678687874927,3.6930290285622669,4.6284033464611198,1.5812893146663933,3.9624627628000111,2.1917693079684266,1.5577798788209125,2.0598923975584245,3.5306614630153956,1.6455354897123309,3.1227196999310465,3.0685033709394709,1.925315009636112,4.026494549248584,3.3705811792781186,1.8869177066715848,2.435144788173806,1.7770529311547687,2.7639013272948976,3.6400488377956721,6.1178439663394473,3.6022177833449742,3.2193029098787407,2.5496325092261496,3.2320597650421568,4.2750556663971473,4.9324841422248484,3.965286836110423,2.0560271985656629
2.854452497071351,2.4617673368900896,2.0089491838706852,3.3437842854227822,3.4247069995364172,4.1347598569670403,3.7388055752465452,3.6597387924146259,3.7370926229903039,3.3705067846255812,2.4438825930142283,2.1475395776469006,3.1028870872845951,1.6014918101719917,2.9607492581779322,1.9117119734278087,4.5352811307297385,2.5431555709261402,2.2362662447157411,3.9749059891813081,2.3405094618776991,2.4532194326155095,3.1295964614582918,2.8309119849553843,4.4207203275777598,1.7119708758970817,5.688489897243584,3.3998436751323822,3.2433237876081678,2.7283969279148437,1.3803407204023281,2.2444699704200612,3.5774030394761458,1.732526645421177,2.4911641073451749
2.6094507785689611,1.9186817171061072,2.847433225975629,2.9478380959496175,2.9899907845999354,2.5851071035077333,4.4228456718501059,3.1159243446477483,2.28191447274558,2.2124167298084809,3.3120770972397806,1.7077898784059269,2.102762376764947,1.8046310231166933,3.2545207209285412,2.237732306551552,3.6691687418733707,1.0564388435864305,4.2566175248018174,3.8305234222155273,4.1680043272902338,3.0414041250778534,2.3898244125739234,2.7096031013852144,2.3050178815672373,1.9447724538064519,2.7063436260729574,4.0896519411865295,3.8325267227252473,2.9667022140560269,2.8930833684917645,5.3349357275778395,3.1436754580712085,3.2132391897913202,3.5785083031468217
1.6894381384016521,3.8173856871262402,2.2639849956896385,4.1735629387745483,3.0569417728459714,3.9567506071208216,4.2531212031137064,2.4507903554807138,3.2112053025392018,2.5254131595149647,4.336146318509007,2.8408746851515612,2.0210050690385852,1.0732773337091344,2.1237293833863551,1.5935055156252995,3.7448057067328455,2.8417919923624217,3.8888847557394182,2.8780625836133815,3.6710765397223217,2.3736565207103952,3.7535065232149312,2.4632383099175428,2.7472091412964423,3.1112987898296272,3.2671248541789537,6.5727639697318683,2.8518156698872348,3.2253141789327064,1.8330025412282669,3.0372886244232764,1.964400328487635,3.6447303090582546,3.1817933389325059
2.6591804156696539,2.8757408373692779,1.402294006924689,2.7540076101049014,3.1675263612420936,3.8424204079172268,2.8952890591704241,3.8212392138789637,3.6024633854425363,2.5919886319375456,1.4546397269241129,3.0174615125878512,3.5152332050948094,3.1241710184540588,1.3664523470725731,2.5641244609773186,2.6507609076285017,3.4437452016828378,2.3808657535067965,3.3775802665667887,4.4180618178827826,2.2597445406931556,1.9739604454189073,4.036249430389736,2.9751945316133233,3.4658368128733561,4.2991319654380602,4.1763384001884898,3.5783484820075997,3.1884637225187054,2.7148221110823352,3.2188454790881997,3.5405653831211166,2.9268591278322105,3.503965792333021
2.3278163019651243,3.3229983395065235,2.5916997402192625,2.9167254444433652,3.120652050593701,2.3768602393187144,2.9922530336270037,3.7577630977699812,1.3159409368007209,1.2945626591414965,3.6506425386569799,2.2837442386248337,3.2298596898791665,1.6159926635506219,1.8099976445204258,2.3351479346574617,2.8764205324075935,3.1406392472056108,1.7258716648933838,2.6045301782701449,5.5130966749848698,2.1861803974332963,2.6331698724420805,4.9454060417591137,2.275742610294059,3.2158200047846317,3.481708732129424,2.7929086503798226,3.4107448196589001,2.7517796165449275,2.7518073773379306,3.6651697462790795,4.014027558623515,2.9174875766288197,2.3678762261623074
1.9998339224934889,3.4235435213051866,3.2674429904412721,4.3565953639657389,2.6427173452436867,3.1534347497189508,2.6830351462416031,5.2224042144202398,2.5082498351668505,3.0961448922218069,4.2232465313463221,2.9611671812538738,2.6788715970461476,2.0756411919067026,2.3325352413778346,2.1697986510385325,2.8673514716428095,2.0693858316182578,2.4427995944931196,3.0729271964638203,1.727364780067103,1.7458942000023698,3.5161331583829512,2.1302585097867417,4.2909940882638082,3.4924148536675501,3.617126874491424,4.2164776842551284,3.3020788082181745,2.0980157434811115,2.6688087735824206,2.647929309445848,4.4384720121053354,3.0439253198568652,1.5726696663999302
2.8137515690266026,2.7331466548240249,2.8975038908343498,2.3405044920823226,2.8579876454534481,2.4872418435052963,2.6647445054899239,2.3018801926478987,2.7335831508898112,3.086565281534547,2.922413053811721,2.5418019523426896,2.738136749433786,2.2578885788546623,1.668737253546571,3.0499226791581235,3.9882491406861251,2.7589325650569654,2.2512426014745079,2.3448086548500422,7.5249368530035454,3.5405475204353003,1.4596045923285155,3.4515532565813358,2.4020214741348731,2.3344096930472853,3.3838373049829107,4.2038659792226527,2.9413792804985186,3.5498567069826552,1.5897621206342241,4.1399977108007722,2.6611300675366665,1.2299722802100965,3.1027995290276817
2.7616782229355734,4.0526561916671673,1.7286182821842455,2.6798185755457316,2.8229550458759163,3.0256195748902464,5.6318100443421422,2.8085753327642888,5.4503635182811578,2.2399541288420699,2.9863249024890077,1.8523037169583079,2.9744859281542433,2.1792649517577063,1.9587578295017876,2.7354215305504361,3.627207926928087,2.3490149607878341,3.3593155220520097,2.9064501685541755,3.4406211919848579,2.1140318068554471,3.9164870662778868,2.5882907747832458,2.7905926878038954,3.0972014279021187,3.8518790663063744,2.8498553010885215,3.1591031538086343,2.7264473238574385,4.5305104523737123,2.4007288177375501,4.6807181462324499,4.2282231551612339,2.0538877850358146
2.1923069965734232,3.3463445848592386,2.4912383264945035,3.3299059479100221,3.6583175038618219,3.8108286934192814,6.0586352405663035,3.0938701393479233,3.1961232410296869,2.5873973358800684,3.8113818738947196,2.870877401544409,1.4322884334894364,3.029226780044298,3.9191754232247122,1.501724599580434,0.93594038002077873,1.1330612890217904,1.8166730010560119,3.264210303323225,5.9466509802453089,2.5483150664962571,4.2155579186571295,1.842326614146506,2.1375697945825287,2.8819755046738558,5.4647591980563499,4.0986936736342701,3.1995698751736472,3.5361837997534149,1.749167395724696,3.3076293775992722,3.5060704799249147,2.1048151164278304,3.7937010071578556
4.0814576936721636,3.5823232144036647,3.2669622848624051,2.1579784392667358,3.2682807182112814,3.5767719483144309,2.7437480549700339,1.6674400605804609,4.1834538809619017,2.789796157615489,3.4526641747465732,2.5403494931280068,2.1807331857881298,3.3133429173987259,2.1414057279095133,1.8360326222914094,3.357538956722991,2.0893773326403333,2.4337016546898549,2.4710977427322489,6.4283942840812687,3.1998755394492142,1.6834537552962201,2.7447531199523101,3.5586825623275424,3.4187434688331435,4.6518683526301992,1.9673790923827181,2.5201886220226943,4.5034950001241372,2.4162944403231017,3.1103929580291494,3.3747545232640261,3.0480591924698111,2.6811497212334783
3.4921999310797078,3.4595965026810633,3.0437504600624616,2.4584563156214227,2.5522483893462997,3.6572723698884073,8.5610454773184017,3.4305365168885449,2.8666017252245348,2.7673767707362571,2.3689883874416657,2.9699844252793071,2.7112428426092445,2.9606473353623923,2.2990154239549963,3.2139878742146881,2.2270896443624881,2.9458770424846739,3.3233819397439808,3.8647219580154748,8.12272428073741,2.8862689698247008,3.2549576377090741,2.0067744604192423,4.3370821233553887,1.7274437422981472,2.1948718519020698,2.9351561407468383,3.4357470770959111,2.6137988457496659,2.7955439684331136,2.7306853924229659,3.3378388236701535,2.8659913741469523,3.2970260431121297
1.3516884673850891,3.1112023375485851,2.4776024559184955,4.2486215903713571,3.4783465760444647,3.5840986658949165,4.1528413153946158,4.2650726756537951,2.9872836120971291,2.6705020374977302,2.3654442764926791,2.2138645385923361,2.5322929954014608,2.7343667187327942,2.4462527218373311,2.1371660325312933,2.3686287384985674,3.0338711734205841,2.8425139741919683,3.0810273868815918,3.8111178684503422,2.7912852812864144,3.5357726027117518,2.4369845076843881,2.1102920541959191,1.7281955541300962,3.1784414458477519,2.2268793898805077,2.8373590861500095,2.0199374966358867,1.7885891894477872,2.5618728004889748,3.6758021441024238,3.2547955687368306,1.6112674306366925
3.1000827400406097,3.8480313284639158,2.4325856204860132,4.327129080157154,2.2803999279292411,2.5693535451948111,6.5084362806670599,5.0011859178665139,3.4886206644576747,1.6979685040248667,2.6439930241756655,1.7590248915705824,2.5236010605302148,2.1220283693095667,2.6574386011849014,1.9104906295156547,3.5662424685365015,2.3433979207188353,1.4307216847194346,3.1355027556153279,3.874073429466717,1.5059923586744097,2.1032272356661923,2.1579921116399832,3.108758627528414,2.3760839058553453,4.0807413537896737,2.1490276053012365,3.6390645519089508,3.3214435676774721,3.6556025019243354,3.0724603564171238,1.3648801957819194,2.9744116260033318,2.4928182806362678
2.1616719510346809,1.6906680558724696,2.2082766904247904,6.373688539646154,3.6004450999438644,1.5243454958197566,4.8604636294184829,2.898541930456215,2.6847912946420873,1.6871985979202053,3.0343712260382083,2.9622354436029683,1.5969481132499552,1.6991137491531159,3.8683392850747147,2.4855136111770668,2.3834446526315478,3.6286130719928953,3.0090294091266152,1.5493940514276083,1.793460856791588,1.8009096595692593,2.1139598728686892,4.2188982195824005,4.8656459320568421,2.2420948304515473,3.109412956956219,3.9682378817734518,3.9495805355095555,2.4217922611114693,2.3349160932783817,4.8427040252822522,3.6943901981111109,5.4643152731169247,2.1992070834024977
4.1587278599381161,2.4801699611275514,1.7815067885904852,3.270781197659419,4.2573201105646419,3.0297275645878834,4.7135354772740028,2.742879495435278,1.8351073127603559,1.6457638956092866,2.3572535227293092,2.6805278713837644,2.9123757435112045,2.5059440332288561,3.1050023404627938,2.3031115757753775,3.940380416368805,3.052821515168211,3.9835977882485434,2.7424221474496622,3.7011493329289427,2.3624500659023742,1.493150554818478,3.5863291932959758,3.4111879465646702,2.5687605898643548,3.4738100362785831,2.8385460881618694,3.9036745112171762,3.1869908240504614,2.8999307786611723,2.9235679910595902,4.5157297486735182,1.6571072427784115,1.2281745111711195
2.050271750054133,2.2204350868250682,3.0729194718665438,2.4022842556781701,2.0617798659213347,5.0466664843068729,4.8090311061692965,3.197733001695243,1.932782856949752,2.4383407663412431,2.5622858721989479,2.445409999552687,2.417531789073581,2.9001636471205097,2.6424769242961132,3.3894927100785455,2.4428870368358746,1.7053435975317595,2.8427700691367965,3.85261259254233,4.3962340144436007,3.0611764934587375,3.9128475538289869,2.8301675892143074,3.5751316601209142,1.0990624033724694,3.6738255401365945,5.6539077306681369,2.9957509715167632,3.2431655404587936,1.8209043740543664,3.0262413662007046,3.3304356263451331,2.7368021545261776,3.7678036549905256
3.0616500217980929,3.2732624566498401,2.765201911281185,2.9063469077745241,3.4852724609140684,4.645316419047516,5.8708066558367333,2.8725025098103942,2.7191524565547005,3.3290262604814598,3.028744799624802,4.0180118556917233,2.8693604683918155,2.2986018133834003,1.6480972381625492,1.948916663586618,2.9123378187178917,3.7493923399408717,2.5137612255496569,3.7540841121321407,2.0437033512863128,2.0246352209166041,3.405050403988759,3.1473261653347593,2.968866751228135,2.0701580381290148,6.4178127158906477,2.1767391476445996,4.0189278286597503,3.5143793860349466,1.7183834239508444,4.2849753249754814,3.8974241801943781,2.4607321404767428,1.2455642542155909
1.5814817467204725,2.1852970932031064,2.8354863722511245,3.1610088183472254,3.5697918599851191,3.7361585428064732,4.0534326814235939,3.8286704677907815,3.2421011584075305,2.2805021747411058,4.80399413197049,1.5792286071691897,2.7497154651222404,1.3407195433296388,2.8492548841037095,2.0206006911092085,1.5333448777315632,2.1286986655949054,2.3992855451429604,3.9764048234324614,4.4151067346030155,2.7817987696660418,2.552233709178366,4.1248143774724442,1.9426102971875097,1.6053150406838341,3.2753528258428175,6.5257466200620495,3.0693316221222227,2.2003845680094081,3.4787446685102745,3.4594296700476148,3.9474515020641769,3.0444136308778993,2.4445245260370685
2.59937195227758,4.9979676793598982,2.6845024835697573,3.793312195509849,2.0740808857120618,2.7427664838010171,2.5228944015960879,4.1631297838035355,2.8838404957945691,2.8656098136775938,4.7911190955927365,2.8749707774942621,3.1804283082676061,1.6927390065264813,1.6763737081237573,2.4083624513082977,3.0780141479996508,2.5005529222891054,2.7251127761945044,4.1015502905633676,4.1111895641014193,2.9531936545524737,2.044686252477983,2.8418435728284877,4.8154020249582823,2.5604711623531258,7.7536123742533425,6.3959116309775608,1.6967309600401015,3.0519800432034874,2.7859476128080112,3.2221042208602557,2.6652351363406352,3.7288892641554239,2.5953658176432386
1.6447357471452753,3.0238271205214398,3.6763178273323418,1.9984165004737986,3.3178175060552189,2.2567298941410567,4.8903853477678219,2.5293525029158226,3.1798619920112783,1.7633356009488961,2.8707994412282898,2.4949272371596241,3.1454815474717441,3.5402594439826762,3.9303083302368971,2.593175771109514,3.0541685033547532,2.9343487780215107,2.4633073330925312,3.1701032163925982,7.7064348922637196,3.416006934092052,2.5597333630330081,2.6022483698804848,3.8131078352673322,2.8213689929423613,4.0975525719183779,1.7164296368393435,2.4872009514103848,1.804192998691821,2.3299317505845121,3.3488141543712673,3.3919159477971159,4.3442349437381198,2.8078169963017383
1.8173388165893978,3.3164926346259991,2.0851999198066116,3.7467545337472097,2.7249895630406025,3.5983165429094477,3.6039713953097743,4.2142811285287092,1.7798363776320343,0.88921608489918036,3.6837538609803397,2.1072496580765332,2.1848305191236355,2.2020017590312491,2.0855483278266282,1.622066746734798,3.0544517181594544,1.8822671728556646,2.5138542507799393,2.244372598169734,3.8454459490341359,3.0000884584770997,2.1713267808165888,2.7217534324403623,2.3022865446899856,2.1185032714778314,3.066676534532097,2.8997623527940348,2.6269821879028759,3.6535953824432204,2.8751970837092924,2.5218462053677468,3.4562193261465382,4.2139591862714356,1.8882219025293492
1.6366924259951809,2.4822334486578503,3.1210123552770814,1.5532569433571211,3.8633108296324559,3.3343884598149636,4.679947243311668,3.470952482792717,5.3236574474970064,3.537150703283606,2.935894460420847,2.0588094689720307,2.2237589241770359,1.6116337306235928,2.8947868862624668,1.8946248354530775,3.5546330495213212,2.1235249616688328,3.7796208079003457,2.4965594061304754,9.2847563015583852,3.2574217008005117,3.3149064138231163,2.0612601425116952,4.3989618569938607,2.7201976788834625,3.4255792648481838,3.547117811463651,2.279129358192225,2.6522017118084005,2.3798447574362189,4.1137862647054186,3.0584635209274271,3.557937039103809,4.4953812371442696
2.296798025278763,3.394176436716863,3.2002884585880738,2.6429088246012991,3.3128717765818858,1.7321992516072404,2.0709821121396366,3.3915005425089513,3.3664187298472168,1.9709206676968882,1.5293304890973189,1.2065229589082862,2.70043844531624,1.9288764699499088,2.0879452830593719,1.8481105343145288,4.0993646472424263,1.0633960883532245,3.0613634111363321,3.2613530207908323,2.728676089167859,2.2204363334578034,1.7196448819804597,2.3114306763822521,3.5386506799495967,2.509634519677364,3.3716041160313748,5.349889689270495,1.9757724360646283,2.9664119323533678,2.3690821333648264,4.0679659709522928,1.8107150653159909,3.3162189908369006,3.1809385998032429
1.5217605006890855,3.5375686375908408,1.7804142785913877,2.4037590255325667,3.3090023988933757,2.3862676661426341,4.8845759956462445,4.9572471608858377,1.675789945895974,1.8117975374133515,3.166996834385392,2.9155090625341358,2.2190187061451292,1.2515535637738262,1.8810312125517454,2.8898008130332578,2.3225009744592442,2.9825712412608736,2.1076765834887237,3.4241662556264045,4.1514587488339068,4.0281050837347276,1.9287794824429281,3.9141408222258729,4.6687161291010435,3.2059809027384891,6.6656253623433228,3.1420120151060522,1.6781754956601136,2.7634625007601334,5.1776164245615934,2.8169872829076374,2.6080811538339441,3.2350354587180687,1.8532212476302725
2.1407451424178192,4.0961426312474361,3.259739350410896,2.5556851846444979,3.199563389232404,2.146098876760326,2.9566242573500796,3.5129635874212992,3.130599314994706,1.4580827458780423,2.7140818051957685,3.0602480138847201,3.0713798846105131,2.3213622160049527,2.1820390156851346,3.0419746501413303,2.7172264098989518,2.1449603772748835,1.7796567898393127,5.3776107610439157,3.2503277789537668,3.0310517088185902,2.6575918953568234,3.1567905849560507,3.1216712778624687,4.0853815353305327,4.407994858152593,2.9771795008610602,3.7943075131361592,2.791051587697694,0.75454401156255635,3.5668794208397196,4.0683534032889943,1.971368874201695,2.3091288790124467
3.3546301792384021,3.7638914536058974,2.6267905499526618,4.2563336681248787,3.994135873168001,2.3901464943253874,3.7271891633632661,2.29089410860405,3.6748649601630894,1.7257620482508078,3.1587583188035593,2.1312494906618689,3.0510170444932343,2.62171232749224,1.7887474325430097,0.9583661826527432,3.0322916633774759,4.6864040108948446,2.3972980468759433,3.515565890399774,7.3370287488757775,2.7272285360770585,2.7561695141367024,2.8887883553668088,3.3118671886771223,4.7041249930419005,4.0276315524311546,2.8824246460206533,2.6029453852850644,3.483489911198459,1.8260560517856803,2.551954955550809,3.7399305471158049,1.930366474859927,2.4330603181725934
2.6890135658932022,3.9187930704022351,2.8090351301455025,1.8527571872819633,3.69806452670481,2.2847168817465273,2.8437634115868584,3.7748090795307401,1.7140476132443563,2.5418013377744284,1.0968814019396083,1.8438240366663383,3.0448774971833368,2.373768847327848,2.1120740692504225,1.854414774094487,3.6138707874943972,2.8247920513265647,4.1438272580426219,2.2882329224191684,2.718036390640644,1.8301740389490131,2.0291083089253483,2.2665613695884188,3.8693337715982561,3.10257720585598,8.2011352415908298,3.3448036211567822,3.3422924993732357,2.4424345549595352,1.7093940064091242,2.0112178596626578,2.4144209662270453,1.8563664496038583,3.9585316751870878
2.3832299271859507,4.8313165990262181,3.1135566340014353,2.2459481098800693,3.162029663362032,4.771019011942113,3.4597534599783715,3.1819446644685714,3.4131535710951311,3.2944204660923049,2.3803420256832903,1.7449536876526826,2.1659136055152048,2.8178998098446266,3.443881118432377,1.406152316264152,3.0801073061944533,2.8134184413459451,3.9988597755607298,2.8948072144809043,3.0230122193144484,3.3274031044353287,3.7003470024298712,4.8317948838595797,2.3107259388779453,1.8399984259230944,4.4810336638725854,2.5890725504847243,4.1245945557705213,3.7257155717205146,3.1878161078280818,3.1388654612337543,4.2625501956098297,1.8231710556098546,3.2536826557517808
2.6595389003259555,3.6094543819615508,1.4232490387130194,3.610384691041721,2.2683673682903711,3.2226796106120488,7.2733322325660854,2.6265471606896211,4.8951090592348327,1.7568460973243163,2.8944490735366433,3.1517013349691867,2.8668522364491089,1.8937449998806251,2.3930001863110344,1.4332588397343298,2.9703838375975127,2.9474502800112612,1.365956313744781,4.1110070263943701,2.6320904958866769,2.6270262567991565,2.6536546972328114,2.064335031585899,3.2520485017155214,1.7635655419546228,3.9200993092434149,4.1036414398116037,3.8366325201945468,2.6988740607260024,4.6249779543155505,2.7012679234642594,4.2028313470989733,3.4305197031640686,2.1989779928373423
1.4555820398063712,3.9409113279008046,2.0966101597039914,3.0643965577716914,2.4279126270080522,1.4900212888662565,6.0945817104055351,3.2290636525255403,1.1547703868452408,1.8792235766183072,3.0920880478799102,2.1485318068782746,2.0278211386755509,2.8436944190762734,1.6627331609491944,3.2031696078297101,3.135313053856521,1.8896190392726246,3.6630466809689537,2.5022924270754237,5.3436775095546603,3.154536567159381,3.3692466554338338,4.2334975999445277,3.9164433852038933,3.0108961632579372,3.6667051509409236,2.8919073924422958,3.585641512200139,2.5303895752978249,2.9732583103896761,4.0154183932835537,4.3921489097197473,2.2207802110640285,3.149595717582204
2.4484572885765381,2.6476927888327224,2.3200427910754113,3.5304159221277209,2.7127610919789413,3.2828845823896096,3.5061078849047607,3.189228826937228,3.7216297830069243,2.9863998177421838,2.781217908432053,3.1813088609561286,1.7438633667361996,2.0400826393493903,2.0370955925648051,2.4096385889245586,4.1106992235463995,1.4178756141551585,2.4004847809683665,1.0353615839528116,3.4514743855407377,3.6390619255598802,3.1177262298883388,2.1495325899057227,2.4998225028682257,3.7453089185973405,2.9306683633863311,1.9370276341134527,3.4774191151983933,1.9228281038078299,2.7389454222524665,2.7122768687008065,4.0185935506404507,3.374024948877739,2.8988444499626063
2.6850367926819647,3.3558559871804756,2.3431148204747432,2.868513899950043,2.3950139722226136,1.1684645235788047,3.7777175426644698,3.4087124775802766,4.2452194025413572,2.5970717799920018,3.6462708745521466,3.6724252097881167,1.5204483466027297,1.9141040963810343,4.0531695485061174,2.636330249808978,1.384802386197493,2.4016036272962493,2.7897776057707997,2.5781190995237995,3.0373019130605377,1.8225956291610004,2.5536615197515027,3.2300221381585188,2.6888756797336404,1.7399449410709908,4.2529101190453389,4.4514424390790674,2.0131173193339289,2.9647816586511628,3.1072077224268244,3.3729503000809946,2.4929862634371314,2.7169993395750369,2.6372246053823978
2.6593665463614014,3.2450826111931006,1.8970834232711893,4.1320810746706487,2.8179539701329226,2.2107345198855439,3.6179333516581473,4.3931156610664122,2.7734239055258452,1.344141585492542,2.6931068584047133,2.1838804381445667,2.2208306376706872,2.7551081899687739,4.3127218187609975,2.3601828353128949,3.4293608270790923,2.4455370225076125,2.3235782378189751,3.8907767692459903,2.6986378004254181,1.9853418674471714,2.0992074104637601,3.5739294543298419,2.4202716185058955,2.0437592483796956,6.3694765810914777,2.8246771391939536,4.8047106610671566,2.3608050913927858,2.2886722647743434,4.4564650499184699,4.2292408018560383,3.8604642631933466,2.2614945924730794
1.9751257680671424,2.2690458997813518,2.7996842778995696,2.3556083816377451,4.0249441436898126,2.71355661794993,2.305385923882576,2.1215714346960284,3.4896056360133092,2.7696305560501733,1.9456877648323749,1.6366783289435556,2.4231180960594201,2.1000585213179819,2.1762226030852854,2.4375472312077631,4.2933210056654385,2.0236259270929158,1.993858768172545,1.5982577185221578,3.938660449565631,2.5016432474282513,2.0353636315566246,2.7725603085680151,2.6083617952692535,3.1025439618336423,6.0910643105689131,3.9664277421612799,2.2269760645792482,2.6042249483190392,1.0953417179894938,3.5740314062917307,3.3456777013319869,2.2222535129342096,3.0181951909273819
1.7825258097900691,3.1812433100582149,3.4872240745993239,2.2569904889921411,4.2840223089060467,2.1154840086238362,1.8632265524528331,3.8596870746413381,1.7747598693297046,3.3314261512831322,2.4104133033225823,2.4755177299658619,2.846954479804245,2.1990663294775428,2.1140133251412849,1.2319165066447642,4.1404517475398475,2.241980742694428,2.5124054886184299,2.8703555997594834,3.7432698464302723,3.3262367411861145,3.2672773863526858,4.188499024279567,3.0085846057139207,3.8896709718974498,3.0278169886007156,2.0586454354778585,4.6062666964152505,2.2210106063045347,2.7788737790244404,5.1601195537841757,4.0379841204054197,3.5146648379700021,2.8852451330057391
3.4453957179171928,3.7010776428173653,1.621029790868143,3.8585948805025181,4.6756307860791182,3.2380339525574713,3.9107000407296604,3.730759301870032,3.9779607910068795,2.683512815078092,3.1852500264776116,2.0345136307186089,2.7465132406511228,2.9249535685034211,2.4966399102669592,3.3835940588346194,4.2617377578698701,3.6127430156817564,2.0067143989428975,2.9881181758368918,3.6437424852307769,1.7987713579523352,1.4022547020274363,3.7660183188107723,3.9807588600815436,3.4790796933164385,1.7290908748605671,3.4735253500889822,3.7728526951501893,2.7004306271667242,2.3705708584113832,4.5520108027578123,4.7141533190786662,3.1778423684817207,3.388674410714501
2.7455414062901204,4.5623681536503007,2.1275676111181636,1.6475598822420148,2.7547053927895773,2.2649219419264468,3.1229887749224319,4.7451373306704436,3.2447301831749038,2.6791078795361725,2.4285603333364709,1.568622118369017,2.2236575448832956,2.3623106512231713,2.9434575735540305,2.3842862016581878,4.172177039218532,2.8183954830038811,3.054477295459797,4.3291200915688881,2.292528121632222,2.7776775551063375,2.722019505394492,2.3536763705679506,2.6303598585540353,2.2593437113712929,3.2578560678134849,2.509315538859735,3.8813185282148877,3.5233111348350441,2.4847639670948278,3.3995796537081775,3.8686162263690984,2.4030042382007908,3.427760975117415
1.6504276057552405,4.125072074400987,2.5499299235222859,2.78805561516414,2.5196720395964269,3.7775622810717748,1.4701292866249258,1.2941529615773992,3.437221101553396,3.6748456066274491,2.7324961332033193,2.0463994318166181,2.2319131818080158,3.0295609115447362,1.9361860713699108,1.9710138643349377,2.4107186165128711,1.8812245161947267,2.0198559763679964,3.9702334144117963,3.7609441206056449,2.8863738830534134,1.5647046188865632,3.4345133393138809,3.1006791722613505,2.5242483519493897,4.2167501637179745,5.3757115244262437,3.1160499563635344,2.7713357613555378,2.567373260244703,2.4660276341947007,3.6942552868273397,3.2520038113148164,2.4885952192397918
2.1994266946404961,3.4911121920450534,3.1119675590057909,1.9585746160702073,4.7416205370146569,2.0607006064480338,6.9134509076989632,4.5581318171147593,4.5040251149254402,2.8911766750667498,2.4814098198521091,3.1453177686769243,1.7427668888452588,3.0932123619039071,1.7203116675097245,2.0666544736640908,2.0980379770632505,1.4174629113592134,1.7246551384658522,3.0296712727571298,6.0157759268828688,1.7736746830291257,3.4661454235719198,2.3479968241387494,3.2077992404779483,2.8767819893243392,8.4413813937935327,3.9569145104604524,1.5226903755437204,3.0968017198233362,1.6524701525684653,2.8250478781357695,3.9900043658733439,2.5411101963372338,3.9933012071365868
2.6697490781050828,3.8641194337893525,2.7003804412230785,4.0770728819323008,2.2409689950119467,3.6495169726520711,4.4586441072994205,2.2699789753266852,2.6473948227556874,2.0528800201439066,2.9761515153561398,2.275782769132781,3.2294755558338983,2.3318181940798501,3.2950627527914236,2.2936804456813511,2.5840255640570513,3.6189605408893324,82.864088237823708,4.9891174494444934,4.1225733389173849,1.4514719455467466,3.5353584518458736,2.1905477825021045,3.3822992752113064,3.0552823920993815,1.757199469800395,2.5021368259703176,3.5966784223767774,1.6982678086784053,1.6366213853306124,2.3571987966167969,1.7808893772887713,2.7485626266247385,3.6829920394826274
2.4611637811134091,3.646616600885348,2.6830176486938702,2.6005068392435895,3.6172167908454287,3.2330102089736408,5.0813052675946953,3.7955082177388872,2.8771786450554586,2.7082726260696792,4.4010647779928878,2.1587867886301928,1.6823497282799886,2.5849418135884674,2.600683924065545,1.7023904116972068,3.2827776164334326,2.9925024141320269,2.6613250923089087,4.2485793847370319,5.3094859909504066,2.4674129622412435,3.8602942516814145,2.2191825657395827,2.9956922106995973,1.5991711455521151,3.2986918943798553,3.1462063566274137,3.9090279938117982,3.0984560826045096,2.7137527765240574,4.6516319580944838,3.5114858279173338,3.6976587483006171,2.7283456995672988
3.0178309856125249,2.2092235475777962,3.0879776291575305,2.874700988670166,3.7510569783854666,2.3573861280521569,5.3428164009964645,3.4515166865222766,2.7128354304561779,2.3792998384986919,3.5959144043470381,2.400649790745216,2.4082415542758646,2.5840266884431382,2.2822967095335494,1.7835347912725725,2.8221181639591522,3.2461414117003913,1.423951481881113,4.1026872605328624,5.9955321457628825,2.8567222097904801,2.8351818981629191,1.5326126538031599,2.8173527448524656,1.9598603016017002,4.7773624544818309,3.3883367980701138,2.4318051001510321,2.8172990021386313,2.4740649229518366,2.2423176814321497,3.3212737071553038,4.8384300089660606,3.3234810193786766
3.7162796768281141,3.1397180310523152,1.9301996982349956,1.7328668731320018,2.3395938823916365,3.4764128406183206,4.9605852894757234,3.4016477721347664,2.6020845357813025,2.6082253439492185,3.1938750572739951,2.5435168062376468,2.3392204835522477,142.71255269733419,2.086768721384566,2.6684958253682165,4.0555647808976483,4.751196157875321,2.8140861866556248,3.1042675564346252,6.7406243938112995,3.2180396451893891,1.6102134907496657,2.2342817397208585,2.8917452133133987,1.3813489911321424,3.9196306826347223,2.3228769636394571,1.6445981327014776,2.464139134926981,2.3097433794397393,3.9035646463964775,4.5707075433256632,3.2267243044574787,2.2967291219259218
4.3090579527576098,1.8278827494604972,2.9223323322987267,2.179531319024631,3.6625312227257867,2.1330729519728568,6.1403487256668194,2.1314969641709318,1.8931535624666644,2.4297251953328529,3.3088611108001635,2.4395704917472454,2.3302137260976954,2.6563798738778415,3.1844146067538595,1.6956159421283759,2.0340031932077087,3.2268103137426136,2.1095347654373784,9.2511347968064488,6.7093951664516034,2.0771898732339213,2.095933945876447,3.6133925271317211,3.0022731457838261,2.2187001470644652,5.1680841381739722,3.5117429549930468,3.9479824579128362,2.4657591867066988,3.1278480973792586,3.6174574380505633,1.4607841542446107,2.5218040191375666,2.0244674721972391
2.1458688059177486,2.3775013637293778,1.2588006745140841,3.2067374488632838,3.0212405153729747,3.9791561987390969,3.9216822171791259,2.8042919873036842,3.4533014565828299,1.6244393029082802,4.1508363097497414,1.0498765941539441,2.6229896405091631,3.2757513219118155,2.9687465981696644,1.7499862810111753,2.3555466381260493,2.1480211883270877,2.0838441862447081,483.82625788527878,4.0305739934487868,3.0163343256901771,2.1635506189919247,3.4177369809985962,3.1105786145907266,3.6028768746374271,4.070124359155681,3.4637571586894365,4.0310611054450485,2.5216138752968251,3.6659588225454991,2.2757567555615008,3.4724499908812798,2.8994891353802466,2.3179377625991506
1.8526419111240258,3.3162539406574401,2.4243627750291026,2.9889524074508387,3.1852116908460228,2.4885753045108272,4.7871874076371439,3.7040236542540734,3.4836218183565308,2.1176741747993488,2.5157879338638804,2.1680628113679083,1.6413088328569105,2.9827716076258213,2.7723555508050959,2.1654932761129633,2.4275291087992672,3.3418050839505393,3.0186447215641046,3.8067865522080258,3.2136369978241506,1.1863601965473247,1.3715854097294709,4.2247777506118043,4.9029055847378844,2.3836930247149679,7.3423650856116645,4.2615494882218607,1.9350624100768283,1.8756219627961923,1.9831866857886895,2.9281353034700683,4.6564508149854564,2.5652530206167565,2.7247213857590298
3.1581841397967199,2.5470777990310061,2.201455131310512,2.5499922327634872,4.1988917318204626,4.3218501129340998,2.7904857606760189,2.4696927560843007,2.7372598761586189,2.0779059110281888,2.4464769277197949,2.2931957059117969,3.2714813060732091,2.8975497026798656,2.9783561080271954,1.8913665437840714,2.8084135591868478,2.5233661546578783,3.0309179503713852,1.8291961849743938,5.383855994366245,2.7456127145924381,1.8998910004684131,3.9895847713685137,3.956891483575907,1.9228840734197854,3.5802821461349552,4.2172723840384698,2.776414475826785,2.737829818843466,2.6949300254170354,3.2473678959355201,5.09884146057738,2.4327845611725873,2.0818214147440366
2.7823148994524169,3.1863296504651735,1.4989130229152421,3.1355055204651316,3.8224805692919399,3.4986629131604765,12.033133899564168,1.9888118781498454,3.1775841500474393,2.7337491847291617,4.5050815578252665,0.92198105625585258,1.770332508286006,1.7504692275242189,1.518721742669306,1.780058677255919,4.0560177485522182,2.540000595058717,3.9041720357335308,4.8320626468443839,7.1591004874728199,3.1445780968541164,2.924724203912255,4.9301642128152565,2.2411302296506999,2.5572852652171396,4.8994046110048179,2.5199069947704462,2.6145415520408375,2.577512830403117,2.3505800712200777,6.1214255258103618,1.6446396540280246,3.3962429380179442,2.9781141417396708
2.0436586314743592,1.6039743508398128,2.4440757055806652,1.6343883162960942,2.6138071944208989,4.6073090316919885,2.691378087183192,1.8465238385058795,2.6658949089643751,1.869652589971093,3.0625586356059897,2.6395193855186929,1.828819914680492,2.3922835665780302,2.4460518666077871,2.6596440638434671,3.9825031459155897,2.7569483317908459,3.5301313808493671,1.93194754520175,2.9155968374687711,2.0550706692203415,3.6603900697668146,4.1678814022144897,4.9043645746608071,2.4654215671202442,4.0261794445757584,3.7424278667280957,4.0336069680161692,2.0222670837250818,2.5329681247171796,3.0363514254977066,2.976456287780529,2.3593528804619353,2.2818875882728569
1.9914733513335963,4.5742608035396826,1.699307060317814,3.017354462915451,3.3790458374329293,3.2986869197183397,4.9019600496704614,3.4046166918834007,3.1612705622290935,2.7439764508731286,4.0978057411967841,1.7233884622351925,2.6096791178607428,3.0379776886124108,2.8507070200809204,1.9269818419415443,3.2557024405950172,2.444468481980107,3.2694962312875702,4.6163565034340888,3.686753137728263,2.6750147754096605,2.3352983981009596,1.6008879119644097,4.2083147192933801,2.6448600915119784,1.81967741298328,2.7592466476903543,4.5537953910740239,2.9464795263282855,2.5158854929077363,3.1276201836348627,3.6408789063133424,3.7194075083026528,2.4632607743952093
2.3944339112113497,4.6018320582951251,2.2674536728638217,4.6316609307264249,1.5414886516714701,4.5085753306387213,8.1115216571452979,4.1098377230123191,3.2777332317708856,2.0850131867174841,1.8247231927202407,3.6064830029407697,1.5566256094665207,2.3165383648898943,2.2195715543177199,2.0692798155470027,2.2887769703136107,1.7474625158256114,2.8517348484876752,2.0949015687744916,2.8557594353302616,2.337239008713841,2.1473942468677611,2.8557013341593493,2.4652645676026252,2.8240155715857749,3.3780169748127573,4.0285892455479742,3.8012502881404591,3.3398009410166445,2.9238772976389162,4.856639496034342,2.0743505079075897,4.4409284691796609,2.8866658588405176
2.3244524853030848,2.4210347811477995,2.5826323530164577,3.1137335874933361,2.9826534949425296,2.9602517155707067,2.0735409149366544,2.7777729585996718,2.6150471569989198,1.8850776597200036,3.1506015250923052,2.1984435729041625,1.6631388389966628,2.1930316535181391,1.84491101296133,2.1160272545551608,1.9784354757616769,2.7255932869164674,1.8554231355341375,3.706388926442139,5.3413998577198125,4.2234717748540156,2.2638148269973351,3.2728363979102029,3.4922760639149062,3.2024792988748945,3.0632169192156349,7.0224584564633181,1.6522433395681841,2.5164844469434975,2.8953236059437057,2.3372129302298945,3.2565515186311993,2.3326756467282497,2.9145384262110823
2.5479545371971719,4.8329114868157097,2.4701050145551693,2.5095486619240361,5.2597025616721433,1.8997352240570222,4.2007778470879265,3.5188426945457847,2.6794709274861752,1.1600341293007099,1.6013892195635293,2.3305934211793509,2.1552822063219108,2.3604521472159132,2.491636648630327,1.7438571695882836,1.8733117268974113,2.6681504195379659,1.8036411476386236,2.8498015483242436,3.0318653275790197,3.3388247371173909,2.2721270795199096,4.0904859989264128,3.1702993682666358,2.6642622768460709,4.9988579392358945,2.3628496033296065,1.035693655422721,1.6569217957394382,3.2878170137378175,3.246479786264524,3.2366587136042271,4.2754471365211968,3.2152299681245244
3.4807607485455874,323.0313823572497,1.1096054642360185,2.5604960106331669,2.3368388928533781,3.6630890102358418,2.904764394572128,4.0037088344915084,3.2175415222673087,2.4538733140266045,3.1660969019688596,1.6664963935373132,2.7899240099836211,1.954867097898521,2.1800143599371804,2.385396918669803,3.0998712798578891,3.5011986534624864,3.4684998393487727,2.4212142335628082,3.1950202930709715,3.5824421201775656,3.0013724923063854,4.2755426378101022,2.574787941175694,2.6361435391305399,4.3266251745401725,4.2105097860541267,2.6102462570029239,1.2500293605506925,3.0848163530052073,1.5234452800744827,2.9220862060610364,3.7434835168079514,2.6145628584712628
2.8467817932789621,192.95606383538956,2.4503652772993436,3.3195391959157634,3.7069276644720759,2.3110016018293926,3.8717488541500558,2.7469480252551128,1.8704255881070364,2.3913553197809456,3.2610468445724781,2.0665912894007215,2.6431682338276548,1.828959867773994,2.7918567368162002,2.9457106381091349,1.6567889938338933,4.4756980212396682,2.8015873652124945,4.7062414505135166,4.0953515709290942,1.2755196398494326,2.7566839686537485,4.2984633590153773,3.0550563908045225,2.3251375057808312,5.7587374652556287,1.8465304174623143,2.0477234862902516,2.203050727583161,2.0240256877799734,5.4263858958035343,3.356862604552826,3.8675887625607692,2.3697396958702086
2.7706497562185941,3.0547906274325567,2.0974498780659174,4.3803654388268836,2.6602569513373564,3.4554647553987112,2.3796539437955206,2.1431485961697496,4.7065515829647593,2.2970506285948922,3.4013514071086495,2.7437315341874888,2.1255124626929836,2.1778692993783015,2.2795928095863904,2.349333361423807,3.4212330192727998,3.1559534222478822,1.5126358965068829,2.7126867134189379,3.6828506870029987,3.313779810954788,2.1060956383402316,2.5657039856974095,4.273511868658411,2.6525782985832995,3.1041925208007441,6.3473862182895173,1.9565877161573408,2.1401477978459811,3.0109455159966125,3.3091406755655517,2.778353584230882,4.5248830277416161,1.9231715035051333
2.2412398495291534,4.2725816654415958,1.7809041897647464,3.9525706841459907,3.0037723502359435,2.2916011293555787,2.0486347545403212,2.1878006884727075,3.3443004954240063,1.7902542704323925,3.6201493216808429,1.6863961089644963,1.7754458176057599,1.8827015680306409,1.9065922160255679,2.4688185984024216,2.5645254803379536,2.4810221971887816,2.116421887804413,3.8451771045923739,4.1450238350657456,2.4873673855966509,2.7190441163927503,2.7128540493810327,3.1403286059512943,3.5349601945689106,5.0941924747759586,4.4834742325172758,2.5890323851089025,1.9334142628738582,2.3296522810060893,2.2781312286865467,1.9042751866979004,2.7331235318840839,2.3983660506487947
2.0658945664656936,3.4742817951629372,3.2823764291708519,3.7595647589886809,3.4669410601934367,3.8291159917698407,3.8825860250208084,4.12644338080284,4.086366064730294,1.3609567801486875,3.8017804661801087,2.5895936412490514,2.3398044823582431,2.4734069201073505,2.5361287031878414,2.6043930616012165,2.3556193875672413,4.5419217642563918,2.1887333919138219,1.8227226345049616,8.6875748004748115,2.2519014270580788,3.1273382623569121,2.677722330111747,2.7556951440268227,1.6168108484531787,3.6945312450910626,4.9932264635671828,2.9856843231462356,2.120292383422163,1.9045634071782471,2.6871120809751949,7.1367894376025935,3.6860832237306034,1.1827629779336739
2.0746865959597884,3.6618564471437547,2.485002122583083,2.3552495837539822,3.693047513920134,3.6740203232407334,7.0921288464968706,1.5923798654039429,2.9703286542806455,2.1134032026458516,4.0097019465624557,3.532837558898859,2.9968619500599516,2.6705299941909639,1.8266819275489601,1.5887699765505261,3.0820791996287809,2.4116708303062646,3.0803106413773089,2.1034903290604055,2.3101900911990811,1.9808289350539949,1.7035620331456069,2.0945610651769706,3.2177772106195621,2.9319003132652885,3.9080297202022876,3.137657177858761,2.9168929957971512,2.8133972623742003,2.0732049622139601,3.1986982837704772,2.2273900265169679,3.6639735808292846,2.3831022708722558
2.6679649006977484,2.6550201531326572,3.2823131952757114,3.7649969303049962,4.5628101703476451,2.4064693388116809,2.6691688395934561,2.8740022601160251,2.6572971865127406,2.1387982034808384,1.1435414939334081,2.9994408001870103,2.5726764397589044,3.1119561484859211,2.6856555703748271,2.4109648045111371,3.0531736004686389,4.5479343282399451,3.7358041595427118,2.4131292739681411,2.9346144248814756,2.9811196063301892,1.7171148308737678,2.1335863310089036,3.0522139992697124,2.572573247328497,5.7386747082147078,3.6547567808575909,2.6363866528725386,2.646657082945727,2.9381103438656422,3.3346166430395692,3.3501841120524358,3.0980765578339851,1.7001944537794713
3.2611915193195125,2.0131485780419007,2.1851916023179716,1.8424381963861942,2.3242030270757326,2.6282209594508186,7.6567744270685294,2.2893710404121537,3.8640878232262845,2.5414714633284987,3.0075855351824505,2.1468279726514141,1.6594305799865816,2.6356187794973787,2.2780131738683354,2.2077100070367859,3.8924483798900429,2.6957568436062012,3.9449322981338351,2.6812024852394121,4.9163808744925825,3.1883366870111671,3.4782057843018497,3.4885848464129134,2.4206460442079472,1.9736086861700708,2.8947285160300087,3.0520148933003406,3.0048631791455067,1.9298293755121185,2.2658492933010725,4.7933645044387214,2.2593649386086514,4.6310581865812406,2.5686402336341856
2.7724480717524504,3.9092118155341629,4.6932187704892936,3.0487336849159576,4.1918529520804402,4.2657551484891965,7.300723993610525,2.959336351055299,2.6784492480252506,2.5026536368309271,5.4407916595804053,1.5626649923146096,2.5221383303815146,2.0448145391716293,2.1758619349634793,1.5307231053963732,3.4981614717978986,2.15565571964849,3.0635465181726333,3.5308648913696978,6.4851454301123272,2.4886207507790132,2.2032622011334104,3.1411396635362019,2.8446771173548453,1.7626529426289808,4.024687965177268,7.0979638580083533,3.8721685187978236,1.7449902100261971,3.7807249594448882,3.5179845514820727,4.0607814878271782,2.372259098368303,2.0487744216965718
2.2723194441563708,2.7514681076903149,2.3508076687584767,3.9925862768609615,1.9809059702040976,1.858485923573205,5.3391214096716757,3.9533711652814101,2.6573972112845774,2.3708158356672655,1.4229448922932089,2.2982527161619095,1.6206365594571706,2.790966970539956,1.517957588649411,1.0739400553063729,3.8931018779373492,1.4142675511242535,2.6020981511124717,2.4587918880376995,3.2844322247116571,3.5442937940423138,3.5540075628287577,2.6312665022662953,2.1200827997715801,1.1814823938987769,4.4044275983359213,1.8113617965369229,2.6293878110403304,2.2688863899710947,1.644158526306104,3.5418443604044674,3.1181603630894474,3.3123586058551577,2.0093802518474559
1.9288640916398085,3.8803968997653278,3.0238352894089093,2.8711003483109581,2.9585408449162216,2.6889629702961413,4.4012717169654056,1.6708472840416244,2.2994989747238521,1.8525590188178123,4.4441402842370152,1.919483580073901,2.5094109845269283,2.2363199587550455,2.6505409589582918,3.2285140330668538,2.7386592445018856,3.0351054986331634,1.6427134584113277,3.9634975696808281,6.0218809515618581,2.7338146383856432,2.8607117069254082,3.1331157419687474,4.2991555251986862,4.0689419440988646,2.0643452402579143,4.5262780942726701,2.5580933821728431,3.989144436722591,2.4182471594399075,2.0907673733806202,3.8277469884476694,2.418770913714837,2.5577631075845995
2.5070485724051794,2.3707853678982387,3.969948184251662,4.6027282489814567,3.6891954491886483,2.0464695171244602,3.474974367012829,4.3425571919717578,3.4276717221486539,1.77050796813078,2.7478519179711038,1.0330246002960159,2.7531816381611254,2.6807833652434248,2.086140167947228,2.3545563561597151,2.3835650409493718,3.1124189572430589,1.7234087951111312,2.8174003055677939,4.6297092505053126,3.6467397602542042,1.8224479402453795,2.5551270805364878,3.3116067277157386,2.3588043612888394,4.3487059387144997,3.554046764552949,2.4494631062542678,1.4281640090237095,1.6724826578631082,4.6111863465360665,4.2196214724651622,2.155243393356761,3.5541533895419093
1.914830909959393,2.463621257172727,1.3223826390910098,2.8771782329217355,3.5891413612780707,1.0378564797449037,4.6231208190116941,3.3795075282402478,2.323715560132666,3.1912214879957927,3.2628194992340536,2.0070622663503812,1.797974320201517,1.7799311377817744,1.7907403988026049,1.3354758821826282,2.7740232394158975,4.0451817871044726,3.4616931746741839,3.7421137229856614,3.5715204036507564,1.9575199682889017,2.5667117170681029,2.5883559891985328,1.776286038226172,2.9830000746052705,4.2950187831219058,1.8725786290747293,2.4331209012423032,3.5510223755766677,2.2974637369695188,3.0409088816838787,2.7501852078010685,2.9546897748118099,2.5004966514513227
2.1248597013842105,3.2372333731356147,3.2264202699586959,3.7189042327159476,3.603850002077174,2.7544801341880283,4.8133133562610242,2.8555166326954642,3.3195803601526155,1.6030529074366526,3.5919243286977056,1.9645800253163184,2.3667112937039301,2.778292998805628,2.9603381863681051,1.7677259084979835,1.9016479595119091,2.9109060054244118,3.1624691578670823,2.91059423949631,4.6043413228563503,2.5330178411579296,2.7990512989376262,4.5784474821852914,2.9441686842401995,2.7424160653970531,3.8010639448788397,2.4641184630625608,2.6666956281570111,2.5157714805913871,2.4027159286171886,2.6736967320634215,4.8954605337243065,3.0931511385210011,3.0964008552453146
4.0294667002600004,4.7518047307710773,1.2880353880685524,3.2721039759152255,4.1014846989380986,3.5477527214641533,6.2482784106035174,3.6904923214893275,2.8348634224105727,1.4018391773940566,3.9526886914072907,1.6464054104282033,1.2704556079289315,2.5721754851883847,1.9576210957254809,2.3265065728311374,2.7373577092660897,1.4643443430716823,2.2147732443201651,3.1416280231367226,2.9950255326873414,4.0966541528240157,3.0304168339923119,3.639639873041189,3.630432411536836,2.7129248383337465,2.2969224361696963,4.557708722219397,4.7437240295322134,2.4711675330787375,4.4933306504806447,3.2893698640618849,3.7400059999732376,3.002883271042728,3.4333208941544973
2.5601402319108213,3.3633180391731803,2.4415792556319569,2.8517283857614104,3.8768265971408606,3.2774377112752879,5.4076766005004737,3.1883537099317687,2.5506156627833207,3.550733359828973,5.1813301264425426,1.8421244672365749,1.7583670554758402,3.3334307233934655,2.7074490168876206,2.790179816195935,3.5579372258032915,2.8693827764913276,3.5949018496709924,3.2675548395634353,2.9258084615861701,2.37102402415031,1.7321246136341728,3.8945241221754943,1.9551721749914539,1.8241601620057399,3.34567904765697,3.8545339008287498,2.5321763746634409,1.9187040859579407,3.422508970925394,2.0918778830826832,3.0672215050904743,3.3769719188896401,1.7292444661238646
3.4605933838910281,3.7337784396438898,2.6944055017558024,2.4577532014131052,2.9595094283638512,3.4261219546136501,4.4944269511748773,3.5224740977818416,2.8076496494583507,2.764506505616767,3.9916325707603382,1.7730973997869872,1.9246749290271767,1.7610793968076204,1.9138200394842575,2.4554889146397145,3.3216463533912433,3.9119349923431068,3.2224538795150859,3.4370160042061229,3.4901120134957404,1.9963230636584703,2.8596586097769507,2.2038677348896827,2.026650986398304,1.9864650156471231,2.8688128206769266,1.4684360669733507,3.7201700528716786,3.7453123049709549,1.3347748141927607,3.1289722183495767,4.1337365599807221,3.9265501427731686,1.9739387601615044
3.3566464568979981,2.1447925760390323,1.6272626979694385,3.0362410679482297,2.7553437709249287,2.9849581871389108,57.012888007246552,3.9400127276277987,3.5922173797750059,2.0272402327696799,2.1524663924248566,1.2261961333924398,1.835159851216845,0.89909287459940923,2.3760905462257713,2.9087528714097424,3.1070170410444393,2.9736283879364271,1.1557144267976418,1.6537894432893272,5.2593657870421628,2.3914076964166879,2.9808500699628726,3.3078716161281689,4.3396155749866692,1.7857309958126188,2.6481279609941426,2.1775984960804431,78.696500659774131,2.0877364046121301,2.0554745256608489,3.6896276858879355,3.0370693672444529,4.238957191061723,2.55829094790777
2.7416030147941219,2.5168475458019164,3.1188851665429937,3.4037536439219664,4.224813411980179,2.7946353222249707,3.9545791892662665,4.7293635092562321,4.3635915206981872,2.2750213417998362,1.9622322874057738,1.4913903623597333,2.7523542056349211,3.4007112009499365,1.988961795834528,2.2550691398264977,4.6426463574025547,2.7779453283313877,3.5302009371073582,3.942868951404833,4.842405446395369,1.8643715334981279,2.7632188349347331,3.5070741961425185,4.0064145035618282,2.7025115534864073,5.2573984200206478,3.562522914442487,2.5406685261188255,3.9901909649743352,2.4811832582291964,2.8285509800033868,3.4809348305892223,3.806696673074391,1.8577219455322325
2.0211223977367916,2.4707612292017309,4.1174554728144415,5.4419382617323571,3.7123592007488018,3.1757159351562425,4.0624807738828848,4.2224478105895678,2.7115043386643305,2.6842560869269074,3.7726701419803628,2.6947127748677477,2.2656138533704069,2.5436392850810257,3.4498062500101305,1.5401681345692824,3.5253536102622656,3.5413093143687582,2.1311673288272446,4.1372019024944233,8.1403604450596703,2.5591701887952687,3.467158714663352,4.386418552440781,4.1751317532997385,2.5172764898907576,3.0704440886084732,3.5519333688240895,2.997657138083845,2.0182361192849778,3.0164927124998431,3.5263714438425531,1.7524683899733122,3.2190182887716956,2.9554874964370437
2.8180822143346802,3.8554409286093323,2.240405162789036,3.2001053366005663,2.8104819660270968,3.1234110729010918,5.7471558347712515,2.0450651867025327,1.6747883255440945,2.2489774560584492,3.7686361170973819,2.6735513453527981,1.9594431254469808,1.1922921697802005,2.383028310239649,2.2294778771921702,3.3307971358377531,1.2209749202601219,2.7020482959458714,2.5801632725490382,6.4785409030404342,5.148651271507612,3.2739834719445113,20.980379926863094,3.967271875893533,2.6977992565982913,3.8778144245383572,2.5486126249613292,3.3111272972720562,2.3367158821914273,3.2253942577578671,3.1910014801028077,2.7181932909627586,3.6232661701397806,2.2193945482895265
2.4821810338906785,3.4149868518964746,3.314239092434776,2.8880847483527825,3.7273904680313756,5.3645787057720176,3.2845592794280858,2.715276835174071,3.3571564565113339,2.379583134955054,4.6444727941445381,3.2000933538395926,1.8044034072247337,1.9970856310264506,3.1128988519769583,1.9498992350026636,3.6646520992602198,2.397151627390901,2.4557925192643086,4.1330878312525794,2.7296887905976916,3.8464903129373114,3.2771334440618904,2.5045024567477641,4.2158687007665208,3.6346936026605006,2.9890225223720934,3.6250652166649751,2.4520391294197119,2.6945581119182389,2.2872072792666769,3.5434656655903396,3.5683330692809223,1.4981330919520748,2.5814150984750475
2.9012628215819376,1.3382061350366339,2.1066310638171348,1.8057040155594257,3.3467031648405685,1.7239652363301132,5.677658299245997,2.5431862756547612,3.7024744713068682,1.5946353694526783,4.1872972516975633,2.3060343658406284,2.0099140654911043,2.3636539068539952,1.452548845732363,3.2470569265318088,4.4428275705620575,4.5416116378249711,2.7413178484558918,3.5313360330014931,3.5290932672511794,3.3979770756410552,3.5975473391742931,3.2083822720235191,2.8329106102247192,3.4601696560196662,4.1148945071582403,3.1475772117067353,1.6076087536384136,3.2681436655267055,4.2742217230330546,3.8224866209356794,3.9278603867160116,2.7278822938951266,2.8949004587832614
2.6051765377342639,4.2008972722297502,2.5633770071839255,2.2156417704328764,2.3071352254864825,2.8312764678813283,4.5143618671164587,2.7494836904190758,3.0177814749120317,1.3046000313728054,3.9520232329812548,2.5595654764318763,2.7871646772779886,3.1033688172175502,4.1766138066761398,2.3302314685492176,3.8189887121253947,1.9160997153143136,3.1813755203876184,3.0564934857304382,3.0121451010315488,1.9594822558198273,3.3235806212665286,5.7108693592964439,3.106211642082942,1.773219872111333,4.1983170321437786,3.4665737085753068,3.1944168045618215,1.7030346821102709,3.40210365588863,3.3799144193197455,3.9571091056811474,3.1806560196998261,3.1195175001668169
1.7900108248946356,3.6214769789831909,2.8228089323017076,4.5155318264441746,2.1710605539760039,2.6821861009913825,3.9357335203815729,3.3854063728326165,3.6555834291458913,1.9566994046987971,3.8417938453459883,1.6397868672773734,2.7346828226360862,2.7527796920120076,2.7621706368543704,1.8543114992263539,2.8372789798631133,2.7766242963391341,3.0980385831905881,4.6470965950195691,2.9584788767451111,1.7544288510622443,2.5227665384002078,2.1285490851474731,4.926444737933708,3.9003252194258318,3.8367033195776927,2.0756029945735022,3.1771728586835768,3.1525495529547061,2.202655750756652,3.3269175225162839,5.3191147929982243,2.3348718570533462,2.5143342541692606
2.8642529196319848,2.3402526670787478,1.5352408819562462,2.4471422247034709,3.1343376635581639,2.253431663967254,4.1711695319695608,2.433183756185354,4.433040506285602,2.1653245393500686,3.874839319349761,2.9395456909326301,2.5178951845489244,2.397413903298077,3.0070303512499925,2.7427996889814139,1.8801711135229255,1.6675346901461312,2.0121975507205998,3.4631893329042112,4.6795466664740646,3.8678541313942452,4.7163178756276922,3.3227566972795115,3.2446859978048823,4.2032495279532904,2.9192827664689736,3.3730998162339869,4.4932003787485453,4.3335611101298435,2.4683717553540889,3.7191386068501102,3.0236213254847861,321.94860540377135,2.17800626604653
1.8001847894800072,3.8201883908756908,2.7227211657180295,3.5900824843219201,2.1128746274331371,2.6839478558705516,4.9591618869097269,1.6088405243740755,3.4970667579243546,2.5566449179160262,4.4521179971849092,1.7341532737206409,1.4147782763935346,2.0241647994456646,3.054712480447634,2.3242057958873747,3.090637416756989,4.085829832221286,4.2863206304947949,2.8480622647886928,2.8446385185029182,2.7420593583143265,1.9273994717304008,3.1106007292205962,4.1999931679572517,2.9699628609668447,5.3169724895968997,3.5975310335129471,2.2719775337110955,1.9673365548425019,2.7171551441926147,2.8449846185491454,2.2189681461456008,3.2960535953431092,4.4869238654295298
3.0242289378085676,2.6042719540815074,1.4300432728388248,2.2300405882992016,2.8031875683722762,2.2437534177369192,4.2459776360520207,4.7056319205979626,2.4246405928771373,2.907908333216473,3.9686002206087609,2.7183651759781897,1.9152504808285598,1.9240101802510678,1.5212538350850504,2.8728536318204481,2.1546623761013679,3.1463236579068381,1.7583503185942333,2.2066764540683357,3.7529753272690969,2.6189376299803522,2.45412821326555,4.548266310939213,2.3567531723988102,2.4873951779139589,4.0369107855377244,5.1554036115555402,1.6387963147727993,1.839597049478731,2.0131018955581275,2.605680075774317,3.0561446319376127,2.8649565081282722,3.352079977166825
2.7178446781259558,3.6706152881700351,1.9193297212281852,3.141976845918633,2.9505274929597176,3.3510113947111257,4.5955487844150484,2.8601863973112125,2.5071733154688847,1.8831381149559072,3.2601022895907614,2.9447171888126613,3.8305868126673737,2.450982534408126,2.8983782912803511,2.5604006158472572,3.6328413566462796,3.0382859700885034,2.9722509732517897,3.2013922716208016,2.0558346499715068,2.5340468983650499,1.8120712751726933,4.305013970594505,5.0691913172645231,3.7723920540628746,5.5325321013174964,2.4475014883534669,3.2403824501456566,1.8916808489430081,1.7696642703448522,5.1290328609823295,4.4494256610051748,3.8372768082908837,2.6562440324732468
3.191084513927656,3.7542665756954898,2.5430445252008664,2.4664785989129765,2.2716086586057593,2.6007384678877625,5.1207941863602313,2.9346000103133378,2.6024104339505465,2.4483196879985907,2.4945632673629348,2.0963564448286469,2.6540787743958667,2.1509444015712895,2.0670098462005244,2.5849615591873074,3.2048683107794109,2.0848950079122721,2.8925686477708314,3.8569202188407674,2.6414637302737582,2.3085943743032318,2.0016687898669261,4.8268924599878043,3.6259251031988828,0.90816113953979682,6.0769198537978788,2.7836113113331766,2.5956796092051886,3.027023144399176,2.8497641301321517,2.0417807807455097,2.0154201975430204,3.4823068178895196,2.526921458758419
2.1274223048802159,2.8179102979007453,2.3737131354241288,3.5201807513256282,3.3372399712526826,3.5975221791097103,8.5537596482418099,4.0532572436464127,3.9734350046654092,2.8472627254338385,4.0811589532225581,2.1639440541761501,2.3039521378477006,2.247329117406204,2.1236972343852871,2.1408422952987523,3.3628919986453023,2.0306379064588831,2.2887611438568944,1.9660813814718954,2.1269037840232592,2.6752009137764392,2.2462547697344708,3.5427722769228063,2.022096716706745,3.0111971225456946,1.7540075292476391,4.8612561087421602,2.9255363766066154,2.6867796214619344,2.9612779563447549,1.7049970151468479,3.9923812689256533,3.1804240054946558,3.4601808950538628
4.2433071318410649,2.4469978964944152,2.5913696712669623,3.9418613800141808,2.9851785078608151,4.0884063144748604,5.4253070144728737,3.2886288135001656,3.5778809958355438,1.6977292262857673,2.3259282596694573,2.5069012178115391,1.6340930141269958,2.4261127368698521,1.8752355938902012,3.1564042480144479,2.9695371112111677,2.4161234870402568,2.6970683952521779,2.7572672963801375,4.6751018815883363,2.5587012133505342,4.2842982298728778,4.7421351778136875,2.6248533458894587,2.0314263075097276,2.3980561162941489,4.238742906912063,3.6136807928495633,3.132726796804024,2.5116353282353323,4.6116106448643919,4.2681698655187121,5.3487047900890845,2.7224246509423216
2.6158758221342708,3.538968423341561,2.83772184450152,2.5920676198446624,3.096311154255603,3.4489358970804904,6.2459471557749975,4.127183988480005,2.0452813293101832,1.1710643429449008,1.4891642933715812,2.5967972924658116,2.3236492705962952,2.9239269827462158,1.8742170765429988,2.5995617087526592,4.2718591911379518,2.8977833135785169,1.6442058795523435,3.7239183647018308,3.5004890065202581,1.0377004471516065,2.4803201793827947,3.0061150775534413,3.1462528956850129,2.5330747815596659,3.0290652323700997,5.7214479984738684,3.229532348815837,4.4940559626182814,2.8019215797495174,4.8306723980063628,2.0606227132235579,3.7178820292224555,1.6820804275784613
3.5923707133238274,3.4194160800218332,3.8414219517570216,3.8182190809923595,2.8836379943773101,1.2730491491933229,4.1153013506920342,3.295368580375738,3.0143841762066805,1.4692507985809149,5.6470521139919745,3.3413461332524754,2.8723479944244725,1.7956205424421399,2.6890460515435946,1.9326480847623344,3.763075757130276,3.416923107614771,2.9474024717464951,3.4415570184071442,2.1400000034513691,2.0662569431236579,1.8412948861898375,2.895856957248153,2.5110175211426489,2.2917604771516737,4.0703299368305732,3.1757400477225697,2.7469662673170903,2.201356058199547,2.8610863643092888,2.4195648377933043,4.3795702076437895,2.394026768221146,3.6411490043747152
2.00180702971883,2.3517428446277315,2.904549323321254,4.3653425598192923,2.8152402099066296,261.9025194527336,6.4664084214093034,3.2375049903864839,3.1302526188777304,1.6493136005724782,2.4349353997447349,2.5260736588276158,0.88373007639986312,1.9622689540313711,2.5444692585358295,2.1128049897410075,2.7562835840358955,2.7670573539474006,2.5269592186184755,2.8128563138508276,2.2961356652209504,2.2403141116824394,2.7894099451280185,1.7343031443705017,2.6731873682397334,2.2567407169859717,7.1006071912602726,5.5132686669975959,4.3550898681585757,2.1090598282847073,2.2104311721802437,4.1275320061052074,3.6420048406685868,1.7765781601008295,2.3762554294664633
1.7815917983490728,3.0616454397000452,1.7713970660818752,3.2513088112935593,2.0914454608896156,1.7029372176077602,1.8212591831355605,2.1295306935216938,2.1052547692842132,2.5734936801363677,4.414012318182702,1.5914919971561499,2.5753491803255057,3.1639013761282238,2.8883827094674119,2.2400734196139731,3.9018473914062257,3.8390430666002753,3.6752020719414591,2.6111026732852576,3.7163389884152784,2.9892374042641157,5.4071203830097563,2.4141760947423561,3.722114345512078,2.5229679940973089,4.758694701671959,3.171750144792727,1.2181496806793601,3.5991100321606968,2.3295581563681194,2.800697644763368,3.8633098572393672,2.4055103998183651,3.8337834835236082
2.5889651017328776,3.8175461673954967,2.1106989074799847,2.5198627929510851,5.116652291747827,109.79510193285583,5.2678465102624674,2.3220345406103204,3.5061553663695646,3.3892767759209312,2.6475934625703306,2.4979597378923977,1.463074034880828,1.8734541196741537,2.018056137250567,2.2463374546164134,3.9633422190514369,4.4291625068716076,2.8458205430399683,2.5771349696532884,3.4358721521803903,2.9324404949490148,3.303657748414798,3.1579408400436964,4.0463131274789079,2.8766638880509241,3.2345264280279253,4.3444353158397586,2.0461616448286688,2.6225734845645436,2.0707991243054993,1.6755611989386829,1.439477749501487,1.8746420379517075,2.958113510407788
2.4732443530144681,2.8705901025088743,3.2549613991007207,3.6158532660688549,3.777692742353258,2.2664765975334475,2.3015540280136215,2.1035631311344996,3.9307925237348718,1.1116086458380126,3.7135941527283318,2.8215282954745184,2.365130817351166,1.3235326323782577,3.0240612321405007,1.4757045951225054,2.357628512169184,2.0186524511802655,2.9432037930200892,1.7026555281141817,3.5097641888408639,2.0913422205242327,3.7555273731560277,1.1899954591925963,4.6102397332896388,2.5149366286055819,2.0435018262942957,4.3744504691163071,3.673146370730739,2.6862903954932422,2.5959154527505004,4.0333374755128766,4.317986051550446,3.7287426438878422,4.2729177263079752

