,pin average impedance 10044 0,pin average impedance 10044 1,pin average impedance 10044 2,pin average impedance 10044 3,pin average impedance 10044 4,pin average impedance 10044 5,pin average impedance 10044 6,pin average impedance 10044 7,pin average impedance 10044 8,pin average impedance 10044 9,pin average impedance 10044 10,pin average impedance 10044 11,pin average impedance 10044 12,pin average impedance 10044 13,pin average impedance 00000004 0,pin average impedance 00000004 1,pin average impedance 00000004 2,pin average impedance 00000004 3,pin average impedance 00000004 4,pin average impedance 00000004 5,pin average impedance 00000004 6,pin average impedance 00000004 7,pin average impedance 00000004 8,pin average impedance 00000004 9,pin average impedance 00000004 10,pin average impedance 00000004 11,pin average impedance 10045 0,pin average impedance 10045 1,pin average impedance 10045 2,pin average impedance 10045 3,pin average impedance 47 0,pin average impedance 47 1,pin average impedance 47 2,pin average impedance 47 3,pin average impedance 47 4
0,1721.91403198,1543.52774429,1709.8742981,1681.730896,1728.108078,1660.1340332,1737.9102478,1704.23634338,1703.63557434,1704.6532135,90.6910743713,1709.50942993,1708.24502563,1706.49073791,2021.95126343,1864.90614319,1899.10969543,1855.10456848,1854.883255,1852.53460693,1874.49568176,1872.46307373,1867.97698975,1879.94458008,1859.86447144,1891.34632874,1726.91020203,1616.26071167,1650.98390198,1638.59547424,1851.76878357,1802.519104,1806.25151062,1809.86601258,1789.67614746
1,821.749336243,817.443099976,824.266395569,788.267868042,812.711463928,834.566879273,837.455978393,809.373451233,819.90007019,825.489044189,85.1448774338,820.740440369,817.06803894,830.969841003,1127.49606323,1118.44094849,1154.22006226,1109.64622498,1117.12663269,1162.40054321,1126.5038147,1136.86691284,1119.57785034,1131.05880737,1115.45321655,1143.79335022,795.872749329,811.061920166,788.959869385,796.894882202,928.360664368,908.10912323,914.64756012,910.05393219,906.924133301
2,1402.98910523,1404.65159607,1412.24664307,1383.91316223,1397.582901,1470.61346435,1422.79327392,1379.64277649,1388.80680847,1401.3296814,138.38948822,1399.08825684,1401.29147339,1416.59487915,1654.50263977,1645.61421204,1670.21247864,1636.22595215,1635.72488403,1634.84240723,1628.4979248,1653.99662781,1646.82264709,1667.96281433,1637.5164032,1655.52626038,1390.11239624,1396.49557495,1380.76217651,1376.55773926,1550.98608399,1517.70283508,1533.15385437,1528.18135071,1517.85870361
3,1939.93812561,1939.85583496,1940.67578125,1936.8875885,1936.32711792,1936.73849487,1937.86865235,1943.83102417,1940.84640503,1942.89707947,1932.26438904,1939.19210815,1940.33049011,1940.39315796,2362.8878479,2366.18942261,2368.44146729,2369.6184082,2370.66955567,2368.73959351,2371.57260132,2372.25592041,2374.12277222,2370.36831665,2372.15008545,2369.83340454,1961.49681091,1956.72569275,1961.37060547,2102.0699768,2049.59805298,2049.99092102,2052.19786072,2049.07434082,2052.06047058
4,1658.94900513,1648.55641174,1652.2061615,1627.5609436,1676.21902466,1649.41204834,1675.1622467,1656.4526825,1637.77700805,1643.01989746,1647.16293335,1649.91671753,1660.63233948,1635.1481781,1878.71176147,1808.96803284,1835.24151611,1803.46801758,1801.50387573,1804.56280518,1829.44772339,1820.84591675,1819.50140381,1821.82545471,1814.82749939,1824.77217102,178.083662033,1644.88919067,1598.78930664,1591.86738586,1806.33137512,1735.82106018,1748.69300842,1757.21478271,1734.44984436
5,643.837097168,651.83417511,652.967407226,645.33846283,648.864761352,651.305358887,659.089103699,640.4661026,650.779670715,649.685516357,649.420875549,646.144241333,652.469718933,655.177909851,992.496017456,976.821617126,996.333427429,972.44429779,981.038597107,981.569877625,983.041687012,979.09563446,993.283050537,990.109016419,978.480278015,988.885047913,654.508880615,670.988998413,640.65700531,642.868972778,785.904548645,742.661758423,750.479286194,750.430099487,747.730461121
6,597.746429443,606.023635864,613.977012634,597.533058166,609.68535614,606.949638367,615.660140991,603.644790649,596.181762695,609.343238831,598.761734009,596.631568909,608.061058044,610.219429016,925.453208923,909.876708984,929.279708862,902.936874389,911.527877808,903.011611939,911.159156799,907.177223206,910.801521301,918.316215515,907.504066467,919.867271423,681.757957459,638.381576538,597.523147583,611.98461914,734.057296753,693.179077148,693.882484436,700.301986694,698.909088135
7,642.490234375,649.081001282,651.430519104,646.324478149,653.29964447,644.576332092,654.494903565,646.5779953,645.82346344,651.179550171,650.583984375,641.801864624,649.359466553,803.636749267,969.581001282,948.415634155,970.179931641,947.277542114,951.241775512,951.727714539,960.89730072,950.055641174,960.516418457,962.152923584,953.496948242,958.787582398,687.621902466,682.116271973,642.959121704,655.929000854,791.776298523,744.123153687,745.511993408,750.971160889,747.28881836
8,1582.39122009,1563.62030029,1596.72276306,1576.42033386,1607.955307,1568.18434143,1580.56085205,1556.07272339,1564.0664978,1560.68618775,1575.35647583,1563.28013611,1573.49507141,1563.34683227,1851.52386475,1845.90609741,1886.55543518,1829.33959961,1836.48614502,1841.12319946,1852.13322449,1831.68739319,1954.53182983,1841.16156006,1827.04754639,1840.02697754,1619.16549683,1618.3271637,1575.2644043,1582.81390381,1772.22416687,1717.18096924,1712.17738342,1704.1607666,1735.12908935
9,1665.8152771,1649.84017944,1655.26939392,1625.41394043,1687.29608154,1659.93185425,1677.42494201,1669.58633423,1635.81173706,1645.69691467,1643.39953613,1649.59039307,1658.27952576,1478.75175476,1968.84431458,1893.99806214,1926.34396362,1872.37400818,1884.47961426,1885.36636352,1922.82878113,1905.00904846,1892.07218933,1908.79229736,1899.25991821,1911.85258484,1749.98745728,1656.02513122,1599.46447754,1598.14060974,1823.88272095,1755.02227783,1765.20896912,1759.25354004,1756.14120483
10,1927.73124695,1906.75920105,1920.94764709,1865.06626892,1953.74554443,1918.63743591,1914.32710266,1866.49472046,1863.81015015,1899.72602844,1829.29003906,1853.79841614,1885.58312988,1815.56022644,2092.39260864,2096.46603394,2151.30612183,1989.01843262,2089.91165161,2087.93151855,2124.74429321,2071.40252686,2059.38006592,2109.75598145,2076.72375488,2077.48052979,1913.72790527,1926.34680176,1871.45124817,1870.84732056,2074.69277954,1941.34327698,1931.1322937,1925.55973816,1980.41546631
11,1758.78437805,1741.59194946,1742.90649414,1699.00231934,1778.89689636,1754.5957489,1756.21621704,1758.78738403,1698.04521179,1728.0083313,1709.53320313,1721.42892456,1731.33103943,1550.57376098,2028.87718201,1953.71450806,2004.99955749,1841.72018432,1946.62322998,1945.34291077,1962.57757568,1958.54933166,1945.19775391,1980.57565307,1966.17262268,1982.05906677,1745.41824341,1784.23910523,1700.615448,1696.66818237,1910.25514221,1835.20375061,1757.72712707,1742.65498352,1830.81227112
12,613.482673645,617.345939636,620.496757507,606.88874054,651.925895691,616.237701416,621.0080719,636.816726685,612.733604431,616.970428467,613.859031677,614.993751526,618.042030334,626.965209961,950.454528809,954.00126648,962.223892212,938.670677185,950.353378296,940.838966369,964.779884339,940.925354004,951.855667114,958.82749939,944.023864746,961.117050171,654.81980896,661.953575134,617.885650635,629.954399109,751.358352661,717.338104248,720.121589661,719.04889679,726.958946228
13,1062.73771668,1056.83447265,1084.7397461,1068.28044128,1108.81983948,1058.12133789,1071.69805908,1070.49333191,1055.10380554,1059.94961548,1067.35093689,1053.08087158,1063.43414307,1066.6146698,1361.11888122,1355.01031494,1376.35845947,1338.26139832,1343.2305603,1344.4377594,1362.17552185,1331.70578003,1341.69003296,1342.51254273,1329.75709534,1348.50094604,1149.58296204,1132.36201477,1077.72634888,1106.68714905,1272.60707093,1200.87542724,1210.38169861,1196.61532593,1227.79116822
14,552.943557739,551.077987671,567.057342529,553.324050903,600.547576904,554.016029358,562.487289429,586.088005066,547.310913086,556.743003845,558.844833374,549.173484802,559.431381226,557.892089844,917.335838318,900.579444885,915.539070129,881.371246338,896.204307556,892.821907043,921.170280456,884.730941773,895.402793884,895.879196167,884.068878174,899.099105835,649.591613769,646.36403656,571.047088623,598.016868591,728.692649841,663.200767517,668.824630737,663.315704346,680.374656677
15,596.488037109,589.833099365,607.849128723,594.381538391,640.939483643,593.227401733,602.647850037,628.5001297,585.495704651,592.997497559,596.244148254,585.722167969,593.337135315,594.560562134,951.231826782,936.146697998,946.472763062,917.606491089,928.136192322,922.61164093,953.375297546,915.734527588,926.030792236,926.43737793,916.668922424,935.218139649,693.062454224,686.558670044,609.93989563,641.413619995,784.583030701,707.631713867,715.50340271,704.364028931,728.6509552
16,1180.28533935,1177.63345337,1203.6018219,1171.57583618,1203.10810852,1180.81867981,1199.12007141,1182.18113708,1172.35565186,1178.35560608,1174.89575195,1179.98226929,1185.87333679,1189.23310852,1438.53407288,1449.59259033,1461.19706726,1428.08908081,1432.94888306,1422.23524475,1425.91093445,1412.73907471,1428.40632629,1427.74693298,1409.91636658,1437.30378723,1198.32119751,1209.81036377,1174.56257629,1174.98196411,1323.93084717,1289.22273254,1297.06242371,1279.64788818,1301.23730469
17,651.491226197,647.254348755,662.363586426,647.114204407,698.804588318,651.198059082,662.791267395,680.540458679,650.259048462,652.43914032,653.660636902,647.865219116,653.584495544,659.563873291,1002.45733643,1003.70392609,1009.58254242,974.990386963,985.438179016,979.780715942,1006.60511017,973.523277283,983.867591858,988.813453674,971.258255005,996.84197998,725.975746155,726.027023315,662.832199096,681.25843811,819.947654724,762.103271484,775.127807617,762.935813904,784.379997253
18,1052.89115906,1050.8457489,1071.01501465,1046.26893616,1080.13439941,1050.53079224,1070.11535644,1058.86746216,1043.42108154,1052.39335633,1044.40197754,1048.38993835,1050.80664063,1057.86785889,1364.47032165,1370.02996826,1391.36883545,1350.68385315,1357.87826538,1344.52157593,1354.71107483,1342.47383118,1354.75161743,1356.99702454,1339.63162231,1359.33692932,1089.64190674,1097.30786133,1062.48658752,1066.3309021,1213.86724853,1176.34564209,1181.21853638,1168.10577392,1193.3461914
19,864.61844635,853.30846405,875.373092651,863.038581848,897.384529114,856.719291687,875.538444519,874.688575745,856.627822876,862.304733276,862.427017212,859.929733276,865.831474304,863.264068604,1202.95361328,1201.06787109,1211.68882751,1183.41487122,1185.78637695,1178.4533844,1193.98440552,1175.31205749,1192.16117859,1193.71749878,1177.64268494,1187.99021912,909.500213623,916.675209045,873.419830322,885.442710876,1023.61066437,973.941818237,985.146209717,975.11050415,992.565223694
20,457.888339996,457.625576019,467.452636719,449.019191742,498.208942413,458.536140442,466.059555054,492.558094025,457.719585419,458.588756561,450.68164444,454.383529663,457.527828216,466.757362366,787.278419495,787.714988708,787.342842102,771.685249329,783.028274536,769.984710694,791.977043152,771.320602417,773.679100037,781.412239075,767.91381073,790.055671692,490.221233368,506.33309555,466.164154053,471.618816376,564.235466003,542.591369629,550.741790772,540.604866028,552.628875732
21,532.300056457,531.783790589,545.62877655,519.120384216,569.251708984,542.114501953,548.654541016,560.986824036,530.174835205,536.036682129,523.050643921,528.306915283,534.655044556,547.954818726,854.569610596,866.992591858,865.369026184,841.785362244,856.822402954,838.920082092,862.706176758,840.010604858,843.031028748,850.508110047,836.706436157,860.034156799,574.989006042,577.365501404,537.74320221,550.241271973,647.170440674,622.754798889,632.450454712,619.207862854,633.177139282
22,1070.73464966,1067.51516724,1089.32290649,1062.78063965,1096.69216919,1073.90032959,1087.41046143,1074.22781372,1066.0085907,1073.14448547,1064.80024719,1070.79597473,1075.22471619,1085.16749573,1370.44462585,1379.06794739,1390.31559753,1359.90934754,1370.93867493,1353.12475586,1356.90795898,1348.93629456,1366.72492981,1366.12904358,1348.36508179,1371.12434387,1100.88179016,1111.96429443,1079.54412842,1086.92558289,1225.76852417,1199.74232483,1206.60552979,1191.76231384,1210.94592285
23,1095.13432312,1092.23304749,1118.51167298,1086.50424194,1119.10525513,1100.43817139,1117.31294251,1101.77055359,1089.40174866,1096.6521759,1086.51603699,1098.39273071,1103.71284485,1110.64614868,1403.49362183,1414.58505249,1428.84963989,1390.73040771,1402.04518128,1386.75558472,1393.56619263,1383.66957092,1392.99691772,1397.36520386,1378.9006958,1401.63360596,1129.47485352,1142.45993042,1108.04682923,1115.99291992,1248.36495972,1224.99542236,1229.00762939,1210.66688537,1235.05206299
24,505.355270386,509.142120361,514.258838653,490.884628296,530.15751648,509.115085602,515.287380218,533.188735962,504.85993576,500.328853607,496.193904877,501.831630707,509.197254181,519.457054138,869.809310913,859.568649292,866.741897583,840.087875366,850.222755432,837.144676208,860.03818512,841.966461182,840.475410461,849.708374024,834.2162323,852.691421509,543.170143128,539.767829895,503.275554657,528.842605591,645.696121216,609.940223694,615.746307373,608.733009338,620.444915772
25,1030.01920319,1026.29620362,1046.42208862,1020.00446319,1048.43048096,1028.52548981,1046.23326111,1033.75701904,1024.742836,1026.71875763,1017.38814545,1028.01342773,1033.56716919,1038.47801209,1336.68508911,1341.14830017,1358.27406311,1327.34254456,1332.92259216,1319.79023743,1325.85043335,1321.38453674,1331.29634094,1333.85307312,1317.27662659,1335.13755799,1043.33372498,1048.46350097,1021.58724976,1033.63023376,1182.78913879,1156.77523804,1163.36572266,1150.22756958,1167.71754456
26,427.132350922,433.510055542,435.455734253,416.725429535,455.387020111,431.546924591,439.032691956,458.029037476,424.013881683,424.746788025,419.15826416,419.893974304,427.733104706,436.036361694,781.427520752,772.699951172,775.672668457,754.241615295,767.722610474,748.149772644,770.030036926,755.574234009,757.561912537,766.194885254,753.886871338,768.005332947,466.764312744,468.729099274,426.444732666,455.291259766,542.276542664,516.738250732,522.186981201,519.451049805,522.636352539
27,455.798503876,461.351230621,467.194137573,449.435890198,488.119075775,462.150310516,469.695793152,494.844203949,459.029201508,455.545619965,448.433319092,453.950622559,456.035888672,469.592414856,817.013656616,810.308570862,812.122116089,787.607826233,800.688018799,781.291305542,807.000801087,789.642585755,788.921897888,797.731964111,784.43208313,805.707527161,509.178901672,504.184837341,466.014411926,487.750453949,602.008903503,563.887336731,571.68372345,562.958015442,575.914527893
28,444.263092041,454.815704346,450.754951477,437.98690033,459.928050995,452.220714569,457.695209503,467.546138763,447.656677246,442.065513611,434.801769257,441.46453476,449.770206451,452.782817841,817.00377655,812.455055237,817.117103577,789.427734375,796.569480896,787.958076477,803.984741211,798.620056152,791.845085144,799.565612793,793.564384461,804.787330628,475.228736878,468.896778107,446.394470215,471.597324371,586.718200684,543.812675476,553.893798828,548.588661194,554.471534729
29,465.608276367,470.671489716,468.194324493,451.883300781,483.117992401,468.826946259,472.83467865,489.524162293,464.597988129,459.977806091,452.404277801,460.888607025,465.624191284,480.187881469,818.54108429,817.024520874,825.865150452,792.477416992,806.838966369,792.517326355,809.540306091,799.410926819,798.356513977,808.52053833,792.309295654,818.138000488,501.658740997,495.275524139,463.385475159,497.129890442,586.367195129,551.915779114,560.760200501,556.646766662,558.776641846
30,419.781951904,433.502017975,424.56924057,412.842651367,442.631027222,427.697368622,432.166683197,447.317638397,424.217342377,420.373886108,411.374858856,418.029964447,423.592048645,434.635932923,783.341209411,776.391723633,780.028770447,757.319725037,767.25050354,757.090270996,772.126373291,760.30127716,764.656845093,768.753616333,756.78616333,774.291229248,457.141426087,453.290554047,426.516212464,450.459903717,570.892524719,522.543029785,533.925750732,528.657730102,536.24079895
31,424.409851074,432.646995544,431.856895447,416.016014099,446.646785736,430.359889984,436.957309723,450.901432037,428.155029297,420.751838684,418.449237824,421.7162323,431.211933136,438.936073303,795.993614197,784.005470276,789.134353638,762.30569458,773.761642456,761.590690613,778.772453308,769.352500916,768.318153381,772.296791077,765.643493652,780.032279968,464.846401215,461.187477112,430.439376831,458.868244171,572.6561203,531.106582642,540.904579163,535.749557495,539.244903564
32,615.489486694,621.962089538,617.386512756,603.366104126,618.475860596,617.99079895,629.331535339,618.636520386,618.946907044,610.879768371,605.606124878,608.706794739,614.514678955,624.726745605,958.058479309,966.873466492,973.197883606,936.028312683,952.421234131,947.209869385,948.317062378,943.347724914,954.776702881,955.768600464,950.282424926,966.421012878,633.120986938,640.2033844,616.902229309,649.83076477,772.856025696,722.429504395,743.050064087,734.411895752,746.971221924
33,449.370155335,455.487709045,453.827583313,443.040542602,462.033679962,459.379722595,463.833427429,474.827754974,451.407699585,450.268871308,440.619419098,444.154830933,453.971149445,458.514659881,825.745414734,823.797523499,832.218139648,798.307373047,807.937614441,799.469863891,813.317596436,805.825767517,806.784500122,810.546966553,805.794136048,820.315002441,482.468074798,476.567119598,453.415302277,482.265625,597.569389343,555.693916321,570.957542419,559.851066589,572.093482971
34,527.281448364,534.622299194,536.79082489,522.111030579,534.19329071,538.349662781,547.687789917,536.974525452,532.17049408,529.411445618,520.358131409,524.752006531,536.327941895,541.011070251,890.667373657,893.253311157,892.172180176,866.284233093,881.528839111,868.864562988,879.973731995,872.795501709,879.032325744,881.110473633,879.653717041,888.851936341,560.70904541,564.522460937,537.681625366,578.117980957,690.793510437,648.866127014,658.92502594,654.027008057,659.060821533
35,414.523391724,421.267864227,419.499492645,410.092792511,428.998596191,423.335781097,431.243312836,439.862651825,420.539146423,413.870227814,407.525150299,413.717136383,421.452728272,426.74300766,805.600158691,802.020599365,802.984733581,774.447982788,786.242797851,776.082511902,794.542022705,781.465103149,786.072631836,789.917350769,783.978851318,796.514923096,446.774520874,455.051696777,428.96169281,457.294586182,574.65297699,531.199577332,541.809822082,533.019592285,546.044021606
36,595.904129028,605.729103089,604.654121399,587.975479126,598.072090149,603.725021362,606.53175354,595.591331482,594.534759522,592.271972656,590.986633301,587.958045959,602.692497254,609.307907105,952.859733581,969.51965332,967.880783081,939.577590942,951.934158325,944.095687866,941.183280945,948.902099609,947.344459534,954.845726013,946.209243774,956.92350769,615.135040283,627.346580506,604.627227783,646.438079834,762.589447022,724.176803589,731.982475281,735.985450745,741.61227417
37,478.189033508,491.233867645,480.739612579,469.248794556,480.488933564,489.370346069,497.041927338,483.490222931,483.220539093,481.478664398,472.656028747,478.401786804,482.743133545,494.21641922,827.780799866,846.378173828,841.016647339,814.869400024,826.219306946,825.206817627,823.601913452,824.126533508,828.570007324,835.448852539,817.871910095,845.407859802,485.895401001,492.772224426,481.400531769,505.370002747,606.853439331,572.952285767,592.968360901,584.789077759,579.378868103
38,558.70639801,576.262924194,566.692550659,552.373626709,566.540763855,568.291755676,574.949890137,562.588424683,560.668251037,558.5572052,557.164077759,555.485893249,569.819946289,575.196128845,886.013938904,906.699028015,904.305862427,883.405822754,891.892997742,884.172828674,884.079750061,889.777084351,894.183624268,899.970321655,881.885314941,904.68927002,592.762008667,600.746513367,580.593353272,617.549942016,669.100692749,643.324378968,662.04196167,662.974838257,659.331604004
39,528.849555969,550.02432251,535.888069153,524.90927887,536.842277527,539.003173828,546.840393066,536.581130981,530.049766541,533.511108399,527.803199768,530.685470581,537.065719605,544.591018677,865.361404419,887.03868103,883.994537354,861.066642761,872.27747345,862.509262085,862.041656494,867.541313171,872.80141449,876.189102173,857.518882752,882.463249207,556.620986938,564.796569824,542.434799194,577.387657166,653.980583191,618.160217285,637.178710938,631.70930481,631.748344421
40,426.902492523,439.263412476,432.373744965,411.835441589,417.330863953,430.499351501,428.175598144,424.625698089,424.27205658,424.601516724,417.48015976,413.962787628,432.244514465,437.220664978,765.439865113,787.297088623,787.12436676,772.472305298,778.223533631,775.502685547,768.005401611,777.865364075,779.444496155,782.164611816,776.76738739,795.377784729,439.292339325,438.939128876,432.984779358,454.514438629,551.289260864,524.347457886,538.395599365,544.976318359,537.70463562
41,426.509933472,439.669872284,435.489685059,419.907600403,426.207294464,437.138217926,436.631290436,433.354347229,433.736335755,428.733898163,423.919330597,422.933986664,442.12096405,442.966972351,793.628250122,817.643028259,806.605545044,788.705886841,800.712516785,794.887687683,787.616615295,797.322601318,796.676727295,799.106277466,794.926521301,810.949951172,452.722244263,458.072628021,446.828765869,475.021331787,577.867202759,547.535842896,559.269096374,564.25868988,563.766799927
42,389.157527923,404.906013489,399.402896881,383.025016785,387.855159759,401.399730682,399.014282226,392.247283936,395.799530029,395.375808716,387.800174713,386.698829651,403.583343506,409.885684967,742.462783813,756.227378845,752.958480835,743.953582764,754.528106689,746.710121155,738.152046204,746.212791443,751.607681274,747.187469482,745.358322144,762.788688659,417.611415863,416.495983124,404.094394684,434.851055145,529.639640808,498.255290985,510.632026672,514.837844849,510.216579437
43,397.466686249,412.45280838,404.98897934,390.198703766,394.498420715,408.318885803,404.295585632,402.034130097,405.209838867,400.288833618,396.728916168,391.810642242,414.184947967,414.080978394,756.161865234,773.772956848,770.593635559,754.398216248,765.1902771,760.568832397,750.965148926,762.438041687,766.062896728,764.227577209,759.819282532,772.360572815,419.839092254,426.623500824,412.483322144,441.588535309,542.321784973,507.111034393,521.798423767,528.533805847,522.851837158
44,485.926338196,502.504806519,494.188354492,472.24369812,475.679252625,492.637519836,492.332675934,477.185123444,501.873981476,491.460868836,482.26871872,482.193714142,499.001461029,502.448055267,816.444023132,845.818878174,845.350234986,822.441726685,833.060447693,827.07383728,817.365379333,832.90436554,831.833961487,835.734931946,829.403007507,853.492553711,498.443443298,503.093212128,499.112510681,534.903533936,600.195083618,590.158088684,601.493293762,603.191459656,601.312858581
45,437.714775085,459.082607269,447.046257019,426.977443695,431.403648376,450.809448242,446.108867645,436.063411713,443.638477325,450.06476593,432.341190338,437.588367462,442.4349823,461.672348022,780.728775025,807.943275452,805.639091492,791.99962616,798.258056641,793.487571716,787.506263733,795.455123901,796.403427124,798.637260437,792.001098633,821.611930847,459.633220673,454.018157959,454.541667938,480.845123291,569.067474365,542.867912292,556.997558594,560.181488037,556.769874573
46,551.867263794,574.758293152,564.4377594,542.219085693,543.932624817,563.341964722,563.241333008,539.06729126,561.937828064,558.655006408,545.408576965,548.929641724,560.191551208,569.034439087,916.085350037,942.737495422,945.990791321,923.882415771,932.232429504,919.67376709,917.752105713,932.762573242,929.281867981,936.117767334,928.306411743,945.667602539,569.538467407,573.773864746,566.024009705,615.070236206,710.867927551,689.009063721,692.469047546,703.655036926,701.818252563
47,396.461204529,416.94083786,405.676464081,384.81924057,390.526504516,407.419502258,405.849433899,395.200237274,401.507381439,404.634712219,389.709384918,396.72127533,402.562541962,414.436656952,742.425926209,770.57535553,773.217849731,755.024986267,761.643203735,754.253189087,754.773223877,761.014228821,759.457099915,769.677398682,762.281204224,781.074806214,419.709976196,418.509269714,412.501861572,448.241558075,520.455047607,507.02293396,510.204330444,520.775939941,520.196182251
48,637.801780701,652.606140137,651.428543091,618.971641541,623.899543762,648.607711792,640.412521362,623.140586853,657.713165283,643.042686462,622.325424194,633.020042419,647.260017395,653.759880066,957.906524658,994.586036682,990.973312378,968.970619201,972.701904297,965.175552368,960.678627014,977.188484192,972.019287109,979.986785889,967.564453125,992.419914246,649.324760437,646.952331543,652.400215149,696.315887451,765.807739258,756.353935242,767.960983276,765.285057068,775.787452698
49,504.899841309,521.420707703,513.288230896,495.207141876,491.059642792,519.346038818,512.858901977,493.623828888,523.369606018,515.556640625,500.592937469,503.892108917,517.762607574,531.148147583,836.712501526,870.767066956,867.392814636,849.209655762,853.551483154,845.549446106,838.525367737,853.203796387,852.453559875,858.994644165,847.404647827,870.433959961,516.837944031,516.838924408,520.370586395,549.285003662,617.860595703,599.472892761,617.1092453,613.551574707,614.586486816
50,412.017715454,426.8895607,425.009616852,401.663116455,407.025493622,423.197742462,417.001457214,405.004402161,433.111499786,428.490455628,407.231708526,415.504486084,424.240566254,437.095737457,755.513549805,784.747276306,782.349136353,766.114631653,772.776184082,765.628189087,762.24004364,770.302368164,773.955039978,780.745063782,764.878860473,787.414848328,428.178104401,428.759330749,439.337596893,466.247539521,529.457801819,513.161838532,524.736358643,520.167121888,521.784973144
51,594.539009094,611.128189087,605.921417237,587.185150147,585.118019104,608.933273315,602.35118866,583.153038025,614.044090271,603.084007263,589.558547974,592.830711365,602.294723511,618.991340637,949.785079956,977.858917236,978.327140808,954.919380188,963.011985779,948.604804993,946.801956177,959.673477173,959.771903992,965.874816894,957.114631653,978.010185242,616.441299438,617.221054077,612.281761169,653.77041626,742.497741699,714.920013428,726.760040283,724.864768982,727.675918579
52,635.042945862,652.250617981,655.919303894,634.631782532,627.789344788,651.584457398,648.637802124,626.026634216,659.920318604,656.070037842,635.781723022,636.796691895,659.976829529,654.283706665,944.583503723,974.087059021,976.339508057,956.542938232,970.699264526,958.120216369,947.727813721,966.225791931,958.929893494,969.621948242,958.615943909,978.881507874,655.919181824,646.423477173,657.508270263,700.993537903,748.392059326,733.990097046,753.606887817,739.917617798,752.418144226
53,653.806594849,665.416069031,669.462585449,639.344093323,639.593513489,668.41368103,661.693077087,640.331428528,671.170913696,666.747947693,641.638374329,648.392967224,667.218780518,667.017318726,970.475318908,1010.65905762,1011.019104,985.979057312,992.589385986,983.011535644,976.995399475,993.391464233,987.282585144,996.875915528,983.62097168,1006.53538513,673.624984741,662.34854126,676.16658783,720.24142456,785.944702149,769.871208191,788.606163025,781.216461182,801.267860412
54,522.126281738,545.160736084,546.050491333,525.393058777,516.641273499,547.561698913,543.153442383,522.523376465,551.362060547,547.134262085,524.619659424,530.205657959,547.183448792,544.881462097,856.306770325,882.636039734,882.796165466,864.366447449,878.762672424,859.111061096,859.888671875,871.177383423,866.382133484,879.823112488,871.876373291,879.184234619,553.071403503,545.854225159,549.351524353,595.390930176,638.866073608,627.439193726,639.952461243,633.837280274,640.406684875
55,473.213546753,491.659217834,495.728397369,476.807487488,468.696170807,501.133926392,492.505168915,474.356513977,508.79719162,496.144470215,476.092224121,475.827457428,502.990016937,498.181739807,804.622764587,834.934997559,833.056541443,814.237472534,825.526573181,811.323394775,808.226371765,820.348838806,815.857810974,824.931533813,818.154182434,828.626235962,511.101200104,501.400775909,519.614265442,578.546318054,590.779579163,575.408630371,594.639564514,590.309394836,584.514213562
56,476.557518005,487.995517731,500.24679184,482.848766327,475.613788605,502.043819427,505.809272766,481.244689942,510.940776825,501.323429108,484.56817627,482.910133362,561.480918884,501.439247131,844.803077698,871.905929565,871.939941406,846.808731079,869.49067688,815.608161926,852.738769531,863.051498413,854.92641449,868.311080932,862.756591797,864.44732666,497.655128479,496.477165222,510.301048279,544.905029297,627.230247498,618.56603241,634.154602051,620.489265442,700.606513977
57,610.067481994,622.823799133,625.57497406,609.269683838,603.828277588,630.728134155,625.785804748,601.979728699,631.467208862,631.037460327,606.361984253,608.253120422,635.797554016,630.861282349,956.057235718,994.981552124,996.857604981,968.363555908,989.190612793,966.688316345,965.945655823,979.932701111,974.26309967,985.47731781,973.837837219,991.566596985,631.643928528,621.910018921,633.914726257,674.498695373,761.650939941,744.53314209,766.383262634,754.558273315,774.722602844
58,424.610992432,433.96685791,446.316932678,433.216827393,425.286914825,449.89541626,451.565826416,426.568908691,456.186546326,452.111499786,431.450416565,432.956665039,460.564430237,449.407909393,793.517173767,817.238014221,818.162315369,791.753372192,817.912940979,793.056564331,800.41204834,808.191947937,805.231742859,815.145889282,806.288253784,808.278373718,449.378234863,443.970188141,457.968532562,488.597881317,574.907028198,561.177772522,573.455711365,564.859886169,577.784721375
59,422.814849854,433.925827026,439.203430176,425.595943451,419.169776916,440.115726471,442.114582062,423.253379822,449.335891723,444.800533295,424.186477661,428.559661865,449.933029175,443.881980896,786.484779358,813.658493042,817.903274536,790.846237183,816.114067078,791.154983521,800.413345337,804.092903137,798.080879211,814.298271179,808.250984192,808.140045166,446.405715943,436.825492859,456.097316742,486.728473663,566.859268188,550.272346496,565.961708069,612.412033081,578.025413513
60,435.756420136,445.19588089,456.026405334,437.961555481,429.105560303,456.236816406,462.734325409,438.624542236,469.389808655,455.109859467,437.46390152,437.187217712,473.661529541,451.591365814,784.093467712,807.736633301,809.029922485,783.843170166,801.172645569,789.921157837,793.128898621,804.814796448,788.566299438,799.152397156,798.776626587,805.658226013,455.834518433,454.540088653,459.867824555,497.577674866,561.34022522,546.066436768,560.886291504,549.383575439,554.921279907
61,436.681484222,443.883533478,455.633895874,439.453403473,433.661891937,457.873020172,468.699687958,438.810123444,647.442108154,457.708370209,439.304141998,436.792510986,127.665349006,454.413455963,797.180908203,820.839454651,818.464950562,798.625106812,818.202445984,797.467262268,802.953475952,811.663475037,801.927764893,810.826599121,808.081176758,814.031410217,458.592681885,453.946525574,462.484657287,501.604557037,582.284606934,569.180030823,579.124885559,563.967094421,572.144050598
62,417.695461273,427.683368683,436.500976563,424.02306366,415.416389465,437.417263031,447.43384552,419.06262207,448.658981323,443.492485046,421.913208008,421.778736115,478.618530274,441.787185669,781.711860657,805.642120362,801.621055603,780.981803894,806.324501038,787.700546264,791.811508179,799.94077301,789.233451843,795.762825012,794.085372925,799.701393127,440.536235809,441.889293671,444.273666382,484.397781372,561.219116211,541.401931763,558.813522339,537.344490051,548.048309326
63,407.169204712,416.527008057,425.444023132,412.261985779,404.143878937,431.344856262,438.966838837,413.839931488,439.728214264,430.423156738,412.623363495,410.366241455,494.710525513,426.172161102,775.930984497,799.036087036,789.86428833,771.987373352,796.989570618,776.273757935,779.677307129,789.914802551,779.914543152,789.375709534,785.512176514,791.496383667,431.470901489,430.190029144,431.571178436,474.509841919,551.085914612,534.396377563,550.352432251,528.858184814,540.397575378
64,540.085151672,552.613594055,556.683494568,538.423164368,539.030891418,560.026908875,566.308288574,541.340515137,568.942687988,553.466896057,537.737411499,530.999092102,569.858139038,558.851470947,865.962692261,889.920570374,883.037620544,865.677597046,879.490516663,873.393028259,872.619537353,874.960533142,869.30947113,878.431182861,870.223075867,898.954330444,557.742095947,557.812515259,547.606834412,591.579162597,670.745498657,638.13911438,661.450958252,646.633338928,654.395698547
65,468.532737732,478.126499176,480.357723236,465.704189301,465.011924744,486.63129425,489.212383271,466.233325958,492.089691162,483.089740753,461.705371857,463.287059784,491.330730438,481.905525207,799.441337585,828.539619445,828.165527344,801.422821045,820.276031494,810.581130981,814.043937683,818.374824524,813.061767578,823.714546203,811.198638916,834.705589294,484.468650818,480.357551575,481.037982941,521.288665772,593.577934265,567.146942139,593.828598023,579.227859497,586.587615967
66,440.739944458,454.346805573,453.888286591,440.511482239,439.797153473,464.919891358,464.735900879,444.873889923,465.460597992,453.368545532,435.030471802,431.78086853,466.431255341,454.894676208,786.860153198,811.308273315,811.474563599,785.688156128,802.62625885,788.325881958,799.149147034,800.39679718,790.892623901,804.545417786,799.452102661,818.499359131,462.059963226,458.981006622,452.840000153,496.612411499,565.142654419,544.74571991,560.716903687,555.556938171,561.230369568
67,426.07138443,437.745269775,444.012523651,428.029407501,420.14207077,447.552516937,453.089172363,434.743618011,455.253623963,438.388725281,426.293388367,419.321372986,455.950458526,439.407444,783.004554748,808.474479675,799.754386902,782.585258484,795.68346405,785.493545532,793.604057312,796.493888855,785.768913269,796.262420654,796.05178833,807.160392761,446.337562561,450.373561859,444.443996429,478.783248901,561.725372314,541.196922302,561.578979492,548.083824158,554.597572327
68,506.030151367,519.86289978,525.558853149,503.659843445,508.09513092,528.358581543,529.330909729,522.333427429,537.964584351,515.05418396,502.373756409,505.220287323,536.205429077,528.491760254,838.560272217,868.517036438,867.615829468,840.031608581,845.610191345,847.272354126,846.745330811,850.101600647,846.66771698,855.697769165,848.404747009,872.696052551,531.323554993,527.345046997,524.301315307,553.252586365,625.85647583,612.283874512,624.600257874,622.430366516,624.352386475
69,490.036243439,507.600063324,506.950531006,488.190811157,493.541275024,514.391468048,515.489646912,498.340484619,516.233230591,506.280132294,487.201499939,483.159221649,518.278419494,515.756576538,827.255104065,860.568572998,856.50289917,831.821533203,842.875671387,834.687820434,837.377433777,839.16772461,833.606185913,846.790260315,834.795677185,868.075408936,517.601615906,509.823143005,503.597572327,542.10484314,615.907691955,593.442451477,612.010902405,605.827674866,609.074569702
70,756.887100219,645.822875977,654.321243286,633.079429626,640.595413208,652.511985779,660.876098633,639.354866028,656.743965149,647.341278076,633.106079101,633.155822754,661.532089233,654.536849976,970.708061218,998.433670044,1002.54167175,972.811454773,982.40712738,977.69114685,978.525382996,980.881668091,977.888580322,990.85559082,974.232841492,1001.74318695,664.261177063,662.795669556,655.32875061,691.979690552,776.817054748,746.811439514,763.835113525,755.205223084,767.544342041
71,587.093128204,527.403411865,537.757507324,514.028614044,516.463062286,537.305892944,539.57157135,529.285247803,543.531829834,529.60471344,514.858768463,514.274047851,542.4661026,537.619567871,866.356239319,895.198791504,893.511825562,870.221488953,876.015319824,872.453727722,875.915306091,874.815414429,867.838752746,887.748291015,875.158584595,896.089706421,538.808616638,538.181678772,533.228691101,570.557167053,648.722900391,625.491783142,644.031639099,634.769668579,641.257995605
72,667.003227234,677.240501404,688.252883911,660.955886841,671.352310181,687.253578186,686.031570435,675.087623596,685.940055847,679.380966187,651.796112061,661.065750122,688.998397827,690.795303345,990.390052795,1018.61547089,1026.40116882,989.616416931,999.286514282,996.429046631,994.140205383,992.508399963,989.086997986,1013.78870392,991.154396057,1023.79888153,681.520126343,679.360397339,672.573036194,690.098518372,788.912437439,761.097465515,772.369232178,765.960426331,785.271598816
73,494.160892487,509.705562592,506.593624115,490.050376892,494.696586609,517.673107147,513.786441803,508.266716004,520.285583496,506.214515686,486.099578857,482.366752624,518.564239502,514.020454407,833.505760193,868.05153656,864.899238586,840.756942749,847.851753235,843.69115448,844.274360657,844.37600708,844.870491028,855.634498596,845.043891907,875.539993286,518.635414123,508.627090454,508.740772247,529.637519836,618.985298157,596.242103577,610.649436951,609.513092041,611.765403748
74,622.25933075,632.510566711,639.881225586,624.985275269,626.410987854,641.470039368,641.122489929,629.411003113,647.079627991,638.314598084,621.718643189,618.787139893,651.507728577,650.034248352,951.533554077,986.083145142,990.753395081,958.417671204,970.058364868,961.09778595,961.963386536,958.038345337,960.251594544,976.075508118,958.14214325,979.901077271,659.205032349,657.676078797,650.016616821,671.616287231,767.930755615,734.087730408,743.699462891,731.562286377,756.045684814
75,438.670967102,454.556461334,457.634799957,442.236366272,439.608734131,464.67628479,461.904930115,459.595478058,466.895805359,458.380599975,435.15700531,432.163909912,466.289516449,473.056892395,785.765586853,820.315834045,813.550292969,791.640968323,798.179832459,791.600593567,794.15171051,792.369300842,787.593978882,803.546020508,795.71333313,821.374588013,476.335525513,465.463867188,464.489749908,483.510505676,569.510673523,545.708274841,552.457366943,553.408409119,563.0417099
76,552.463523865,564.702857971,577.662689209,555.317314148,554.487358093,577.55406189,574.467208863,569.336502075,572.157585144,573.205078125,542.833595276,547.633102417,585.130355835,580.74319458,872.567993164,914.653617859,906.039108276,878.006011963,888.93120575,883.024162293,883.568252564,878.037887573,879.474197388,897.171524048,872.140182495,907.173820496,576.573287964,580.154029846,570.624282837,590.020881653,669.527946472,649.087638855,654.229888916,644.097290039,669.506019592
77,757.170524597,763.346160889,764.85748291,737.257400513,761.394355774,771.925476074,763.313873291,761.748550415,768.375526428,766.508415222,735.340805054,746.375915527,769.159866333,813.847145081,1050.36074829,1086.36094666,1093.63400268,1042.52372742,1057.15730286,1056.6386261,1054.12617493,1045.98561096,1048.53295899,1071.14208984,1037.2885437,1090.35111999,758.865318298,767.774276733,752.015861511,776.155151367,886.906021118,846.515289307,862.007392883,851.839881897,875.137283325
78,475.31275177,485.797233582,496.364082336,476.193031311,474.611938476,501.202880859,490.243965149,488.788562775,485.968784332,493.465454102,458.641075134,469.193717956,492.303649903,519.084770203,810.529182434,849.224632263,844.508850098,817.739952088,829.899612427,819.7784729,824.937454224,820.138565063,818.864173889,840.549125671,813.960655212,845.8123703,495.459705353,495.692707062,493.526016235,502.264240265,592.209396362,575.29724884,579.466789245,576.613456726,598.836608887
79,454.311080933,468.906772614,476.446296692,456.329425812,457.915378571,477.949588776,470.428504944,470.616710663,469.90965271,474.872489929,443.862686157,450.417812347,474.977134705,126.801629066,795.22580719,832.122039795,831.541946411,800.440475464,814.058815003,809.240440369,807.026130676,803.512443543,807.307693481,823.224128723,800.997612,830.998321533,475.046272278,482.224357605,480.140319824,484.759700775,579.469688416,558.080940247,566.842895508,563.966163635,581.275726318
80,597.711845398,613.005714416,619.931938172,600.376777649,597.30254364,622.876373291,612.418769836,604.541862488,613.976104736,614.585449219,581.179260254,589.768173218,619.765266418,604.798126221,889.470451355,937.12298584,935.997940063,901.096748352,904.015930176,906.20426178,903.473167419,903.985183716,903.668876648,912.158691406,893.863822937,926.88117218,613.895240784,619.744651794,619.939414978,630.011413574,701.849014282,685.628044129,698.833267212,681.787902832,720.299377441
81,566.200500488,578.615753174,584.627571106,566.687583923,565.237243652,590.176353454,584.398368836,586.12108612,582.686195373,588.620452881,546.771667481,557.227722168,586.531387329,581.342285156,865.339958191,912.058113098,895.579109192,873.332702637,877.260620117,876.243408203,878.4298172,872.632041931,871.002471924,887.364051819,863.637634277,903.047752381,590.742813111,590.305717468,581.088935852,595.322387695,672.794807434,657.26701355,661.67375946,648.961830139,681.592407227
82,110.526831627,112.115327835,114.449194908,111.680561066,112.06227684,112.648680687,114.486261368,112.174772263,114.068494797,115.778214455,111.863554001,111.970432281,115.394156456,112.688818932,438.574630737,440.905883789,444.171279907,441.498493194,444.868392944,443.557365417,446.003131866,445.075317383,444.906990051,444.948188782,444.950531006,443.238788605,110.86701107,112.745512962,113.708741188,111.840259552,162.802228928,161.523130417,161.82557869,159.607978821,164.72580719
83,114.134878159,114.555858612,116.63570404,114.835917473,117.844055176,115.078691483,115.462539673,114.636962891,117.378250122,116.642967224,115.008211136,116.739458084,117.631988525,114.671518326,446.418365479,451.362205506,450.186302185,453.218341827,455.32793045,450.211894989,453.592002869,455.539970398,452.640701294,453.52072525,452.233596802,451.824539185,113.874601364,114.028121948,115.358364105,116.302100182,172.088436127,170.508478165,169.987567902,170.940872192,170.417871475
84,726.419502258,743.217704773,750.64225769,733.562919617,731.151062012,751.496315003,747.304908753,721.052017212,744.674682617,744.049697876,710.488563538,724.564826965,761.974090576,738.720588684,994.152786255,1030.41384888,1048.34332275,1009.19412994,1015.15650177,1016.95235443,1011.28598786,1006.64085388,1003.97902679,1015.85124969,1004.91120911,1033.23451233,741.023048401,740.779922486,730.980484009,769.529960632,854.230674744,825.016700745,831.548713684,817.562309265,851.825523376
85,546.381568909,565.307441712,569.889099121,557.956878662,551.42074585,571.603775024,565.234939575,548.183677673,563.66708374,566.444778442,533.185211181,541.393791199,569.617614746,553.862091065,846.299491882,879.638504028,891.823631286,861.297889709,866.441864014,861.195877075,859.844177246,862.899047851,861.140182495,868.300544739,857.332069397,878.005348206,568.027885437,565.771125794,565.258056641,584.118583679,651.825904846,640.038345337,646.85811615,637.570289612,670.512374878
86,485.284511566,508.628635406,516.203800201,504.684318543,487.90467453,515.604492188,516.431091309,489.616142273,510.042713165,511.686565399,476.289733887,488.988590241,519.886917114,496.937828064,802.527824402,831.654434204,849.438735962,822.290893555,829.119682312,819.435409546,820.724533081,819.227874756,820.127159119,828.374221802,821.911697388,826.751609802,520.070739746,517.426345825,512.046775818,538.018325806,609.89351654,586.519691467,585.164756775,587.326049805,604.952133179
87,632.456336975,656.483161926,664.07118988,651.670227051,639.897521973,661.507247925,664.337173462,629.246154785,651.620880127,655.522438049,643.438697815,627.563865662,661.780487061,641.179214478,936.331336975,971.930351257,968.299545288,957.512123108,962.560928344,951.580352783,956.105995178,955.774299622,952.107627869,963.766838074,949.906257629,973.001327515,668.636741638,665.059066772,656.212989807,692.007514954,767.232940674,743.883056641,746.442733765,738.852539062,781.191497802
88,547.885627746,567.33657074,571.94833374,565.190849304,548.803489685,569.886901856,576.824317932,545.021392822,569.004776001,557.496917725,536.109413147,547.313095093,578.929740906,560.181335449,850.22429657,873.604316711,891.843025208,871.284339905,868.873641968,874.909233093,867.120239258,873.236999512,863.078910828,878.507232666,868.388427734,881.553695679,566.06186676,557.965461731,558.89566803,595.030197144,665.052024841,642.66292572,651.73790741,644.092720032,655.161170959
89,717.476150513,730.618927002,731.868911743,717.553230286,715.668518066,737.124404907,735.787261963,710.589416504,728.717285156,726.150253296,695.703338623,711.1146698,743.98928833,727.899650574,991.702842712,1023.53347015,1045.60548401,1009.7835083,1011.08602142,1019.42751312,1012.87958527,1008.65856171,1001.53160095,1019.7483902,1005.76296997,1031.25119018,720.061531067,724.262229919,715.791046142,759.140228271,846.782325745,824.671287537,829.643676758,816.52481842,841.689018249
90,667.835227966,682.233459473,691.882202148,685.458335876,675.351066589,691.894363403,693.672058105,662.063842774,681.394500732,679.03755188,653.441589356,668.97164917,701.462127686,682.940963745,947.951766968,981.930679321,1009.94057465,972.3957901,975.581108093,978.74962616,973.374160766,971.897453308,965.656234741,980.11354065,970.703155517,989.492965698,692.801399231,680.238700867,676.872001648,728.677742005,798.028007507,771.702392578,777.530166626,764.726394653,797.088630676
91,697.657302856,709.256584168,714.384597779,700.433326721,696.165840149,719.763397217,717.735801697,685.287857056,711.873954773,702.643661499,678.473464966,692.719512939,726.211677551,708.65196991,969.231956482,1000.87256622,1029.10012817,987.880210877,993.116867065,997.746948242,992.390327454,990.797988892,983.433486938,997.385444641,989.990783691,1009.33750916,705.321159363,712.191581726,703.240585327,744.972145081,821.763320923,797.180435181,808.226615906,794.355949402,820.571495056
92,949.089744568,962.807617187,963.568458557,953.389884949,960.066940308,962.806480408,975.11177063,934.896461487,972.519935608,954.160812378,935.764686585,943.936447144,979.468528748,963.333358765,1204.83850098,1229.5072937,1255.13272095,1221.76219177,1219.95332336,1236.39541626,1215.08114624,1225.88267517,1211.32106018,1231.37882996,1217.63366699,1244.08894348,943.301803589,945.378471374,935.765159607,979.923568725,1089.0524292,1058.29734802,1074.49543762,1055.85351562,1076.04017639
93,694.472808838,711.104400635,710.514198303,703.296508789,693.967811584,715.343902588,721.093795776,695.513771057,720.612518311,700.461418152,686.571037293,688.734489441,718.896095276,706.580329895,988.479743958,1014.72596741,1038.92042542,1010.55569458,1002.54018402,1016.51211548,1008.82959747,1011.10549927,996.030105591,1016.03364563,1003.50289154,1028.02954864,706.956192017,702.521636963,701.412330627,748.847442627,832.423072815,806.031143189,815.318405151,802.598754883,819.603218079
94,503.328433991,524.020385742,519.102386475,523.959625244,508.118869781,525.0519104,535.958251953,505.323852539,535.692100525,524.533706665,497.907402039,499.00995636,535.62739563,519.960144043,808.708412171,838.466178894,847.505088806,831.926818848,830.878097534,837.967796326,826.647850037,835.774345398,824.598098755,835.768386841,828.913391113,843.921607971,524.089813232,524.934379578,515.631309509,558.06804657,640.172477722,610.849449158,621.517311096,609.391334534,622.948478699
95,127.092084885,127.416683197,126.733681679,128.75819397,126.913178444,127.515579223,127.972107887,126.351552009,129.636054039,127.655674934,127.405105591,127.001153946,129.239535332,248.257399559,461.194015503,462.965053558,467.130580902,465.610172272,466.089149475,468.02986145,467.993236542,469.023326874,468.851745606,467.322654724,468.109661102,467.314411163,122.79445076,126.634648323,125.279597282,127.96336174,175.32879448,175.007095337,176.85632515,176.528684616,179.205129623
96,968.793159485,976.868835449,979.380500794,970.58102417,978.190307617,970.25958252,984.593208313,949.590408325,983.444915771,974.62236023,965.761032104,952.57408905,994.320854187,982.079498291,1195.1882782,1216.88046265,1246.37550354,1218.76844788,1209.9024353,1219.04200745,1207.02919006,1209.0640564,1196.53747558,1222.97348022,1206.44248963,1226.81587219,958.685310364,966.821762085,958.379669189,1000.51950836,1099.33331299,1074.62361145,1076.3473053,1059.67018128,1075.65513611
97,745.392486572,752.042396545,753.217025757,754.111793518,745.390411377,749.603889465,757.428283691,728.227546692,760.624992371,749.170417786,730.157226562,725.69455719,768.533943176,749.566726684,1007.4521637,1035.29003906,1056.40029907,1022.90525818,1029.74323273,1042.93508911,1018.91788483,1031.79864502,1027.26023865,1037.63986206,1022.46611023,1047.92980957,750.270729065,751.314964294,741.354301452,779.429626465,874.072319031,842.962860107,859.219108582,842.217704773,852.49054718
98,617.603767395,632.136650085,629.474822998,635.079063416,623.967018128,628.8465271,634.653747559,610.252037048,636.52268219,629.633369446,611.147384644,601.943267822,642.078422546,630.343170166,915.77822113,934.384994507,962.236145019,932.331741333,928.815658569,942.332237244,928.041107178,938.578491211,930.407646179,947.133857727,932.401527405,948.554260254,637.859230042,632.779846191,629.996650696,656.656211853,747.67704773,724.088539124,736.032318115,726.24874115,727.334472656
99,133.014211655,131.865619659,132.951457978,132.437669754,132.084778786,132.082273483,131.216529846,132.516901016,133.786672592,134.993432999,132.393400192,133.192836761,135.452251434,134.36097908,465.730945587,470.868377686,472.550556183,470.512332916,470.196533203,472.659770966,474.360797882,475.061309815,471.184066772,472.492027283,473.412483216,471.622982025,130.744588852,129.252469063,133.031750679,129.803220749,182.811737061,179.420890808,180.610649109,178.976249695,182.04860115
100,896.193305969,901.496177673,919.387825012,922.645683289,909.033729553,902.014175415,904.922981262,881.034446716,895.502510071,909.538169861,893.135177612,885.081825256,928.810150146,907.38608551,1141.59403992,1155.12089539,1191.4324646,1156.15083313,1154.22978211,1155.78086853,1153.09735108,1157.96472168,1146.36531067,1160.65074158,1148.84718322,1171.97676087,910.3516922,903.185447693,892.565643311,915.558082581,1022.169693,995.720504761,1002.06396484,985.151092529,1001.37250519
101,689.865760803,702.844985962,702.639648438,710.90587616,700.402870178,697.213874817,704.644294739,682.476509094,704.629631043,702.821273804,689.677047729,675.497131348,719.270835876,707.304138184,976.657493592,991.638366699,1019.19989777,994.964370728,983.112289429,995.468467712,994.899719238,989.579788208,976.380943298,1004.47961426,992.488258362,1000.97418976,708.24105072,704.946022034,702.499816895,724.866477966,817.863220215,798.619415283,799.225776672,786.646347046,799.985893249
102,794.734138489,803.455215454,813.353813171,820.534873962,811.152320862,800.294677734,811.233337402,784.82346344,802.137306213,812.423820495,792.500030518,784.630348206,827.845336914,812.649017334,1072.49546814,1089.92073059,1121.17843628,1099.13842774,1087.30198669,1089.08479309,1095.41348266,1090.27832031,1078.37898254,1096.30340576,1090.2053833,1099.73554993,813.323898315,815.579376221,802.447235107,830.866500855,929.173210144,913.209793091,906.955406189,891.728065491,909.360626221
103,919.263999939,925.197097778,939.911468506,933.820907593,931.830665588,927.907142639,931.36605835,906.855400085,927.072296142,932.033569336,927.833000183,908.417869568,955.171821594,932.857116699,1183.21636963,1203.28855896,1235.14605713,1202.09155273,1195.69761658,1200.45629883,1191.89361572,1196.09411621,1185.61695862,1201.21282959,1199.30657959,1208.3903656,926.680259705,934.044685364,923.089958191,950.59438324,1061.55522156,1039.71838379,1047.21284485,1022.02018738,1047.16539001
104,1116.423172,1096.94448852,1120.78134155,951.814937591,1134.82514954,1103.48724365,1078.39079285,1073.20310974,1056.03413391,1075.40861511,1037.66584778,1059.03904724,1088.28242493,1073.93864441,1304.48568726,1308.05334473,1371.6776886,1286.42167663,1291.93270874,1302.55143738,1323.23222351,1298.75218201,1279.83007812,1348.02375794,1307.77937317,1333.42893982,1043.6303711,1089.39587403,1024.29090881,1044.94772339,1176.43217468,1144.75579834,1146.36306763,1141.74131775,1152.3228302
105,1008.15692902,1011.35494232,1021.60468292,1009.25076294,1014.41983032,1011.38669586,1019.78210449,991.365242004,1008.37080383,1011.17741394,1005.30070496,996.673301696,1028.67596435,1013.51409149,1247.22680664,1256.73968506,1288.28105164,1258.97158814,1253.53799438,1252.23402405,1248.86476135,1249.53363037,1234.33389282,1258.47322082,1248.7678833,1269.31829834,1001.18950653,1000.19513702,983.460144043,1012.81258392,1138.43315124,1110.70175171,1118.36331177,1101.80284119,1119.83111572
106,1191.26185608,1181.88092041,1196.36428833,1210.14552307,1190.82800293,1185.88235474,1195.60649109,1168.64137268,1171.7509613,1176.94917298,1166.22312927,1163.41339111,1198.31141662,1161.51028442,1423.10449219,1422.16059876,1457.15707397,1406.2555542,1421.03636169,1404.87825012,1423.19059754,1410.83311462,1394.35525513,1427.42027283,1408.78903198,1428.0327301,1159.90032959,1174.80963135,1140.45219421,1175.53082275,1309.11994934,1273.84567261,1264.25634765,1253.39427185,1275.3631134
107,859.672462463,861.927375793,878.141777039,871.97038269,865.415626526,864.017028809,866.663764953,837.312255859,851.812103271,860.582145691,848.302131653,841.741256714,882.311439514,855.55330658,1124.56826782,1132.47814941,1169.10205078,1129.46463013,1135.01042175,1134.92811584,1137.19386291,1137.19122314,1123.68096924,1141.81666565,1127.8966217,1149.71055603,869.217712402,863.384376526,850.067466736,872.424278259,979.084091187,953.04447937,953.658622742,939.321769714,960.87210083
