,Unnamed: 0,pin average impedances 10044,cartridge_to_cartridge_pin_variation 10044,pin average impedances 00000004,cartridge_to_cartridge_pin_variation 00000004,pin average impedances 10045,cartridge_to_cartridge_pin_variation 10045,pin average impedances 47,cartridge_to_cartridge_pin_variation 47,Upper Bound 10044,Lower Bound 10044,Upper Bound 00000004,Lower Bound 00000004,Upper Bound 10045,Lower Bound 10045,Upper Bound 47,Lower Bound 47,Average Trial 6391.csv,Lower Bounds Failure 6391.csv,Upper Bounds Failure 6391.csv,Z score 6391.csv,Failed Pins 6391.csv,Average Trial 6407.csv,Lower Bounds Failure 6407.csv,Upper Bounds Failure 6407.csv,Z score 6407.csv,Failed Pins 6407.csv,Average Trial 6530.csv,Lower Bounds Failure 6530.csv,Upper Bounds Failure 6530.csv,Z score 6530.csv,Failed Pins 6530.csv,Average Trial 6387.csv,Lower Bounds Failure 6387.csv,Upper Bounds Failure 6387.csv,Z score 6387.csv,Failed Pins 6387.csv,Average Trial 6450.csv,Lower Bounds Failure 6450.csv,Upper Bounds Failure 6450.csv,Z score 6450.csv,Failed Pins 6450.csv,Average Trial 6419.csv,Lower Bounds Failure 6419.csv,Upper Bounds Failure 6419.csv,Z score 6419.csv,Failed Pins 6419.csv,Average Trial 6432.csv,Lower Bounds Failure 6432.csv,Upper Bounds Failure 6432.csv,Z score 6432.csv,Failed Pins 6432.csv,Average Trial 6434.csv,Lower Bounds Failure 6434.csv,Upper Bounds Failure 6434.csv,Z score 6434.csv,Failed Pins 6434.csv,Average Trial 6441.csv,Lower Bounds Failure 6441.csv,Upper Bounds Failure 6441.csv,Z score 6441.csv,Failed Pins 6441.csv,Average Trial 6463.csv,Lower Bounds Failure 6463.csv,Upper Bounds Failure 6463.csv,Z score 6463.csv,Failed Pins 6463.csv,Average Trial 6504.csv,Lower Bounds Failure 6504.csv,Upper Bounds Failure 6504.csv,Z score 6504.csv,Failed Pins 6504.csv
0,0,1579.332909,415.3735426,1882.881722,44.17232623,1658.187572,41.5824622,1812.016312,21.01140466,3033.140308,125.5255101,2037.484863,1728.27858,1803.72619,1512.648955,1885.556228,1738.476395,7496.222839,FALSE,TRUE,127.0782319,9,1905.869659,FALSE,FALSE,0.520414927,,1863.008057,FALSE,FALSE,-0.449912118,,1714.159958,FALSE,FALSE,0.324592288,88,1674.655563,FALSE,FALSE,0.229486581,,1681.531357,FALSE,FALSE,0.561385332,10,1686.554138,FALSE,FALSE,0.682176192,17,1797.273987,FALSE,FALSE,3.344833542,50,1645.655502,FALSE,FALSE,-0.301378742,11,1687.626266,FALSE,FALSE,0.707959376,25,1644.998764,FALSE,FALSE,-0.317172379,10
1,1,767.5104846,189.608104,1130.215369,15.61707566,798.1973553,8.030074787,913.6190826,7.826420572,1431.138849,103.8821207,1184.875134,1075.555604,826.302617,770.0920935,941.0115546,886.2266106,1672.147324,FALSE,TRUE,34.70124411,10,1139.672058,FALSE,FALSE,0.60553521,,1119.306534,FALSE,FALSE,-0.698519706,,811.7994385,FALSE,FALSE,0.233581545,,803.6218033,FALSE,FALSE,0.190452401,,928.5258026,FALSE,TRUE,16.23004154,26,821.4074173,FALSE,FALSE,2.890391764,19,803.1601486,FALSE,FALSE,0.618025795,52,798.0033951,FALSE,FALSE,-0.02415422,27,819.0181732,FALSE,FALSE,2.592854799,27,1014.342873,FALSE,TRUE,26.91699929,62
2,2,1315.709536,327.2136773,1647.287104,12.84666555,1385.981972,7.804785057,1529.576566,12.25891401,2460.957407,170.4616657,1692.250434,1602.323775,1413.298719,1358.665224,1572.482765,1486.670367,4664.23822,FALSE,TRUE,234.8431275,11,1637.851868,FALSE,FALSE,-0.734450241,,1643.18486,FALSE,FALSE,-0.319323644,,1394.722412,FALSE,FALSE,0.2414718,,1376.420334,FALSE,FALSE,0.185538691,,1410.092499,FALSE,FALSE,3.089198084,28,1408.448715,FALSE,FALSE,2.878585804,22,1390.566269,FALSE,FALSE,0.587370075,87,1497.187332,FALSE,TRUE,14.24835657,28,1400.76738,FALSE,FALSE,1.894402974,28,1377.274368,FALSE,FALSE,-1.115674985,87
3,3,1939.146161,2.843216448,2369.73745,2.861138502,1995.415771,61.60683996,2050.584329,1.295176921,1949.097418,1929.194903,2379.751434,2359.723465,2211.039711,1779.791832,2055.117448,2046.05121,2396.185181,FALSE,TRUE,9.243778654,12,2368.719452,FALSE,FALSE,-0.355801631,,2368.225189,FALSE,FALSE,-0.528551987,,1943.438278,FALSE,FALSE,1.509599289,,1942.742447,FALSE,FALSE,1.264865442,,1957.267563,FALSE,FALSE,-0.619220344,41,1959.00412,FALSE,FALSE,-0.591032613,37,1958.565628,FALSE,FALSE,-0.598150196,88,1956.412918,FALSE,FALSE,-0.633092907,,1965.921906,FALSE,FALSE,-0.478743366,38,1961.280823,FALSE,FALSE,-0.554077254,88
4,4,1651.298257,13.28079079,1821.973015,19.89801069,1253.407386,621.172874,1756.502014,26.30001473,1697.781025,1604.815489,1891.616052,1752.329977,3427.512445,-920.6976725,1848.552066,1664.451963,7399.065552,FALSE,TRUE,280.2839251,13,1852.030045,FALSE,FALSE,1.510554507,,1812.047623,FALSE,FALSE,-0.498813289,,1647.548157,FALSE,FALSE,-0.282370254,,1614.006393,FALSE,FALSE,-2.80795505,,1624.398224,FALSE,FALSE,0.597242496,43,1653.687988,FALSE,FALSE,0.644394852,39,1609.512405,FALSE,FALSE,0.573278445,89,1588.819138,FALSE,FALSE,0.539965226,,1636.3918,FALSE,FALSE,0.616550448,,1594.882874,FALSE,FALSE,0.549726979,
5,5,649.8128858,4.603646713,984.4665457,7.212373047,652.2559643,12.02761051,755.4412308,15.49526992,665.9256493,633.7001223,1009.709851,959.2232401,694.3526011,610.1593275,809.6746755,701.2077861,1546.004288,FALSE,TRUE,77.8575565,14,984.8989105,FALSE,FALSE,0.059947645,,973.3198166,FALSE,FALSE,-1.545500916,,656.0263367,FALSE,FALSE,1.349680205,,648.8104095,FALSE,FALSE,-0.217756997,,657.2443008,FALSE,FALSE,0.414740447,76,662.772789,FALSE,FALSE,0.874390197,42,644.1741791,FALSE,FALSE,-0.671936059,90,649.4195633,FALSE,FALSE,-0.235824147,,650.2193298,FALSE,FALSE,-0.16932993,,637.4391632,FALSE,FALSE,-1.231898976,
6,6,605.0299181,6.399802235,913.0759538,8.066144166,632.4118252,32.03579745,704.0659866,15.24774407,627.429226,582.6306103,941.3074584,884.8444492,744.5371163,520.2865341,757.4330909,650.6988824,1212.918045,FALSE,TRUE,37.17291497,15,911.6463699,FALSE,FALSE,-0.177232621,,902.3399353,FALSE,FALSE,-1.330997597,,608.7949677,FALSE,FALSE,0.588307167,,608.8336487,FALSE,FALSE,0.594351265,,623.108963,FALSE,FALSE,-0.290389593,88,633.5241089,FALSE,FALSE,0.034720026,44,605.6927643,FALSE,FALSE,-0.83403764,,611.4837112,FALSE,FALSE,-0.653272764,,619.4234772,FALSE,FALSE,-0.40543233,,594.5071716,FALSE,FALSE,-1.183196816,
7,7,659.3328705,40.19295136,957.0275345,7.52192615,667.1565742,18.39971011,755.934285,18.06739391,800.0082003,518.6575407,983.354276,930.700793,731.5555596,602.7575889,819.1701636,692.6984063,1171.204788,FALSE,TRUE,28.47372461,16,955.2000885,FALSE,FALSE,-0.242949206,,947.2492294,FALSE,FALSE,-1.299973552,,654.4787445,FALSE,FALSE,-0.120770578,,652.3113709,FALSE,FALSE,-0.174694801,,662.5161514,FALSE,FALSE,-0.252200866,,682.0548706,FALSE,FALSE,0.809702776,50,650.9336624,FALSE,FALSE,-0.881693882,,652.0623398,FALSE,FALSE,-0.820351754,,650.4649429,FALSE,FALSE,-0.907168168,,640.0996399,FALSE,FALSE,-1.47050873,
8,8,1573.725646,14.03294142,1853.126906,34.03126692,1598.892742,20.03439989,1728.174475,24.25763514,1622.840941,1524.610351,1972.23634,1734.017472,1669.013142,1528.772343,1813.076198,1643.272752,6624.4422,FALSE,TRUE,140.2038691,17,1830.774277,FALSE,FALSE,-0.656826247,,1838.02417,FALSE,FALSE,-0.443790006,,1582.198151,FALSE,FALSE,0.603758293,,1568.186707,FALSE,FALSE,-0.394709788,,1612.979004,FALSE,FALSE,0.703103753,,182.0610085,TRUE,FALSE,-70.71994878,52,1569.949677,FALSE,FALSE,-1.444668461,,1582.739166,FALSE,FALSE,-0.806291977,,1563.700653,FALSE,FALSE,-1.756583141,,1561.171982,FALSE,FALSE,-1.882799613,
9,9,1643.007705,48.16738619,1905.935095,24.31137272,1650.904419,61.79352173,1771.901743,26.23014768,1811.593556,1474.421853,1991.0249,1820.845291,1867.181745,1434.627093,1863.707259,1680.096226,7507.45166,FALSE,TRUE,230.4072514,18,1944.689941,FALSE,FALSE,1.594103566,,1886.259537,FALSE,FALSE,-0.809315005,,1650.63356,FALSE,FALSE,0.158319896,,1613.035385,FALSE,FALSE,-0.622253393,,1628.036194,FALSE,FALSE,-0.370074798,,1666.75885,FALSE,FALSE,0.256571089,91,1609.454788,FALSE,FALSE,-0.670776314,,1587.851303,FALSE,FALSE,-1.020383919,,1642.085541,FALSE,FALSE,-0.142715254,,1593.272903,FALSE,FALSE,-0.932646561,
10,10,1887.248368,38.30648466,2085.542793,37.61985814,1895.593319,24.84876226,1970.628711,55.4507473,2021.321065,1753.175672,2217.212297,1953.87329,1982.563987,1808.622651,2164.706326,1776.551095,4928.993195,FALSE,TRUE,75.58376192,19,2139.724243,FALSE,FALSE,1.440235359,,2008.113037,FALSE,FALSE,-2.058214996,,1864.638077,FALSE,FALSE,-0.590247104,,1860.260498,FALSE,FALSE,-0.70452485,,1924.43309,FALSE,FALSE,1.160611984,,2091.737915,FALSE,TRUE,7.893535864,,1877.59761,FALSE,FALSE,-0.724209451,,1873.008499,FALSE,FALSE,-0.908891137,,1880.995163,FALSE,FALSE,-0.587480206,,1819.623337,FALSE,FALSE,-3.057294417,
11,11,1723.550133,53.27340035,1959.700798,43.17335075,1731.735245,35.85394131,1815.330655,60.4072815,1910.007034,1537.093232,2110.807526,1808.59407,1857.224039,1606.24645,2026.75614,1603.90517,6320.054749,FALSE,TRUE,100.996422,20,2027.483322,FALSE,FALSE,1.570008418,,1912.30072,FALSE,FALSE,-1.097901298,,1720.407486,FALSE,FALSE,-0.058990918,,1691.83493,FALSE,FALSE,-0.595329041,,1761.962677,FALSE,FALSE,0.843071393,,1804.096817,FALSE,FALSE,2.018232016,,1708.905121,FALSE,FALSE,-0.636753536,,1705.759689,FALSE,FALSE,-0.724482566,,1741.029602,FALSE,FALSE,0.259228329,,1688.037964,FALSE,FALSE,-1.218758086,
12,12,620.5547545,11.05731744,951.5060024,8.623089855,641.1533585,17.93198121,726.9651779,12.62703265,659.2553656,581.8541435,981.6868169,921.3251879,703.9152927,578.3914242,771.1597922,682.7705637,1134.514221,FALSE,TRUE,21.22304439,21,949.2609406,FALSE,FALSE,-0.260354689,,938.0295258,FALSE,FALSE,-1.562836164,,616.9676437,FALSE,FALSE,-0.324410583,,613.9906921,FALSE,FALSE,-0.59363968,,653.1231079,FALSE,FALSE,0.667508476,,670.2927628,FALSE,FALSE,1.624996365,,622.335556,FALSE,FALSE,-1.04939896,,620.2275238,FALSE,FALSE,-1.166956088,,640.5695648,FALSE,FALSE,-0.032556003,,603.4311295,FALSE,FALSE,-2.103628626,
13,13,1067.661356,13.86589045,1347.896608,12.99047854,1116.589619,27.13734433,1221.654138,27.63920887,1116.191973,1019.13074,1393.363283,1302.429933,1211.570324,1021.608914,1318.391369,1124.916907,2180.770508,FALSE,TRUE,64.11418158,22,1329.891724,FALSE,FALSE,-1.386006222,,1345.995972,FALSE,FALSE,-0.146309933,,1075.002335,FALSE,FALSE,0.529427113,,1068.29631,FALSE,FALSE,0.045792529,,1118.640854,FALSE,FALSE,0.075587175,,1287.459167,FALSE,TRUE,6.29647274,,1079.347672,FALSE,FALSE,-1.372350467,,1087.837418,FALSE,FALSE,-1.059506808,,1069.497849,FALSE,FALSE,-1.735312402,,1064.019089,FALSE,FALSE,-1.937202451,
14,14,561.2098247,14.3050903,898.6835842,12.61133617,616.2549019,33.14463979,680.8816818,24.70909352,611.2776407,511.1420086,942.8232608,854.5439076,732.2611412,500.2486626,767.3635092,594.3998545,1135.596222,FALSE,TRUE,18.78568889,23,894.3839951,FALSE,FALSE,-0.340930501,,885.5123749,FALSE,FALSE,-1.044394437,,556.1992188,FALSE,FALSE,-0.350267341,,559.1563187,FALSE,FALSE,-0.143550721,,604.0015488,FALSE,FALSE,-0.369693356,,671.3602753,FALSE,FALSE,1.662572703,,579.2725067,FALSE,FALSE,-1.115788115,,591.1977386,FALSE,FALSE,-0.755994435,,580.2106171,FALSE,FALSE,-1.087484584,,555.0293503,FALSE,FALSE,-1.847223321,
15,15,600.1588489,15.35544138,931.3058891,12.69653023,657.74366,34.02055307,728.1466263,29.43347333,653.9028937,546.4148041,975.7437449,886.8680333,776.8155957,538.6717242,831.1637829,625.1294696,1169.329437,FALSE,TRUE,18.74713357,24,927.8135376,FALSE,FALSE,-0.27506346,,919.4296799,FALSE,FALSE,-0.935390146,,595.1587753,FALSE,FALSE,-0.325622263,,595.9923096,FALSE,FALSE,-0.271339601,,644.9766693,FALSE,FALSE,-0.375272872,,723.416832,FALSE,FALSE,1.930396954,,617.4362869,FALSE,FALSE,-1.184794761,,631.1238632,FALSE,FALSE,-0.782462199,,624.5888519,FALSE,FALSE,-0.974552294,,593.9383087,FALSE,FALSE,-1.875494238,
16,16,1184.215727,10.33997486,1431.218363,13.7348607,1189.419025,15.20031387,1298.220239,14.81462744,1220.405639,1148.025815,1479.290376,1383.146351,1242.620124,1136.217927,1350.071435,1246.369043,3312.272766,FALSE,TRUE,136.9547492,25,1414.532959,FALSE,FALSE,-1.214821528,,1425.566528,FALSE,FALSE,-0.411495627,,1176.461655,FALSE,FALSE,-0.749912067,,1186.832779,FALSE,FALSE,0.253100456,,1194.247681,FALSE,FALSE,0.317668127,,1234.867554,FALSE,FALSE,2.989973014,,1172.582855,FALSE,FALSE,-1.107619904,,1181.761871,FALSE,FALSE,-0.503749735,,1336.679001,FALSE,TRUE,9.687956226,,1158.279129,FALSE,FALSE,-2.048635091,
17,17,658.4950109,14.0625774,989.7385629,13.10363547,699.0233517,27.75347514,780.898909,21.19517353,707.7140318,609.27599,1035.601287,943.8758388,796.1605147,601.8861887,855.0820163,706.7158017,1278.098175,FALSE,TRUE,22.00607708,26,987.4636993,FALSE,FALSE,-0.173605529,,977.4326096,FALSE,FALSE,-0.939125129,,651.1930161,FALSE,FALSE,-0.519250111,,652.8552704,FALSE,FALSE,-0.401046009,,161.0452614,TRUE,FALSE,-19.38417036,,749.5520096,FALSE,FALSE,1.82062454,,660.6148834,FALSE,FALSE,-1.383915638,,747.5974655,FALSE,FALSE,1.750199339,,697.8751526,FALSE,FALSE,-0.041371363,,640.290184,FALSE,FALSE,-2.116245528,
18,18,1055.567837,10.58210067,1357.23791,13.32580616,1078.941814,14.84598646,1186.576678,15.90697725,1092.60519,1018.530485,1403.878232,1310.597588,1130.902767,1026.980862,1242.251099,1130.902258,3747.940002,FALSE,TRUE,179.4039373,27,1341.546661,FALSE,FALSE,-1.177508391,,1348.313232,FALSE,FALSE,-0.669728902,,1048.667374,FALSE,FALSE,-0.652088263,,1056.472656,FALSE,FALSE,0.085504662,,1097.931366,FALSE,FALSE,1.279103386,,1119.954926,FALSE,FALSE,2.76257231,,1062.372116,FALSE,FALSE,-1.116106254,,1131.476151,FALSE,TRUE,3.53862212,,146.8075848,TRUE,FALSE,-62.78695134,,1043.965347,FALSE,FALSE,-2.3559544,
19,19,866.5038768,10.86366291,1190.347749,10.64790634,896.259491,17.54117378,990.074884,18.10718455,904.526697,828.4810566,1227.615421,1153.080077,957.6535992,834.8653827,1053.45003,926.6997381,2823.505341,FALSE,TRUE,153.378283,28,1176.446808,FALSE,FALSE,-1.305509343,,1178.572464,FALSE,FALSE,-1.105877973,,863.1608124,FALSE,FALSE,-0.30772903,,864.0457687,FALSE,FALSE,-0.226268811,,977.6203995,FALSE,TRUE,4.638281879,,948.4921265,FALSE,FALSE,2.977716095,,877.7916718,FALSE,FALSE,-1.052826877,,151.0061264,TRUE,FALSE,-42.48594613,,969.4225388,FALSE,TRUE,4.17093227,,859.0181046,FALSE,FALSE,-2.123084058,
20,20,463.7862274,13.94293349,780.282746,8.426091313,483.5843248,15.87601073,550.1604736,8.404014765,512.5864946,414.9859601,809.7740656,750.7914264,539.1503624,428.0182873,579.5745253,520.746422,915.1650772,FALSE,TRUE,16.00769873,29,789.5112,FALSE,FALSE,1.095223587,,766.6448364,FALSE,FALSE,-1.618533323,,451.9713783,FALSE,FALSE,-0.847371828,,462.5954552,FALSE,FALSE,-0.085403276,,473.3465614,FALSE,FALSE,-0.644857425,,514.8340492,FALSE,FALSE,1.968361254,,458.5413399,FALSE,FALSE,-1.577410433,,453.9365387,FALSE,FALSE,-1.867458182,,475.7150154,FALSE,FALSE,-0.495672972,,449.6449623,FALSE,FALSE,-2.137776492,
21,21,539.2871088,13.60383748,851.4546324,10.58575252,560.0847454,16.70927912,630.9521393,9.750418376,586.90054,491.6736777,888.5047663,814.4044986,618.5672223,501.6022685,665.0786036,596.825675,1007.668404,FALSE,TRUE,14.75698312,30,852.6653595,FALSE,FALSE,0.114373263,,839.2623749,FALSE,FALSE,-1.151761062,,532.1666489,FALSE,FALSE,-0.523415542,,541.0980072,FALSE,FALSE,0.133116731,,556.6388855,FALSE,FALSE,-0.206224331,,588.2996521,FALSE,FALSE,1.688577137,,538.0465546,FALSE,FALSE,-1.318919307,,534.0054855,FALSE,FALSE,-1.560765111,,567.3022919,FALSE,FALSE,0.431948405,,523.2673798,FALSE,FALSE,-2.203408381,
22,22,1075.551832,9.856875866,1365.165717,11.94538624,1094.828949,12.51345162,1206.964923,11.42661971,1110.050897,1041.052766,1406.974569,1323.356865,1138.62603,1051.031868,1246.958092,1166.971754,3812.222229,FALSE,TRUE,204.8536953,31,1350.778244,FALSE,FALSE,-1.204437639,,1354.894287,FALSE,FALSE,-0.859865851,,1068.454285,FALSE,FALSE,-0.72006053,,1079.168625,FALSE,FALSE,0.366930962,,1104.119339,FALSE,FALSE,0.742432248,,1131.4729,FALSE,FALSE,2.928364814,,1079.854019,FALSE,FALSE,-1.196706574,,1070.915115,FALSE,FALSE,-1.911050153,,1100.187302,FALSE,FALSE,0.428207406,,1068.37146,FALSE,FALSE,-2.114323836,
23,23,1101.166564,10.99642287,1397.88264,13.1683533,1123.993633,13.12783188,1229.617392,12.34393016,1139.654044,1062.679084,1443.971876,1351.793403,1169.941045,1078.046222,1272.821148,1186.413636,638.2986679,TRUE,FALSE,-57.68253286,32,1382.633438,FALSE,FALSE,-1.158018859,,1386.821915,FALSE,FALSE,-0.83994746,,1092.519119,FALSE,FALSE,-0.786387054,,1106.434937,FALSE,FALSE,0.47909877,,1126.153748,FALSE,FALSE,0.164544634,,1160.289642,FALSE,FALSE,2.764813673,,1112.472549,FALSE,FALSE,-0.877607509,,1095.126358,FALSE,FALSE,-2.198936999,,1139.993393,FALSE,FALSE,1.218766345,,1093.122757,FALSE,FALSE,-2.351559389,
24,24,509.9470149,11.48275056,850.2226041,11.32732819,528.7640333,15.63879996,620.1121155,13.46598548,550.1366419,469.757388,889.8682528,810.5769555,583.4998332,474.0282335,667.2430647,572.9811663,941.3569336,FALSE,TRUE,8.045527414,33,841.0144424,FALSE,FALSE,-0.81291559,,839.2844543,FALSE,FALSE,-0.965642523,,496.8123474,FALSE,FALSE,-1.143860739,,509.6728516,FALSE,FALSE,-0.023876107,,517.1314201,FALSE,FALSE,-0.743830295,,556.251915,FALSE,FALSE,1.757672055,,508.2117729,FALSE,FALSE,-1.314183981,,502.0864449,FALSE,FALSE,-1.705859051,,524.5414429,FALSE,FALSE,-0.270007319,,497.7668724,FALSE,FALSE,-1.982067741,
25,25,1032.042611,9.374754846,1331.746783,10.5982547,1036.753677,10.24931,1164.175043,11.03610445,1064.854253,999.2309693,1368.840674,1294.652891,1072.626262,1000.881092,1202.801408,1125.548677,3339.890808,FALSE,TRUE,189.4787474,34,1317.11821,FALSE,FALSE,-1.380281331,,1318.831619,FALSE,FALSE,-1.218612313,,1024.597282,FALSE,FALSE,-0.794189178,,1037.636429,FALSE,FALSE,0.596689478,,1041.330399,FALSE,FALSE,0.446539444,,1067.09845,FALSE,FALSE,2.960664897,,1025.770241,FALSE,FALSE,-1.071626928,,1015.729279,FALSE,FALSE,-2.051298947,,1043.661285,FALSE,FALSE,0.673958348,,1017.261543,FALSE,FALSE,-1.901799643,
26,26,432.0286871,11.97526233,764.263951,9.776996037,454.3073511,16.88532126,524.6578354,9.060251615,473.9421052,390.1152689,798.4834371,730.0444649,513.4059755,395.2087267,556.368716,492.9469547,844.2342453,FALSE,TRUE,8.179434052,35,766.6850281,FALSE,FALSE,0.247629955,,748.9822235,FALSE,FALSE,-1.563028911,,418.5638428,FALSE,FALSE,-1.124388254,,435.5632896,FALSE,FALSE,0.295158676,,446.8192177,FALSE,FALSE,-0.443470001,,480.4583244,FALSE,FALSE,1.548740052,,433.7225304,FALSE,FALSE,-1.219095594,,428.925396,FALSE,FALSE,-1.50319646,,453.0353241,FALSE,FALSE,-0.075333303,,425.8892784,FALSE,FALSE,-1.683004561,
27,27,463.6554437,13.08786652,798.5390294,11.47537107,491.7821512,16.85752444,575.2905014,14.20840344,509.4629765,417.8479109,838.7028282,758.3752307,550.7834868,432.7808157,625.0199134,525.5610894,908.9435272,FALSE,TRUE,9.620995883,36,797.9679489,FALSE,FALSE,-0.049765757,,782.6295776,FALSE,FALSE,-1.38639977,,453.5231705,FALSE,FALSE,-0.774173029,,464.0666237,FALSE,FALSE,0.031416881,,483.8808899,FALSE,FALSE,-0.468708283,,516.4835281,FALSE,FALSE,1.46530275,,471.8339233,FALSE,FALSE,-1.183342664,,461.4257851,FALSE,FALSE,-1.80076062,,488.1188354,FALSE,FALSE,-0.217310423,,458.2621803,FALSE,FALSE,-1.988427839,
28,28,449.5537344,8.65557211,801.0748698,9.749985102,465.5293274,11.27365973,557.4969742,15.11710492,479.8482368,419.259232,835.1998176,766.9499219,504.9871365,426.0715183,610.4068414,504.587107,931.8954849,FALSE,TRUE,13.41751949,37,790.8977051,FALSE,FALSE,-1.04381336,,793.7102127,FALSE,FALSE,-0.755350599,,436.5764465,FALSE,FALSE,-1.49929868,,447.7788162,FALSE,FALSE,-0.205060755,,459.760067,FALSE,FALSE,-0.511746899,,135.3409195,TRUE,FALSE,-29.28848446,,451.2522926,FALSE,FALSE,-1.266406393,,446.2880974,FALSE,FALSE,-1.706742129,,472.0236816,FALSE,FALSE,0.576064419,,437.2226181,FALSE,FALSE,-2.510871355,
29,29,468.1672802,10.39254223,806.6283372,11.14130474,489.3624077,15.1764585,562.8933167,12.09996598,504.541178,431.7933824,845.6229038,767.6337706,542.4800125,436.2448029,605.2431976,520.5434357,898.864769,FALSE,TRUE,8.278781874,38,799.7040863,FALSE,FALSE,-0.621493719,,794.4621658,FALSE,FALSE,-1.091988028,,455.6144295,FALSE,FALSE,-1.207871034,,466.5378418,FALSE,FALSE,-0.156789202,,482.3097115,FALSE,FALSE,-0.464712912,,517.0005836,FALSE,FALSE,1.821121572,,469.3869705,FALSE,FALSE,-1.316212024,,469.8248749,FALSE,FALSE,-1.287357838,,544.4307823,FALSE,TRUE,3.628539202,,464.4292831,FALSE,FALSE,-1.642881607,
30,30,426.623758,10.10384256,768.194809,8.836635198,446.8520241,11.97798492,538.4519669,16.89252523,461.987207,391.2603091,799.1230322,737.2665858,488.7749713,404.9290768,597.5758052,479.3281286,483.3786583,TRUE,FALSE,-32.23128988,39,757.0692444,FALSE,FALSE,-1.259027257,,754.7909622,FALSE,FALSE,-1.51684962,,411.1794662,FALSE,FALSE,-1.52855626,,423.4485359,FALSE,FALSE,-0.314258868,,441.5929146,FALSE,FALSE,-0.439064628,,510.9010124,FALSE,TRUE,5.34722566,,432.4100723,FALSE,FALSE,-1.205707959,,426.4096718,FALSE,FALSE,-1.706660379,,448.3416481,FALSE,FALSE,0.124363491,,420.4512291,FALSE,FALSE,-2.204109886,
31,31,430.6439656,9.878783586,775.1005948,10.30746277,453.8353748,13.67478159,543.9323486,14.74891814,465.2197081,396.068223,811.1767145,739.0244751,501.6971104,405.9736393,595.5535621,492.3111351,864.3456497,FALSE,TRUE,8.658295144,40,766.1033783,FALSE,FALSE,-0.872883729,,762.57827,FALSE,FALSE,-1.214879467,,416.1228333,FALSE,FALSE,-1.469931212,,427.9404182,FALSE,FALSE,-0.273672089,,448.8697166,FALSE,FALSE,-0.363125228,,496.0641136,FALSE,FALSE,3.088074095,,437.452095,FALSE,FALSE,-1.19806519,,432.5058327,FALSE,FALSE,-1.559772053,,455.8112144,FALSE,FALSE,0.144487837,,426.9510345,FALSE,FALSE,-1.965979501,
32,32,616.1442806,6.898832539,954.3918978,10.15748052,635.0143414,12.02170916,743.9437424,16.73082757,640.2901945,591.9983667,989.9430797,918.840716,677.0903234,592.9383593,802.5016389,685.3858459,1022.209396,FALSE,TRUE,6.676606307,41,946.0044785,FALSE,FALSE,-0.82573817,,944.228775,FALSE,FALSE,-1.000555481,,606.3758545,FALSE,FALSE,-1.4159535,,614.1611252,FALSE,FALSE,-0.287462462,,130.9389687,TRUE,FALSE,-41.93042488,,669.6978989,FALSE,FALSE,2.885077077,,630.4591293,FALSE,FALSE,-0.378915507,,621.5942383,FALSE,FALSE,-1.116322388,,630.7746887,FALSE,FALSE,-0.352666379,,615.0759888,FALSE,FALSE,-1.658528943,
33,33,454.3383718,8.795899882,812.5049915,10.29420649,473.6790304,11.93667296,571.2330795,14.59748774,485.1240214,423.5527222,848.5347142,776.4752688,515.4573858,431.9006751,622.3242866,520.1418724,878.3583298,FALSE,TRUE,6.397126222,42,803.4469757,FALSE,FALSE,-0.879913943,,800.6715851,FALSE,FALSE,-1.149520992,,441.1339836,FALSE,FALSE,-1.501198102,,455.7623138,FALSE,FALSE,0.16188702,,480.5516663,FALSE,FALSE,0.575758075,,546.2405701,FALSE,TRUE,6.078874735,,461.3631935,FALSE,FALSE,-1.031764626,,455.9382858,FALSE,FALSE,-1.486238641,,475.5505981,FALSE,FALSE,0.156791405,,444.1025009,FALSE,FALSE,-2.477786701,
34,34,533.0029973,7.302195923,881.1823489,8.504111696,560.2577782,14.55215345,662.3344986,14.71508241,558.560683,507.4453115,910.9467398,851.417958,611.1903152,509.3252411,713.837287,610.8317101,939.7493362,FALSE,TRUE,6.886902412,43,868.6766434,FALSE,FALSE,-1.470548126,,868.9182358,FALSE,FALSE,-1.442139232,,521.2776718,FALSE,FALSE,-1.605725945,,532.4070358,FALSE,FALSE,-0.081614002,,646.7054825,FALSE,TRUE,5.940543756,,587.9090576,FALSE,FALSE,1.900150348,,550.0325699,FALSE,FALSE,-0.70265946,,540.5346375,FALSE,FALSE,-1.355341722,,557.5810394,FALSE,FALSE,-0.183941074,,533.3239365,FALSE,FALSE,-1.850849209,
35,35,420.9050914,8.502579932,789.9891389,9.973898743,447.0206242,11.13819994,545.3451981,15.64578082,450.6641212,391.1460617,824.8977845,755.0804933,486.0043239,408.0369244,600.1054309,490.5849652,850.5546112,FALSE,TRUE,6.072396948,44,781.5018539,FALSE,FALSE,-0.850949583,,778.2130737,FALSE,FALSE,-1.180688264,,408.3660698,FALSE,FALSE,-1.474731403,,422.990963,FALSE,FALSE,0.245322194,,454.2598839,FALSE,FALSE,0.649948803,,489.6148109,FALSE,TRUE,3.824153546,,439.8806,FALSE,FALSE,-0.641039326,,426.0762215,FALSE,FALSE,-1.880411809,,447.7655029,FALSE,FALSE,0.066876046,,420.6334381,FALSE,FALSE,-2.369070963,
36,36,598.2810604,6.886333961,951.7729937,9.083874966,623.3867321,15.54874956,739.2692902,12.96906869,622.3832292,574.1788915,983.5665561,919.9794313,677.8073556,568.9661086,784.6610306,693.8775497,1024.895866,FALSE,TRUE,8.049744514,45,936.4200668,FALSE,FALSE,-1.690129702,,947.136116,FALSE,FALSE,-0.51045151,,592.6461639,FALSE,FALSE,-0.818272312,,600.9468918,FALSE,FALSE,0.387119104,,639.8797913,FALSE,FALSE,1.060732189,,668.3015747,FALSE,FALSE,2.888646603,,643.0284653,FALSE,FALSE,1.263235548,,605.0129013,FALSE,FALSE,-1.18169186,,620.9600143,FALSE,FALSE,-0.15607157,,599.8937607,FALSE,FALSE,-1.51092352,
37,37,483.0370936,7.491943129,829.7081852,9.795313802,491.35954,9.046095893,587.3884064,11.74167102,509.2588945,456.8152926,863.9917835,795.4245869,523.0208756,459.6982044,628.4842549,546.2925578,881.552948,FALSE,TRUE,5.292812854,46,825.0828094,FALSE,FALSE,-0.472202917,,824.9321671,FALSE,FALSE,-0.487581944,,468.3796806,FALSE,FALSE,-1.956423412,,477.8520393,FALSE,FALSE,-0.692084035,,504.2382545,FALSE,FALSE,1.423676547,,498.2512207,FALSE,FALSE,0.761840334,,492.4781647,FALSE,FALSE,0.123658283,,483.5567055,FALSE,FALSE,-0.862563763,,495.0384445,FALSE,FALSE,0.406684229,,476.7423363,FALSE,FALSE,-1.615857701,
38,38,564.521274,7.478333083,892.5896537,8.820348778,597.9129543,13.41772302,659.3546951,8.628822362,590.6954398,538.3471082,923.4608744,861.7184329,644.8749849,550.9509238,689.5555734,629.1538169,951.7278748,FALSE,TRUE,6.704748598,47,886.8387756,FALSE,FALSE,-0.652001203,,887.063446,FALSE,FALSE,-0.626529375,,556.9928818,FALSE,FALSE,-1.006693893,,570.8593674,FALSE,FALSE,0.847527554,,610.4398193,FALSE,FALSE,0.933605872,,619.581955,FALSE,FALSE,1.614953639,,587.5725861,FALSE,FALSE,-0.770650002,,580.7191238,FALSE,FALSE,-1.281426846,,589.9772263,FALSE,FALSE,-0.591436271,,574.4196472,FALSE,FALSE,-1.750916089,
39,39,535.9031775,7.122645714,870.9003016,9.423821063,560.3100033,12.69751259,634.5554321,11.56720655,560.8324375,510.9739175,903.8836753,837.9169279,604.7512974,515.8687092,675.0406551,594.0702092,921.6655731,FALSE,TRUE,5.386909532,48,865.8857651,FALSE,FALSE,-0.532112877,,866.9022903,FALSE,FALSE,-0.424245244,,526.9820404,FALSE,FALSE,-1.252503281,,536.048317,FALSE,FALSE,0.020377178,,580.2369537,FALSE,FALSE,1.56935859,,581.9158554,FALSE,FALSE,1.701581469,,559.2645187,FALSE,FALSE,-0.082337744,,548.783638,FALSE,FALSE,-0.907765611,,561.5795212,FALSE,FALSE,0.099981622,,539.4023209,FALSE,FALSE,-1.646596707,
40,40,425.7705931,8.047165256,778.8070742,8.058741963,441.4326715,7.957673804,539.3426544,8.976586354,453.9356715,397.6055147,807.0126711,750.6014774,469.2845299,413.5808132,570.7607067,507.9246022,828.9393768,FALSE,TRUE,6.220859637,49,772.9994507,FALSE,FALSE,-0.720661311,,777.0055313,FALSE,FALSE,-0.223551384,,419.1212692,FALSE,FALSE,-0.826293938,,433.064682,FALSE,FALSE,0.906417189,,444.8877029,FALSE,FALSE,0.434176052,,451.6689262,FALSE,FALSE,1.286337558,,441.2562943,FALSE,FALSE,-0.022164429,,430.1771927,FALSE,FALSE,-1.414418225,,444.694458,FALSE,FALSE,0.409891954,,433.5140228,FALSE,FALSE,-0.995095918,
41,41,432.0942663,7.143267151,799.065134,8.451936484,458.1612425,10.51520556,562.5395264,9.748903704,457.0957014,407.0928313,828.6469117,769.4833564,494.9644619,421.358023,596.6606893,528.4183634,861.4986877,FALSE,TRUE,7.386893384,50,790.8048401,FALSE,FALSE,-0.977325608,,801.177742,FALSE,FALSE,0.249955494,,424.1118813,FALSE,FALSE,-1.117469769,,440.5849152,FALSE,FALSE,1.188622606,,455.2455788,FALSE,FALSE,-0.277280715,,124.0931854,TRUE,FALSE,-31.76999776,,124.3621635,TRUE,FALSE,-31.74441784,,442.2415123,FALSE,FALSE,-1.513972323,,456.2518311,FALSE,FALSE,-0.181585745,,435.6705513,FALSE,FALSE,-2.138873183,
42,42,395.4393774,7.675697136,749.0122878,6.52450157,418.2632122,10.94828594,512.7162766,10.10558258,422.3043174,368.5744374,771.8480433,726.1765323,456.582213,379.9442114,548.0858156,477.3467375,799.5389252,FALSE,TRUE,7.744137518,51,738.0300751,FALSE,FALSE,-1.68322631,,749.0599976,FALSE,FALSE,0.007312403,,387.1278992,FALSE,FALSE,-1.082830401,,406.60532,FALSE,FALSE,1.454713807,,414.3818245,FALSE,FALSE,-0.354520126,,433.6065903,FALSE,FALSE,1.401441116,,426.295578,FALSE,FALSE,0.733664232,,405.081871,FALSE,FALSE,-1.203963912,,421.200325,FALSE,FALSE,0.268271474,,403.6598549,FALSE,FALSE,-1.333848731,
43,43,402.6113112,7.622894477,763.0466086,6.824780211,425.1336126,10.73599137,524.5233772,11.36904531,429.2914419,375.9311806,786.9333393,739.1598779,462.7095824,387.5576428,564.3150358,484.7317186,813.506897,FALSE,TRUE,7.393686948,52,758.3944321,FALSE,FALSE,-0.68165954,,759.7850723,FALSE,FALSE,-0.477896164,,393.0362206,FALSE,FALSE,-1.256096449,,409.8852654,FALSE,FALSE,0.95422469,,424.318325,FALSE,FALSE,-0.075939665,,488.3989601,FALSE,TRUE,5.892827715,,468.7471848,FALSE,TRUE,4.062370267,,409.1275024,FALSE,FALSE,-1.490883296,,426.3933373,FALSE,FALSE,0.11733659,,412.7284851,FALSE,FALSE,-1.155471079,
44,44,489.424612,9.937943148,832.5769456,10.88415487,508.888175,15.12478536,599.2701569,4.655681681,524.2074131,454.641811,870.6714877,794.4824036,561.8249238,455.9514263,615.5650427,582.975271,907.0707855,FALSE,TRUE,6.844246596,53,820.0598221,FALSE,FALSE,-1.150031738,,830.0935822,FALSE,FALSE,-0.228163188,,481.5503769,FALSE,FALSE,-0.792340531,,499.5342331,FALSE,FALSE,1.017274993,,509.7571335,FALSE,FALSE,0.057452615,,505.1016388,FALSE,FALSE,-0.250353055,,494.9275398,FALSE,FALSE,-0.923030301,,500.3664093,FALSE,FALSE,-0.563430522,,509.6830444,FALSE,FALSE,0.052554096,,498.0145988,FALSE,FALSE,-0.718924329,
45,45,443.0676136,9.83815066,797.4726251,10.08990994,462.2595425,10.95225304,557.1768616,8.430400587,477.5011409,408.6340863,832.7873099,762.1579403,500.5924281,423.9266568,586.6832636,527.6704595,861.0670776,FALSE,TRUE,6.302777022,54,789.6356964,FALSE,FALSE,-0.776709478,,794.0174713,FALSE,FALSE,-0.342436533,,436.1182327,FALSE,FALSE,-0.70637065,,454.5315514,FALSE,FALSE,1.165253324,,453.646801,FALSE,FALSE,-0.786389927,,463.6736794,FALSE,FALSE,0.129118354,,454.876091,FALSE,FALSE,-0.674149094,,448.3842125,FALSE,FALSE,-1.26689275,,469.8904228,FALSE,FALSE,0.696740691,,450.4098701,FALSE,FALSE,-1.081939239,
46,46,556.2159042,10.55607523,930.8742148,9.980659852,581.1016445,19.80280103,699.5638657,7.891033467,593.1621675,519.2696409,965.8065243,895.9419053,650.4114481,511.7918409,727.1824828,671.9452485,1006.024857,FALSE,TRUE,7.529626585,55,913.199646,FALSE,FALSE,-1.770881793,,922.1079788,FALSE,FALSE,-0.878322287,,552.4468613,FALSE,FALSE,-0.35704965,,572.4432831,FALSE,FALSE,1.537254945,,584.3890457,FALSE,FALSE,0.166006879,,600.0929108,FALSE,FALSE,0.959019193,,570.5486679,FALSE,FALSE,-0.532903229,,563.5607224,FALSE,FALSE,-0.885779852,,588.7660141,FALSE,FALSE,0.387034621,,571.7795792,FALSE,FALSE,-0.470744787,
47,47,400.8903841,8.89834155,762.118206,9.889720693,424.7406664,13.84032516,515.7308868,5.900515025,432.0345796,369.7461887,796.7322284,727.5041836,473.1818044,376.2995283,536.3826894,495.0790843,809.2971573,FALSE,TRUE,4.770503913,56,753.7798004,FALSE,FALSE,-0.843138635,,751.9514771,FALSE,FALSE,-1.028009717,,398.6995583,FALSE,FALSE,-0.246206089,,413.2331963,FALSE,FALSE,1.387091298,,422.4211197,FALSE,FALSE,-0.167593367,,419.489872,FALSE,FALSE,-0.379383747,,409.4209595,FALSE,FALSE,-1.106889235,,408.5539131,FALSE,FALSE,-1.169535621,,430.4914703,FALSE,FALSE,0.415510754,,414.8629837,FALSE,FALSE,-0.713688629,
48,48,639.5706918,12.75557091,975.0142918,11.80212932,661.2482986,20.33820177,766.2390335,6.212063643,684.21519,594.9261936,1016.321744,933.7068392,732.4320048,590.0645924,787.9812563,744.4968108,1035.664246,FALSE,TRUE,5.138899279,57,962.2403564,FALSE,FALSE,-1.082341582,,968.3755264,FALSE,FALSE,-0.562505727,,633.9851608,FALSE,FALSE,-0.437889531,,661.856926,FALSE,FALSE,1.747176534,,668.4514542,FALSE,FALSE,0.354168751,,666.6990051,FALSE,FALSE,0.268003364,,640.9311142,FALSE,FALSE,-0.998966609,,649.1649399,FALSE,FALSE,-0.594121295,,665.6857834,FALSE,FALSE,0.218184714,,717.4087143,FALSE,FALSE,2.761326507,
49,49,510.2875987,11.80281198,853.6832453,10.9305607,525.8331146,13.61652365,612.5161591,6.710358896,551.5974407,468.9777568,891.9402078,815.4262829,573.4909474,478.1752818,636.0024152,589.0299029,946.3447342,FALSE,TRUE,8.477285966,58,842.6345291,FALSE,FALSE,-1.010809649,,848.0367661,FALSE,FALSE,-0.516577277,,500.0222397,FALSE,FALSE,-0.869738421,,526.7927628,FALSE,FALSE,1.398409467,,523.8098145,FALSE,FALSE,-0.148591536,,528.7287369,FALSE,FALSE,0.212655031,,509.6062508,FALSE,FALSE,-1.191703865,,513.2206917,FALSE,FALSE,-0.926258659,,531.1921921,FALSE,FALSE,0.393571633,,517.3989029,FALSE,FALSE,-0.61941006,
50,50,418.8202542,10.70027594,772.2220993,9.501815515,440.6306429,15.44256397,521.8616188,5.376420681,456.27122,381.3692884,805.4784536,738.965745,494.6796168,386.581669,540.6790912,503.0441464,821.4487076,FALSE,TRUE,5.180758161,59,765.1314926,FALSE,FALSE,-0.746237041,,762.1651306,FALSE,FALSE,-1.058426011,,410.0190849,FALSE,FALSE,-0.822517971,,438.3520279,FALSE,FALSE,1.825352338,,439.7966995,FALSE,FALSE,-0.054002908,,444.2352638,FALSE,FALSE,0.233421143,,428.1898575,FALSE,FALSE,-0.805616569,,429.8172073,FALSE,FALSE,-0.700235762,,443.9986115,FALSE,FALSE,0.218096462,,439.9089584,FALSE,FALSE,-0.046733461,
51,51,599.9380504,10.94342841,961.64619,10.92755743,624.9286327,16.75733744,727.3436966,8.838428533,638.2400498,561.636051,999.892641,923.399739,683.5793138,566.2779517,758.2781965,696.4091967,1086.722549,FALSE,TRUE,11.44595764,60,945.782547,FALSE,FALSE,-1.451709874,,952.406189,FALSE,FALSE,-0.845568747,,589.5831375,FALSE,FALSE,-0.946222016,,619.0055084,FALSE,FALSE,1.742366039,,627.3225937,FALSE,FALSE,0.142860461,,636.9433899,FALSE,FALSE,0.716984855,,610.4152527,FALSE,FALSE,-0.866091054,,615.2804642,FALSE,FALSE,-0.575757849,,627.3925629,FALSE,FALSE,0.147035896,,618.5459976,FALSE,FALSE,-0.380885993,
52,52,645.3365855,11.64219107,963.3646158,10.56221873,665.2111168,21.08928023,745.6649612,7.555807737,686.0842542,604.5889167,1000.332381,926.3968502,739.0235976,591.398636,772.1102883,719.2196342,1023.00312,FALSE,TRUE,5.64639932,61,948.4981766,FALSE,FALSE,-1.407511013,,956.6551437,FALSE,FALSE,-0.635233202,,640.2146225,FALSE,FALSE,-0.439948368,,658.2032089,FALSE,FALSE,1.10517199,,676.0897369,FALSE,FALSE,0.515836483,,669.3666077,FALSE,FALSE,0.197042802,,659.0598984,FALSE,FALSE,-0.291675123,,654.5712357,FALSE,FALSE,-0.504516087,,674.0617371,FALSE,FALSE,0.41967389,,676.0681229,FALSE,FALSE,0.514811599,
53,53,657.1605246,12.22265606,991.5362651,12.39152251,683.0953846,22.06783004,785.381279,10.20792629,699.9398209,614.3812284,1034.906594,948.1659363,760.3327898,605.8579794,821.109021,749.653537,1057.513458,FALSE,TRUE,5.324381497,62,976.4514771,FALSE,FALSE,-1.217347423,,985.8649063,FALSE,FALSE,-0.457680542,,652.7200394,FALSE,FALSE,-0.363299536,,677.6819458,FALSE,FALSE,1.678965771,,688.6947861,FALSE,FALSE,0.253735934,,688.9008255,FALSE,FALSE,0.263072576,,663.3515472,FALSE,FALSE,-0.894688663,,668.3050537,FALSE,FALSE,-0.670221352,,691.9742813,FALSE,FALSE,0.402345708,,136.2736359,TRUE,FALSE,-24.7791354,
54,54,536.714065,11.80497993,871.0259221,9.248669523,560.9170208,20.06646867,636.1003387,4.922796375,578.0314948,495.3966353,903.3962655,838.6555788,631.1496611,490.6843805,653.3301261,618.8705514,924.471283,FALSE,TRUE,5.778708028,63,854.2928238,FALSE,FALSE,-1.809243838,,863.4805832,FALSE,FALSE,-0.815829664,,529.0900803,FALSE,FALSE,-0.645827845,,560.1922302,FALSE,FALSE,1.988835675,,563.7555389,FALSE,FALSE,0.141455788,,560.3150101,FALSE,FALSE,-0.030000831,,552.455986,FALSE,FALSE,-0.421650412,,548.6518326,FALSE,FALSE,-0.611228035,,570.13134,FALSE,FALSE,0.459189875,,586.8886871,FALSE,FALSE,1.294281857,
55,55,488.0095378,12.77776331,819.9872265,9.251372894,527.6656399,30.07445671,587.1302765,6.694092665,532.7317094,443.2873663,852.3670316,787.6074214,632.9262384,422.4050414,610.5596008,563.7009522,870.7263565,FALSE,TRUE,5.484497339,64,808.0543518,FALSE,FALSE,-1.289849065,,808.7370758,FALSE,FALSE,-1.216052018,,483.5839653,FALSE,FALSE,-0.346349547,,510.5203362,FALSE,FALSE,1.761716646,,525.5729065,FALSE,FALSE,-0.069585077,,523.0243301,FALSE,FALSE,-0.154327301,,505.3254929,FALSE,FALSE,-0.74282795,,504.7789764,FALSE,FALSE,-0.761000062,,534.5830688,FALSE,FALSE,0.230010106,,543.1538849,FALSE,FALSE,0.514996668,
56,56,496.7873462,21.14810473,857.23235,15.39017257,512.3345928,19.56983213,640.2093323,30.69283116,570.8057127,422.7689796,911.097954,803.366746,580.8290053,443.8401803,747.6342413,532.7844232,926.5235825,FALSE,TRUE,4.502303798,65,844.849762,FALSE,FALSE,-0.804577597,,850.4941406,FALSE,FALSE,-0.437825461,,485.3951263,FALSE,FALSE,-0.538687507,,504.037117,FALSE,FALSE,0.342809483,,518.029438,FALSE,FALSE,0.291001229,,506.8783226,FALSE,FALSE,-0.278810272,,498.7390442,FALSE,FALSE,-0.694719737,,498.6395149,FALSE,FALSE,-0.699805589,,513.2371025,FALSE,FALSE,0.046117396,,503.7295952,FALSE,FALSE,-0.439707279,
57,57,619.5597496,11.7406367,978.5968405,12.54170085,640.4918423,20.14506298,760.3696442,10.27987916,660.6519781,578.4675211,1022.492794,934.7008876,710.9995627,569.9841218,796.3492212,724.3900671,1044.612503,FALSE,TRUE,5.263692965,66,960.5126648,FALSE,FALSE,-1.441923705,,966.6925888,FALSE,FALSE,-0.949173631,,608.8355255,FALSE,FALSE,-0.913427812,,629.2494278,FALSE,FALSE,0.825311134,,649.3887329,FALSE,FALSE,0.441641242,,642.6477814,FALSE,FALSE,0.107020718,,626.8275223,FALSE,FALSE,-0.678296216,,630.2889404,FALSE,FALSE,-0.506471578,,647.129425,FALSE,FALSE,0.329489304,,658.691124,FALSE,FALSE,0.903411506,
58,58,441.0075817,12.00083399,806.2657197,9.430213261,459.9787092,17.26079825,570.4370239,6.323294584,483.0105007,399.0046628,839.2714661,773.2599733,520.3915031,399.5659153,592.568555,548.3054929,867.357666,FALSE,TRUE,6.478320754,67,788.6337585,FALSE,FALSE,-1.869730906,,796.2932053,FALSE,FALSE,-1.057506781,,433.5549393,FALSE,FALSE,-0.621010377,,448.5352211,FALSE,FALSE,0.627259688,,464.880394,FALSE,FALSE,0.283977872,,453.8225021,FALSE,FALSE,-0.356658307,,451.7751884,FALSE,FALSE,-0.47526891,,449.3065491,FALSE,FALSE,-0.618288911,,461.7527466,FALSE,FALSE,0.102778408,,458.2185555,FALSE,FALSE,-0.101974065,
59,59,434.777935,10.28965101,804.1198552,10.27593706,456.5142498,18.7276718,574.7061539,20.82210701,470.7917136,398.7641565,840.085635,768.1540755,522.0611011,390.9673985,647.5835284,501.8287793,861.6322556,FALSE,TRUE,5.596803479,68,789.4760361,FALSE,FALSE,-1.425059251,,792.053009,FALSE,FALSE,-1.174281833,,427.5157394,FALSE,FALSE,-0.705776666,,440.3836975,FALSE,FALSE,0.544796172,,459.13097,FALSE,FALSE,0.1397248,,454.2969246,FALSE,FALSE,-0.118398338,,443.8760109,FALSE,FALSE,-0.674843037,,443.5082016,FALSE,FALSE,-0.694482921,,456.1777039,FALSE,FALSE,-0.017970517,,457.2080612,FALSE,FALSE,0.037047393,
60,60,449.0032278,13.21829782,797.1578534,8.645012576,466.9550266,17.78884064,554.5195618,6.083613281,495.2672702,402.7391854,827.4153975,766.9003094,529.2159689,404.6940844,575.8122083,533.2269153,851.559906,FALSE,TRUE,6.292882987,69,781.2705536,FALSE,FALSE,-1.837741671,,792.0619202,FALSE,FALSE,-0.589465109,,442.6228714,FALSE,FALSE,-0.482691226,,450.9439125,FALSE,FALSE,0.146818051,,486.0815773,FALSE,FALSE,1.075199394,,455.763588,FALSE,FALSE,-0.629126928,,460.3527451,FALSE,FALSE,-0.371147378,,451.2252007,FALSE,FALSE,-0.884252453,,474.4994469,FALSE,FALSE,0.424109721,,460.0577469,FALSE,FALSE,-0.387730706,
61,61,438.4302126,100.9024584,808.3553359,8.230816665,469.1571054,18.9758232,573.3401337,6.634122271,791.5888172,85.27160807,837.1631942,779.5474775,535.5724866,402.7417242,596.5595616,550.1207057,868.3467255,FALSE,TRUE,7.288631497,70,790.7494659,FALSE,FALSE,-2.139018599,,801.7355118,FALSE,FALSE,-0.804273058,,439.8127098,FALSE,FALSE,0.013701323,,457.329052,FALSE,FALSE,0.187298106,,468.794693,FALSE,FALSE,-0.019098642,,458.3550186,FALSE,FALSE,-0.569255242,,458.2312775,FALSE,FALSE,-0.575776232,,458.0051956,FALSE,FALSE,-0.587690437,,473.7414932,FALSE,FALSE,0.241590983,,460.02528,FALSE,FALSE,-0.481234745,
62,62,434.3915798,16.52250272,794.543101,8.167778045,452.7742443,18.30682198,549.3654739,9.374768626,492.2203393,376.5628203,823.1303241,765.9558778,516.8481212,388.7003674,582.1771641,516.5537837,857.7006149,FALSE,TRUE,7.732520839,71,774.5385361,FALSE,FALSE,-2.449205257,,788.6297302,FALSE,FALSE,-0.723987691,,422.5362663,FALSE,FALSE,-0.717525283,,439.7252502,FALSE,FALSE,0.322812504,,455.4289169,FALSE,FALSE,0.14501002,,442.3273582,FALSE,FALSE,-0.570655359,,446.0220032,FALSE,FALSE,-0.368837428,,440.3001747,FALSE,FALSE,-0.681389135,,461.729351,FALSE,FALSE,0.48916774,,441.8154335,FALSE,FALSE,-0.598618964,
63,63,425.9800993,22.05217785,785.4977487,8.312304976,441.9354877,18.81469386,541.0180969,8.724522288,503.1627217,348.7974768,814.5908161,756.4046813,507.7869163,376.0840592,571.5539249,510.4822689,838.1650467,FALSE,TRUE,6.336064203,72,768.0443039,FALSE,FALSE,-2.099711795,,782.0512772,FALSE,FALSE,-0.414622844,,411.385601,FALSE,FALSE,-0.661816639,,429.9812622,FALSE,FALSE,0.181440716,,448.8345795,FALSE,FALSE,0.366686366,,431.5012589,FALSE,FALSE,-0.554578723,,437.4848518,FALSE,FALSE,-0.236551067,,431.166687,FALSE,FALSE,-0.572361199,,449.4387321,FALSE,FALSE,0.39879705,,431.2795753,FALSE,FALSE,-0.56636119,
64,64,551.0262647,12.49523921,876.8316797,9.507653197,563.6851521,16.63126499,654.2729218,11.32738309,594.759602,507.2929275,910.1084659,843.5548935,621.8945795,505.4757246,693.9187626,614.6270809,943.9614487,FALSE,TRUE,7.060603455,73,872.3318863,FALSE,FALSE,-0.473281185,,880.9759674,FALSE,FALSE,0.435889663,,542.8095322,FALSE,FALSE,-0.657589057,,549.0951691,FALSE,FALSE,-0.154546515,,575.64534,FALSE,FALSE,0.719138798,,597.1092224,FALSE,FALSE,2.009713054,,565.5011597,FALSE,FALSE,0.109192392,,547.9027405,FALSE,FALSE,-0.948960382,,561.4672394,FALSE,FALSE,-0.133358026,,545.8328781,FALSE,FALSE,-1.073416481,
65,65,476.6584426,10.7833449,816.960481,10.32420055,491.7882128,17.10321732,584.07379,10.01803953,514.4001498,438.9167355,853.0951829,780.8257791,551.6494734,431.9269521,619.1369283,549.0106516,865.4926834,FALSE,TRUE,4.700819417,74,807.9682388,FALSE,FALSE,-0.870986779,,811.7311478,FALSE,FALSE,-0.506512172,,469.3882599,FALSE,FALSE,-0.674204786,,474.9655914,FALSE,FALSE,-0.156987578,,539.1245956,FALSE,FALSE,2.76768879,,482.690979,FALSE,FALSE,-0.531901899,,484.7957382,FALSE,FALSE,-0.408839719,,477.6586647,FALSE,FALSE,-0.826133926,,495.7704163,FALSE,FALSE,0.23283359,,482.0148735,FALSE,FALSE,-0.571432795,
66,66,450.7699836,11.56337686,799.9348946,10.11258089,467.6233454,17.06278473,557.4785172,7.058599512,491.2418026,410.2981646,835.3289277,764.5408614,527.3430919,407.9035988,582.1836154,532.7734189,849.6796875,FALSE,TRUE,4.919099631,75,792.0251465,FALSE,FALSE,-0.782169078,,801.1214142,FALSE,FALSE,0.117331039,,440.8431702,FALSE,FALSE,-0.85847011,,456.6151581,FALSE,FALSE,0.505490272,,490.6065292,FALSE,FALSE,1.346977309,,458.7236252,FALSE,FALSE,-0.521586619,,465.518158,FALSE,FALSE,-0.123378889,,452.1025162,FALSE,FALSE,-0.909630488,,471.1461449,FALSE,FALSE,0.206460994,,455.4215088,FALSE,FALSE,-0.71511402,
67,67,437.5714983,12.04683436,794.1947625,8.292615497,454.9845924,13.90605032,553.4365341,7.934883318,479.7354186,395.4075781,823.2189168,765.1706083,503.6557686,406.3134163,581.2086257,525.6644425,844.4094467,FALSE,TRUE,6.055349388,76,785.0655212,FALSE,FALSE,-1.100888051,,789.9066696,FALSE,FALSE,-0.517097764,,430.1116295,FALSE,FALSE,-0.619238932,,437.2824249,FALSE,FALSE,-0.023995798,,126.6537447,TRUE,FALSE,-23.61064717,,447.0323296,FALSE,FALSE,-0.571856328,,452.9218712,FALSE,FALSE,-0.148332647,,437.4569817,FALSE,FALSE,-1.260430559,,454.8790245,FALSE,FALSE,-0.007591511,,441.5066643,FALSE,FALSE,-0.969213245,
68,68,519.1814142,11.94880779,852.3267091,10.86665145,534.0556259,11.3596429,621.9046722,4.933768172,561.0022415,477.3605869,890.3599892,814.293429,573.8143761,494.2968758,639.1728608,604.6364836,910.3455124,FALSE,TRUE,5.339161151,77,854.2375946,FALSE,FALSE,0.175848604,,849.8327408,FALSE,FALSE,-0.229506609,,519.6330795,FALSE,FALSE,0.037800033,,519.7647781,FALSE,FALSE,0.048821937,,529.1264191,FALSE,FALSE,-0.433922694,,527.0955582,FALSE,FALSE,-0.612701281,,524.4136429,FALSE,FALSE,-0.848792794,,513.3193817,FALSE,FALSE,-1.825430992,,531.8115082,FALSE,FALSE,-0.197551786,,514.6088257,FALSE,FALSE,-1.711920032,
69,69,502.960686,12.089958,842.793691,12.17044366,518.2817936,14.62169155,607.2526581,7.663187926,545.275539,460.645833,885.3902438,800.1971382,569.457714,467.1058732,634.0738158,580.4315003,895.8470688,FALSE,TRUE,4.359198341,78,836.2125854,FALSE,FALSE,-0.540744917,,845.3596115,FALSE,FALSE,0.210832126,,496.3615532,FALSE,FALSE,-0.545835876,,501.0068207,FALSE,FALSE,-0.161610597,,510.4338341,FALSE,FALSE,-0.536734036,,510.74123,FALSE,FALSE,-0.515710755,,516.9682274,FALSE,FALSE,-0.089836816,,501.7329788,FALSE,FALSE,-1.131798925,,517.4374428,FALSE,FALSE,-0.057746452,,502.2932701,FALSE,FALSE,-1.09347974,
70,70,654.9903641,29.88100769,984.0600319,10.91841448,668.5913219,13.9216677,762.0426346,10.3005316,759.573891,550.4068372,1022.274483,945.8455812,717.3171589,619.865485,798.0944952,725.990774,1074.627823,FALSE,TRUE,8.294958129,79,979.8953171,FALSE,FALSE,-0.381439523,,978.9350815,FALSE,FALSE,-0.469385955,,641.018364,FALSE,FALSE,-0.467587983,,646.6396484,FALSE,FALSE,-0.279465663,,660.7387924,FALSE,FALSE,-0.564050924,,678.376152,FALSE,FALSE,0.702848991,,663.5771942,FALSE,FALSE,-0.360167175,,698.2790222,FALSE,FALSE,2.132481605,,664.4527435,FALSE,FALSE,-0.297276052,,646.9009247,FALSE,FALSE,-1.558031533,
71,71,533.6616761,18.11858301,879.276954,10.39113841,545.1940384,14.80206598,638.8547974,8.064898459,597.0767167,470.2466356,915.6459384,842.9079696,597.0012693,493.3868074,667.081942,610.6276528,984.6141434,FALSE,TRUE,10.13721358,80,875.6115417,FALSE,FALSE,-0.352744052,,876.0989075,FALSE,FALSE,-0.305841999,,525.6183319,FALSE,FALSE,-0.443927884,,527.462265,FALSE,FALSE,-0.342157613,,532.5380096,FALSE,FALSE,-0.855017723,,542.678978,FALSE,FALSE,-0.169912796,,543.0056381,FALSE,FALSE,-0.147844245,,530.929184,FALSE,FALSE,-0.963706988,,541.1697464,FALSE,FALSE,-0.271873669,,524.2874985,FALSE,FALSE,-1.412406886,
72,72,676.5110119,11.98793228,1002.101355,13.68793427,680.8880196,6.25910188,774.7222321,10.77581718,718.4687749,634.553249,1050.009125,954.1935847,702.7948761,658.981163,812.4375922,737.0068719,1652.454178,FALSE,TRUE,47.51285406,81,1008.388397,FALSE,FALSE,0.459312742,,995.9992981,FALSE,FALSE,-0.445798203,,682.5649338,FALSE,FALSE,0.505001338,,673.406044,FALSE,FALSE,-0.259007797,,687.3396225,FALSE,FALSE,1.03075538,,687.8647385,FALSE,FALSE,1.114651756,,671.939743,FALSE,FALSE,-1.429642254,,684.2186356,FALSE,FALSE,0.532123627,,681.0653687,FALSE,FALSE,0.028334591,,662.2746658,FALSE,FALSE,-2.973805841,
73,73,504.4631737,12.2072489,850.707969,12.05220289,516.4101992,8.65029601,609.4310669,7.377972224,547.1885449,461.7378026,892.8906792,808.5252589,546.6862352,486.1341631,635.2539697,583.6081641,925.3127441,FALSE,TRUE,6.190136009,82,850.5105286,FALSE,FALSE,-0.016382106,,844.9392624,FALSE,FALSE,-0.478643339,,498.1843719,FALSE,FALSE,-0.514350271,,504.4164581,FALSE,FALSE,-0.003826874,,502.1945877,FALSE,FALSE,-1.643367053,,508.3101921,FALSE,FALSE,-0.936384957,,503.5070915,FALSE,FALSE,-1.4916377,,498.6961632,FALSE,FALSE,-2.047795355,,517.6478348,FALSE,FALSE,0.143074365,,501.7501564,FALSE,FALSE,-1.694744636,
74,74,634.6780646,10.59054596,967.6929976,12.10429771,659.6285038,7.747364299,746.665184,13.67701494,671.7449755,597.6111538,1010.05804,925.3279556,686.7442788,632.5127288,794.5347363,698.7956317,1069.456955,FALSE,TRUE,8.407258298,83,961.9056778,FALSE,FALSE,-0.478121074,,963.2409515,FALSE,FALSE,-0.367807054,,633.8978729,FALSE,FALSE,-0.073668694,,642.0159073,FALSE,FALSE,0.69286727,,651.4854507,FALSE,FALSE,-1.051073983,,667.7004547,FALSE,FALSE,1.041896392,,638.1278,FALSE,FALSE,-2.775228191,,664.1059418,FALSE,FALSE,0.577930481,,651.5609436,FALSE,FALSE,-1.041329655,,633.6858444,FALSE,FALSE,-3.348578739,
75,75,453.6305537,12.904661,799.65017,11.815922,472.4499121,7.899426047,556.8252869,8.413140725,498.7968672,408.4642401,841.005897,758.294443,500.0979032,444.8019209,586.2712794,527.3792943,849.9610672,FALSE,TRUE,4.257890089,84,797.0644684,FALSE,FALSE,-0.218831981,,795.938324,FALSE,FALSE,-0.314139348,,457.3418465,FALSE,FALSE,0.287593205,,459.8866768,FALSE,FALSE,0.48479562,,456.1173553,FALSE,FALSE,-2.067562457,,464.1765518,FALSE,FALSE,-1.047336883,,457.223835,FALSE,FALSE,-1.927491566,,460.4721565,FALSE,FALSE,-1.516281749,,471.7161675,FALSE,FALSE,-0.092885814,,453.0731125,FALSE,FALSE,-2.452937652,
76,76,566.2638877,12.9010842,888.398997,13.82156094,579.3431206,7.042056867,657.2897568,10.48512349,611.4176824,521.110093,936.7744603,840.0235337,603.9903196,554.6959215,693.987689,620.5918246,954.7285614,FALSE,TRUE,4.798992291,85,882.6055298,FALSE,FALSE,-0.419161571,,882.3250809,FALSE,FALSE,-0.439452255,,569.1031113,FALSE,FALSE,0.220076355,,570.2726746,FALSE,FALSE,0.310732557,,564.6476517,FALSE,FALSE,-2.086814858,,570.9445801,FALSE,FALSE,-1.192626055,,559.088028,FALSE,FALSE,-2.876303473,,565.508667,FALSE,FALSE,-1.964547268,,576.3522873,FALSE,FALSE,-0.424710186,,561.4003143,FALSE,FALSE,-2.547949638,
77,77,762.9015356,17.90845378,1061.175154,18.59846248,763.702652,9.105269597,864.4811737,14.86688472,825.5811238,700.2219473,1126.269773,996.0805357,795.5710956,731.8342084,916.5152702,812.4470772,1175.420853,FALSE,TRUE,6.142749618,86,1069.540176,FALSE,FALSE,0.449769546,,1055.832611,FALSE,FALSE,-0.287257255,,787.7202835,FALSE,FALSE,1.385867716,,751.1329117,FALSE,FALSE,-0.657154662,,761.839653,FALSE,FALSE,-0.204606678,,774.4756012,FALSE,FALSE,1.183155436,,742.5095673,FALSE,FALSE,-2.327562572,,765.2856369,FALSE,FALSE,0.173853713,,756.010994,FALSE,FALSE,-0.844747971,,741.8736496,FALSE,FALSE,-2.39740319,
78,78,486.2265641,14.45378677,827.9952539,13.0103674,496.7356672,3.30086443,584.4847,9.350864991,536.8148178,435.6383104,873.5315398,782.458968,508.2886927,485.1826417,617.2127275,551.7566725,884.705246,FALSE,TRUE,4.35883095,87,821.2089615,FALSE,FALSE,-0.521606515,,816.8084564,FALSE,FALSE,-0.859837168,,508.3842545,FALSE,FALSE,1.533002435,,481.1203308,FALSE,FALSE,-0.353279968,,489.6818504,FALSE,FALSE,-2.136960468,,491.0156136,FALSE,FALSE,-1.732895669,,484.0448875,TRUE,FALSE,-3.844683705,,486.2481117,FALSE,FALSE,-3.177214856,,498.4642944,FALSE,FALSE,0.523689246,,482.8808136,TRUE,FALSE,-4.197341007,
79,79,440.9817974,87.74844474,812.9746545,12.67872344,480.5426626,3.570143391,569.9270828,9.002542903,748.101354,133.8622408,857.3501866,768.5991225,493.0381645,468.0471608,601.435983,538.4181827,864.3430862,FALSE,TRUE,4.051546037,88,808.5408096,FALSE,FALSE,-0.349707516,,801.9599075,FALSE,FALSE,-0.86875836,,123.9070568,TRUE,FALSE,-3.613451401,,461.967762,FALSE,FALSE,0.23916053,,467.364769,TRUE,FALSE,-3.691138477,,474.0189171,FALSE,FALSE,-1.827306307,,463.8937416,TRUE,FALSE,-4.663376001,,468.8445587,FALSE,FALSE,-3.276648197,,477.5328102,FALSE,FALSE,-0.843062051,,467.256176,TRUE,FALSE,-3.721555459,
80,80,606.5884432,11.80262204,909.8282693,14.80712988,620.8976803,5.795300694,697.6795212,13.62464923,647.8976203,565.2792661,961.6532239,858.0033147,641.1812327,600.6141279,745.3657935,649.9932489,974.6986771,FALSE,TRUE,4.381025105,89,909.7728348,FALSE,FALSE,-0.003743774,,906.3256683,FALSE,FALSE,-0.236548272,,598.247612,FALSE,FALSE,-0.706693071,,611.9127502,FALSE,FALSE,0.45111222,,612.8770218,FALSE,FALSE,-1.3839935,,621.9809799,FALSE,FALSE,0.186927253,,593.192009,TRUE,FALSE,-4.780713335,,611.7008286,FALSE,FALSE,-1.586949878,,623.0569,FALSE,FALSE,0.37258114,,613.9402542,FALSE,FALSE,-1.200528918,
81,81,576.0888694,12.82803229,881.3273067,14.49465176,589.3649635,5.166406494,664.4579636,11.51246134,620.9869824,531.1907564,932.0585879,830.5960256,607.4473863,571.2825408,704.7515783,624.1643489,942.175354,FALSE,TRUE,4.197965446,90,880.1400452,FALSE,FALSE,-0.081910321,,876.7291946,FALSE,FALSE,-0.317228187,,569.2092972,FALSE,FALSE,-0.536292085,,588.0670242,FALSE,FALSE,0.933748419,,582.9853363,FALSE,FALSE,-1.234828741,,580.7422562,FALSE,FALSE,-1.668995147,,565.4592285,TRUE,FALSE,-4.627149459,,576.2430344,FALSE,FALSE,-2.539856123,,588.073555,FALSE,FALSE,-0.249962627,,572.3134995,FALSE,FALSE,-3.300449568,
82,82,112.9933984,1.504111029,443.5582495,2.087200255,112.2903812,1.054452702,162.0969448,1.673690373,118.257787,107.7290098,450.8634504,436.2530486,115.9809656,108.5997967,167.9548611,156.2390285,459.6491089,FALSE,TRUE,7.709303108,91,441.1944618,FALSE,FALSE,-1.132515984,,441.7577629,FALSE,FALSE,-0.862632399,,110.5492172,FALSE,FALSE,-1.625000497,,116.2169981,FALSE,FALSE,2.143192653,,110.5824909,FALSE,FALSE,-1.619693581,,108.4431114,TRUE,FALSE,-3.648593974,,109.5125685,FALSE,FALSE,-2.634364457,,110.5072985,FALSE,FALSE,-1.691003039,,112.8716183,FALSE,FALSE,0.551221574,,111.5437202,FALSE,FALSE,-0.708102835,
83,83,115.8040715,1.237905959,452.173048,2.382622793,114.8907969,0.998405915,170.7886452,0.716982715,120.1367424,111.4714006,460.5122278,443.8338682,118.3852176,111.3963762,173.2980847,168.2792057,468.4780388,FALSE,TRUE,6.843295052,92,447.9393349,FALSE,FALSE,-1.776912889,,448.8760529,FALSE,FALSE,-1.383767155,,114.366725,FALSE,FALSE,-1.161111243,,115.4161425,FALSE,FALSE,-0.313375202,,116.1696453,FALSE,FALSE,1.280890258,,116.0164804,FALSE,FALSE,1.127480846,,112.1364489,FALSE,FALSE,-2.758745715,,113.7322531,FALSE,FALSE,-1.160393591,,113.3157396,FALSE,FALSE,-1.577572053,,113.0212612,FALSE,FALSE,-1.872520642,
84,84,737.8085098,13.46163013,1015.842982,14.29779687,745.5783539,14.40965842,836.0367844,14.58213413,784.9242153,690.6928044,1065.885271,965.8006929,796.0121583,695.1445494,887.0742538,784.9993149,1090.027863,FALSE,TRUE,5.188553263,93,1022.888481,FALSE,FALSE,0.492768168,,1027.972565,FALSE,FALSE,0.84835327,,732.0433655,FALSE,FALSE,-0.428264949,,741.9729767,FALSE,FALSE,0.309358288,,742.293045,FALSE,FALSE,-0.227993527,,765.9872208,FALSE,FALSE,1.416332455,,714.5432129,FALSE,FALSE,-2.153773538,,741.7269974,FALSE,FALSE,-0.267276045,,750.3276978,FALSE,FALSE,0.32959448,,745.2415848,FALSE,FALSE,-0.023371068,
85,85,557.4391926,11.49363559,866.1848857,11.48054525,570.7939129,7.763244395,649.3610062,11.71028253,597.6669172,517.2114681,906.366794,826.0029773,597.9652683,543.6225575,690.346995,608.3750173,921.3161545,FALSE,TRUE,4.802147251,94,865.1841507,FALSE,FALSE,-0.087167895,,870.3627167,FALSE,FALSE,0.363905278,,550.1641617,FALSE,FALSE,-0.632961685,,568.3428421,FALSE,FALSE,0.94866845,,561.658844,FALSE,FALSE,-1.176707628,,577.2730942,FALSE,FALSE,0.834597104,,545.1331406,FALSE,FALSE,-3.305418588,,563.6017075,FALSE,FALSE,-0.926443258,,579.3664246,FALSE,FALSE,1.104243437,,567.2046661,FALSE,FALSE,-0.462338498,
86,86,502.0135724,13.65930025,824.298673,10.38924976,521.8905468,9.749947062,594.7712296,10.47031293,549.8211233,454.2060216,860.6610471,787.9362988,556.0153615,487.7657321,631.4173248,558.1251343,882.9994431,FALSE,TRUE,5.650145239,95,824.2489777,FALSE,FALSE,-0.004783342,,833.4726334,FALSE,FALSE,0.883024336,,497.5563354,FALSE,FALSE,-0.326315177,,514.816124,FALSE,FALSE,0.937277263,,517.5472336,FALSE,FALSE,-0.445470441,,536.6100388,FALSE,FALSE,1.50969968,,502.5525627,FALSE,FALSE,-1.983393752,,520.2802963,FALSE,FALSE,-0.165154791,,534.4252701,FALSE,FALSE,1.285619625,,520.2448273,FALSE,FALSE,-0.168792663,
87,87,648.6267569,12.51026253,958.2397486,9.992890995,670.4790783,13.22654145,755.5205536,16.07381874,692.4126758,604.8408381,993.2148671,923.2646302,716.7719734,624.1861832,811.7789192,699.262188,1022.245667,FALSE,TRUE,6.405145208,96,955.6668015,FALSE,FALSE,-0.25747776,,971.7577057,FALSE,FALSE,1.352757381,,641.528183,FALSE,FALSE,-0.567420063,,660.2039032,FALSE,FALSE,0.925411935,,662.2577744,FALSE,FALSE,-0.621576243,,680.0837708,FALSE,FALSE,0.726168099,,646.3346863,FALSE,FALSE,-1.825450145,,667.4260864,FALSE,FALSE,-0.230823143,,684.2404327,FALSE,FALSE,1.040434833,,669.8166275,FALSE,FALSE,-0.050084959,
88,88,560.1380544,12.75592343,871.8853633,9.749707947,569.4882984,15.07571398,651.7413498,8.121435585,604.7837864,515.4923224,906.0093411,837.7613854,622.2532974,516.7232995,680.1663743,623.3163252,933.4112701,FALSE,TRUE,6.310538451,97,864.2231445,FALSE,FALSE,-0.785892128,,883.0688553,FALSE,FALSE,1.147059182,,561.3246078,FALSE,FALSE,0.093019797,,570.4606934,FALSE,FALSE,0.809242779,,564.6898422,FALSE,FALSE,-0.318290477,,574.9989777,FALSE,FALSE,0.36553355,,557.2801743,FALSE,FALSE,-0.809787462,,569.4995728,FALSE,FALSE,0.000747848,,585.0474548,FALSE,FALSE,1.032067631,,574.6243591,FALSE,FALSE,0.340684409,
89,89,723.5900933,12.41063498,1015.080928,13.57819171,729.8137589,17.19450276,831.8622253,11.05479851,767.0273158,680.1528709,1062.604599,967.5572572,789.9945185,669.6329992,870.5540201,793.1704306,1095.762985,FALSE,TRUE,5.942032544,98,1021.965248,FALSE,FALSE,0.507013016,,1030.642532,FALSE,FALSE,1.146073388,,719.3939667,FALSE,FALSE,-0.338107331,,728.2873383,FALSE,FALSE,0.378485462,,726.664444,FALSE,FALSE,-0.183158241,,743.4670181,FALSE,FALSE,0.794047927,,705.1169586,FALSE,FALSE,-1.436319536,,721.2555771,FALSE,FALSE,-0.497727784,,738.3552017,FALSE,FALSE,0.496754282,,726.8194885,FALSE,FALSE,-0.174141141,
90,90,679.8313528,12.80175265,976.4822547,13.9926518,694.6474609,20.52466378,781.8151184,13.48176891,724.6374871,635.0252185,1025.456536,927.5079734,766.4837842,622.8111377,829.0013096,734.6289272,1043.812515,FALSE,TRUE,4.811829921,99,972.8413086,FALSE,FALSE,-0.26020415,,991.8935776,FALSE,FALSE,1.101386866,,682.1508102,FALSE,FALSE,0.181182806,,688.8239136,FALSE,FALSE,0.702447629,,696.4458923,FALSE,FALSE,0.087622941,,707.69561,FALSE,FALSE,0.635730224,,677.0908127,FALSE,FALSE,-0.855392733,,692.7639389,FALSE,FALSE,-0.091768716,,708.1745148,FALSE,FALSE,0.659063358,,700.9357834,FALSE,FALSE,0.306378829,
91,91,704.3756392,13.07345725,995.1070182,13.89706802,716.4313679,16.80762645,808.4195633,11.40057699,750.1327396,658.6185389,1043.746756,946.4672801,775.2580604,657.6046753,848.3215828,768.5175438,1065.755386,FALSE,TRUE,5.083688739,100,999.8266754,FALSE,FALSE,0.339615324,,1007.836296,FALSE,FALSE,0.915968599,,703.765976,FALSE,FALSE,-0.046633669,,707.3961716,FALSE,FALSE,0.231043119,,717.3317032,FALSE,FALSE,0.053567071,,731.5888214,FALSE,FALSE,0.901819991,,697.7629852,FALSE,FALSE,-1.11070904,,712.3673096,FALSE,FALSE,-0.241798467,,731.7924194,FALSE,FALSE,0.913933422,,720.3144913,FALSE,FALSE,0.231033419,
92,92,957.9229377,13.13595742,1226.081314,13.63871895,951.0922508,17.02573758,1070.747781,12.27979599,1003.898789,911.9470867,1273.81683,1178.345798,1010.682332,891.5021693,1113.727067,1027.768495,1327.357544,FALSE,TRUE,7.425640944,101,1221.877945,FALSE,FALSE,-0.308193838,,1236.080994,FALSE,FALSE,0.733183197,,957.1150131,FALSE,FALSE,-0.061504808,,955.424942,FALSE,FALSE,-0.190164719,,966.3306961,FALSE,FALSE,0.89502409,,962.0297394,FALSE,FALSE,0.642409088,,943.1913147,FALSE,FALSE,-0.464058376,,943.2855682,FALSE,FALSE,-0.458522431,,962.9328003,FALSE,FALSE,0.695450016,,964.6364746,FALSE,FALSE,0.795514657,
93,93,704.7973633,11.410099,1011.272118,12.91712338,714.9344006,19.68926934,815.1949188,10.57256611,744.7327098,664.8620168,1056.48205,966.0621864,783.8468433,646.0219579,852.1989002,778.1909374,1093.135696,FALSE,TRUE,6.337601317,102,1004.981049,FALSE,FALSE,-0.487033334,,1022.684921,FALSE,FALSE,0.883540605,,708.0205002,FALSE,FALSE,0.282481064,,712.1949615,FALSE,FALSE,0.648337781,,706.6885452,FALSE,FALSE,-0.418799458,,721.633812,FALSE,FALSE,0.340256983,,700.6842422,FALSE,FALSE,-0.72375252,,710.4333801,FALSE,FALSE,-0.228602715,,730.7225189,FALSE,FALSE,0.801864106,,723.029129,FALSE,FALSE,0.411123863,
94,94,518.3996015,12.95913269,832.5896727,9.665037176,530.6808872,16.22506466,620.9758102,11.04028942,563.7565659,473.0426371,866.4173028,798.7620426,587.4686135,473.8931609,659.6168232,582.3347973,914.788765,FALSE,TRUE,8.504788003,103,824.1278152,FALSE,FALSE,-0.87551215,,843.1373062,FALSE,FALSE,1.09131846,,514.5146713,FALSE,FALSE,-0.299783195,,532.440033,FALSE,FALSE,1.083439129,,524.1419144,FALSE,FALSE,-0.403016752,,533.9438248,FALSE,FALSE,0.201104748,,525.6971512,FALSE,FALSE,-0.307162784,,531.5091171,FALSE,FALSE,0.051046324,,546.9289169,FALSE,FALSE,1.001415406,,542.7458878,FALSE,FALSE,0.743602617,
95,95,136.2819989,31.0698767,466.6361558,2.276404941,125.6680145,1.911232351,176.5852058,1.483893745,245.0265673,27.53743047,474.6035731,458.6687385,132.3573278,118.9787013,181.7788339,171.3915777,501.8067474,FALSE,TRUE,15.45005945,104,462.176712,FALSE,FALSE,-1.958985261,,465.0046997,FALSE,FALSE,-0.716680951,,124.8071184,FALSE,FALSE,-0.369324945,,131.0181379,FALSE,FALSE,-0.169420079,,126.7245255,FALSE,FALSE,0.552790415,,128.9108143,FALSE,FALSE,1.696706189,,125.0091152,FALSE,FALSE,-0.344751022,,125.4691372,FALSE,FALSE,-0.10405712,,129.15308,FALSE,FALSE,1.823465084,,126.6795797,FALSE,FALSE,0.5292738,
96,96,973.6471269,11.67595323,1214.584975,13.38835369,971.1015625,17.31864686,1077.125909,12.70355944,1014.512963,932.7812906,1261.444213,1167.725737,1031.716827,910.4862985,1121.588367,1032.663451,2168.477219,FALSE,TRUE,71.24791186,105,1208.502472,FALSE,FALSE,-0.454312991,,1229.705444,FALSE,FALSE,1.12937481,,980.2295303,FALSE,FALSE,0.563757265,,981.8683701,FALSE,FALSE,0.704117516,,976.6945419,FALSE,FALSE,0.322945521,,979.106514,FALSE,FALSE,0.462215757,,970.7157669,FALSE,FALSE,-0.022276313,,979.5683136,FALSE,FALSE,0.488880636,,973.5498276,FALSE,FALSE,0.141365841,,992.5235138,FALSE,FALSE,1.236929852,
97,97,747.7972641,11.88371038,1031.728219,12.86274301,755.5924053,14.29644583,854.1925079,11.77175581,789.3902504,706.2042778,1076.74782,986.7086188,805.6299657,705.5548449,895.3936533,812.9913626,2286.10173,FALSE,TRUE,97.51990767,106,1023.736694,FALSE,FALSE,-0.621292442,,1039.791153,FALSE,FALSE,0.626844025,,742.6536713,FALSE,FALSE,-0.432827179,,756.3802261,FALSE,FALSE,0.722245979,,753.5285263,FALSE,FALSE,-0.144363084,,754.5387955,FALSE,FALSE,-0.073697327,,755.9188232,FALSE,FALSE,0.022832103,,751.6642151,FALSE,FALSE,-0.274766909,,757.7059479,FALSE,FALSE,0.147836923,,773.7252426,FALSE,FALSE,1.268345819,
98,98,625.9772808,11.14324501,936.7496573,11.5256107,639.3229847,10.39683256,732.2762238,8.70727574,664.9786383,586.9759232,977.0892948,896.4100199,675.7118986,602.9340708,762.7516888,701.8007587,3008.996307,FALSE,TRUE,179.7949544,107,933.1637421,FALSE,FALSE,-0.311125835,,943.5908356,FALSE,FALSE,0.59356319,,629.1794281,FALSE,FALSE,0.287362195,,634.7720108,FALSE,FALSE,0.789243173,,646.4920273,FALSE,FALSE,0.689541026,,643.0473022,FALSE,FALSE,0.358216556,,639.4968948,FALSE,FALSE,0.016727223,,640.2970352,FALSE,FALSE,0.093687238,,649.9768143,FALSE,FALSE,1.02471878,,671.2756348,FALSE,FALSE,3.073306211,
99,99,133.0249297,1.181840972,471.7210153,2.306544169,130.7080073,1.443810216,180.7736256,1.474209882,137.1613731,128.8884863,479.7939199,463.6481107,135.7613431,125.6546716,185.9333602,175.613891,616.5262375,FALSE,TRUE,62.78016442,108,468.0273247,FALSE,FALSE,-1.601396005,,470.6574669,FALSE,FALSE,-0.461100385,,133.0356255,FALSE,FALSE,0.009050116,,135.1116524,FALSE,FALSE,1.765654402,,131.8130589,FALSE,FALSE,0.765371726,,133.019537,FALSE,FALSE,1.600992713,,130.6103306,FALSE,FALSE,-0.067652073,,132.0242319,FALSE,FALSE,0.911632678,,133.0109873,FALSE,FALSE,1.595071097,,130.6283941,FALSE,FALSE,-0.055141048,
100,100,904.0130174,13.13402844,1157.767579,12.45872609,905.4152164,8.621628685,1001.295552,12.06690404,949.9821169,858.0439179,1201.373121,1114.162038,935.5909168,875.239516,1043.529716,959.0613879,3811.397858,FALSE,TRUE,212.9937089,109,1152.115799,FALSE,FALSE,-0.453640317,,1184.671829,FALSE,FALSE,2.159470369,,918.3926086,FALSE,FALSE,1.09483479,,907.0646744,FALSE,FALSE,0.232347372,,910.4640427,FALSE,FALSE,0.585600053,,919.6264191,FALSE,FALSE,1.648319957,,903.1283035,FALSE,FALSE,-0.265253005,,919.8006516,FALSE,FALSE,1.668528723,,900.9798355,FALSE,FALSE,-0.514448151,,926.5158005,FALSE,FALSE,2.447401158,
101,101,699.2995627,11.10811671,993.3202833,11.36142995,710.1383419,8.74392583,800.4681305,9.988238962,738.1779712,660.4211543,1033.085288,953.5552784,740.7420823,679.5346015,835.4269669,765.5092941,3161.158264,FALSE,TRUE,190.8067902,110,990.9010468,FALSE,FALSE,-0.212934156,,1010.454544,FALSE,FALSE,1.508107772,,711.0660553,FALSE,FALSE,1.059269801,,709.2453613,FALSE,FALSE,0.895363171,,710.9269714,FALSE,FALSE,0.0901917,,712.8046494,FALSE,FALSE,0.304932533,,701.3964767,FALSE,FALSE,-0.999764331,,713.5879745,FALSE,FALSE,0.394517601,,718.2658463,FALSE,FALSE,0.929502892,,731.3787003,FALSE,FALSE,2.429155824,
102,102,805.1262643,12.36211024,1092.452914,11.5358985,815.5542526,10.13945222,910.0854202,12.01182931,848.3936501,761.8588785,1132.828559,1052.077269,851.0423354,780.0661698,952.1268228,868.0440176,4418.195557,FALSE,TRUE,288.295068,111,1087.342194,FALSE,FALSE,-0.443027504,,1117.13147,FALSE,FALSE,2.139283368,,818.6647034,FALSE,FALSE,1.09515599,,813.0506821,FALSE,FALSE,0.641024681,,814.9623489,FALSE,FALSE,-0.058376298,,821.3526535,FALSE,FALSE,0.571865299,,811.6011505,FALSE,FALSE,-0.389873341,,824.9523773,FALSE,FALSE,0.926886827,,813.8959732,FALSE,FALSE,-0.163547239,,829.9199677,FALSE,FALSE,1.41681372,
103,103,928.5384581,11.62357662,1200.20091,12.61794497,933.6023216,10.57533179,1043.534406,12.87546798,969.2209763,887.85594,1244.363717,1156.038103,970.6159829,896.5886604,1088.598543,998.4702676,3238.007935,FALSE,TRUE,161.5007063,112,1195.099365,FALSE,FALSE,-0.404308682,,1221.12236,FALSE,FALSE,1.658071132,,935.9782944,FALSE,FALSE,0.640064282,,935.6831284,FALSE,FALSE,0.614670548,,938.5544128,FALSE,FALSE,0.468268166,,951.6446991,FALSE,FALSE,1.706081457,,927.8425064,FALSE,FALSE,-0.544646289,,942.5855408,FALSE,FALSE,0.849450336,,926.5935287,FALSE,FALSE,-0.662749218,,956.985817,FALSE,FALSE,2.211135858,
104,104,1076.159925,43.12805165,1313.014091,25.62330442,1050.566219,23.86319087,1152.323038,12.53800333,1227.108106,925.2117441,1402.695657,1223.332526,1134.087387,967.0450513,1196.206049,1108.440026,1497.747955,FALSE,TRUE,7.209603447,113,1327.257858,FALSE,FALSE,0.555891096,,1303.521393,FALSE,FALSE,-0.370471291,,1071.063919,FALSE,FALSE,-0.11815989,,1054.154449,FALSE,FALSE,-0.510235789,,1094.515076,FALSE,FALSE,1.841700743,,1111.908051,FALSE,FALSE,2.57056282,,1037.83226,FALSE,FALSE,-0.53362349,,1073.557358,FALSE,FALSE,0.963456169,,1053.132263,FALSE,FALSE,0.107531464,,1041.919373,FALSE,FALSE,-0.36235082,
105,105,1010.788105,9.106646695,1255.52357,12.72751637,999.4143429,10.4619569,1117.826434,12.13639491,1042.661368,978.9148416,1300.069877,1210.977262,1036.031192,962.7974937,1160.303817,1075.349052,2299.153076,FALSE,TRUE,81.99789153,114,1253.45665,FALSE,FALSE,-0.162397745,,1276.754074,FALSE,FALSE,1.668079124,,1023.88076,FALSE,FALSE,1.43770321,,1010.636063,FALSE,FALSE,-0.01669576,,1006.578239,FALSE,FALSE,0.684756841,,1020.670494,FALSE,FALSE,2.031756716,,989.803627,FALSE,FALSE,-0.918634626,,1010.981918,FALSE,FALSE,1.105679899,,993.595665,FALSE,FALSE,-0.556174906,,1012.797089,FALSE,FALSE,1.279181884,
106,106,1182.769226,14.4998212,1418.934444,15.26738381,1162.673244,14.26598522,1275.195871,18.69586582,1233.5186,1132.019852,1472.370288,1365.498601,1212.604193,1112.742296,1340.631401,1209.760341,1597.676056,FALSE,TRUE,11.70741587,115,1430.338028,FALSE,FALSE,0.746924533,,1418.855331,FALSE,FALSE,-0.005181831,,1190.285034,FALSE,FALSE,0.518337985,,1168.701736,FALSE,FALSE,-0.970183662,,1190.217285,FALSE,FALSE,1.930749279,,1192.266083,FALSE,FALSE,2.074363448,,1158.003815,FALSE,FALSE,-0.327312114,,1176.55098,FALSE,FALSE,0.972784909,,1157.698227,FALSE,FALSE,-0.348732841,,1172.956772,FALSE,FALSE,0.720842424,
107,107,860.3873613,12.34595461,1136.920128,11.95684553,863.7734585,8.55105517,957.1962128,12.97565815,903.5982024,817.1765201,1178.769087,1095.071169,893.7021516,833.8447654,1002.611016,911.7814092,1333.641663,FALSE,TRUE,16.45262826,116,1131.794632,FALSE,FALSE,-0.428666231,,1146.071243,FALSE,FALSE,0.76534529,,876.3334274,FALSE,FALSE,1.291602527,,857.9111023,FALSE,FALSE,-0.200572498,,883.6521683,FALSE,FALSE,2.324708401,,886.1409073,FALSE,FALSE,2.615753069,,862.293045,FALSE,FALSE,-0.173126405,,874.9199371,FALSE,FALSE,1.303520844,,861.2992859,FALSE,FALSE,-0.289341203,,876.6375732,FALSE,FALSE,1.504389167,
