,Unnamed: 0,pin average impedances 10044,cartridge_to_cartridge_pin_variation 10044,pin average impedances 00000004,cartridge_to_cartridge_pin_variation 00000004,pin average impedances 10045,cartridge_to_cartridge_pin_variation 10045,pin average impedances 47,cartridge_to_cartridge_pin_variation 47,Lower Bound 10044,Lower Bound 00000004,Lower Bound 10045,Lower Bound 47,Average Trial 6391.csv,Lower Bounds Failure 6391.csv,Z score 6391.csv,Failed Pins 6391.csv,Average Trial 6407.csv,Lower Bounds Failure 6407.csv,Z score 6407.csv,Failed Pins 6407.csv,Average Trial 6530.csv,Lower Bounds Failure 6530.csv,Z score 6530.csv,Failed Pins 6530.csv,Average Trial 6387.csv,Lower Bounds Failure 6387.csv,Z score 6387.csv,Failed Pins 6387.csv,Average Trial 6450.csv,Lower Bounds Failure 6450.csv,Z score 6450.csv,Failed Pins 6450.csv,Average Trial 6419.csv,Lower Bounds Failure 6419.csv,Z score 6419.csv,Failed Pins 6419.csv,Average Trial 6432.csv,Lower Bounds Failure 6432.csv,Z score 6432.csv,Failed Pins 6432.csv,Average Trial 6434.csv,Lower Bounds Failure 6434.csv,Z score 6434.csv,Failed Pins 6434.csv,Average Trial 6441.csv,Lower Bounds Failure 6441.csv,Z score 6441.csv,Failed Pins 6441.csv,Average Trial 6463.csv,Lower Bounds Failure 6463.csv,Z score 6463.csv,Failed Pins 6463.csv,Average Trial 6504.csv,Lower Bounds Failure 6504.csv,Z score 6504.csv,Failed Pins 6504.csv,Average Trial 6511.csv,Lower Bounds Failure 6511.csv,Z score 6511.csv,Failed Pins 6511.csv
0,0,1579.332909,415.3735426,1882.881722,44.17232623,1658.187572,41.5824622,1812.016312,21.01140466,-2574.402517,1441.158459,1242.36295,1601.902265,7496.222839,FALSE,127.0782319,32,1905.869659,FALSE,0.520414927,,1863.008057,FALSE,-0.449912118,,1714.159958,FALSE,0.324592288,,1674.655563,FALSE,0.229486581,,1681.531357,FALSE,0.561385332,26,1686.554138,FALSE,0.682176192,17,1797.273987,FALSE,3.344833542,50,1645.655502,FALSE,-0.301378742,28,1687.626266,FALSE,0.707959376,27,1644.998764,FALSE,-0.317172379,62,1806.251511,FALSE,-0.274365338,
1,1,767.5104846,189.608104,1130.215369,15.61707566,798.1973553,8.030074787,913.6190826,7.826420572,-1128.570555,974.0446123,717.8966074,835.3548769,1672.147324,FALSE,34.70124411,39,1139.672058,FALSE,0.60553521,,1119.306534,FALSE,-0.698519706,,811.7994385,FALSE,0.233581545,,803.6218033,FALSE,0.190452401,,928.5258026,FALSE,16.23004154,41,821.4074173,FALSE,2.890391764,37,803.1601486,FALSE,0.618025795,,798.0033951,FALSE,-0.02415422,,819.0181732,FALSE,2.592854799,,1014.342873,FALSE,26.91699929,,914.6475601,FALSE,0.131410964,
2,2,1315.709536,327.2136773,1647.287104,12.84666555,1385.981972,7.804785057,1529.576566,12.25891401,-1956.427237,1518.820449,1307.934121,1406.987426,4664.23822,FALSE,234.8431275,,1637.851868,FALSE,-0.734450241,,1643.18486,FALSE,-0.319323644,,1394.722412,FALSE,0.2414718,,1376.420334,FALSE,0.185538691,,1410.092499,FALSE,3.089198084,76,1408.448715,FALSE,2.878585804,50,1390.566269,FALSE,0.587370075,,1497.187332,FALSE,14.24835657,,1400.76738,FALSE,1.894402974,,1377.274368,FALSE,-1.115674985,,1533.153855,FALSE,0.291811244,
3,3,1939.146161,2.843216448,2369.73745,2.861138502,1995.415771,61.60683996,2050.584329,1.295176921,1910.713996,2341.126065,1379.347372,2037.63256,2396.185181,FALSE,9.243778654,,2368.719452,FALSE,-0.355801631,,2368.225189,FALSE,-0.528551987,,1943.438278,FALSE,1.509599289,,1942.742447,FALSE,1.264865442,,1957.267563,FALSE,-0.619220344,,1959.00412,FALSE,-0.591032613,,1958.565628,FALSE,-0.598150196,,1956.412918,FALSE,-0.633092907,,1965.921906,FALSE,-0.478743366,,1961.280823,FALSE,-0.554077254,,2052.197861,FALSE,1.245800094,
4,4,1651.298257,13.28079079,1821.973015,19.89801069,1253.407386,621.172874,1756.502014,26.30001473,1518.490349,1622.992908,-4958.321353,1493.501867,7399.065552,FALSE,280.2839251,,1852.030045,FALSE,1.510554507,,1812.047623,FALSE,-0.498813289,,1647.548157,FALSE,-0.282370254,,1614.006393,FALSE,-2.80795505,,1624.398224,FALSE,0.597242496,,1653.687988,FALSE,0.644394852,,1609.512405,FALSE,0.573278445,,1588.819138,FALSE,0.539965226,,1636.3918,FALSE,0.616550448,,1594.882874,FALSE,0.549726979,,1748.693009,FALSE,-0.296920201,
5,5,649.8128858,4.603646713,984.4665457,7.212373047,652.2559643,12.02761051,755.4412308,15.49526992,603.7764187,912.3428153,531.9798592,600.4885316,1546.004288,FALSE,77.8575565,,984.8989105,FALSE,0.059947645,,973.3198166,FALSE,-1.545500916,,656.0263367,FALSE,1.349680205,,648.8104095,FALSE,-0.217756997,,657.2443008,FALSE,0.414740447,,662.772789,FALSE,0.874390197,,644.1741791,FALSE,-0.671936059,,649.4195633,FALSE,-0.235824147,,650.2193298,FALSE,-0.16932993,,637.4391632,FALSE,-1.231898976,,750.4792862,FALSE,-0.320223179,
6,6,605.0299181,6.399802235,913.0759538,8.066144166,632.4118252,32.03579745,704.0659866,15.24774407,541.0318958,832.4145121,312.0538507,551.588546,1212.918045,FALSE,37.17291497,,911.6463699,FALSE,-0.177232621,,902.3399353,FALSE,-1.330997597,,608.7949677,FALSE,0.588307167,,608.8336487,FALSE,0.594351265,,623.108963,FALSE,-0.290389593,,633.5241089,FALSE,0.034720026,,605.6927643,FALSE,-0.83403764,,611.4837112,FALSE,-0.653272764,,619.4234772,FALSE,-0.40543233,,594.5071716,FALSE,-1.183196816,,693.8824844,FALSE,-0.667869434,
7,7,659.3328705,40.19295136,957.0275345,7.52192615,667.1565742,18.39971011,755.934285,18.06739391,257.4033568,881.808273,483.1594731,575.2603459,1171.204788,FALSE,28.47372461,,955.2000885,FALSE,-0.242949206,,947.2492294,FALSE,-1.299973552,,654.4787445,FALSE,-0.120770578,,652.3113709,FALSE,-0.174694801,,662.5161514,FALSE,-0.252200866,,682.0548706,FALSE,0.809702776,,650.9336624,FALSE,-0.881693882,,652.0623398,FALSE,-0.820351754,,650.4649429,FALSE,-0.907168168,,640.0996399,FALSE,-1.47050873,,745.5119934,FALSE,-0.576856387,
8,8,1573.725646,14.03294142,1853.126906,34.03126692,1598.892742,20.03439989,1728.174475,24.25763514,1433.396232,1512.814237,1398.548743,1485.598124,6624.4422,FALSE,140.2038691,,1830.774277,FALSE,-0.656826247,,1838.02417,FALSE,-0.443790006,,1582.198151,FALSE,0.603758293,,1568.186707,FALSE,-0.394709788,,1612.979004,FALSE,0.703103753,,182.0610085,TRUE,-70.71994878,,1569.949677,FALSE,-1.444668461,,1582.739166,FALSE,-0.806291977,,1563.700653,FALSE,-1.756583141,,1561.171982,FALSE,-1.882799613,,1712.177383,FALSE,-0.659466252,
9,9,1643.007705,48.16738619,1905.935095,24.31137272,1650.904419,61.79352173,1771.901743,26.23014768,1161.333843,1662.821368,1032.969202,1509.600266,7507.45166,FALSE,230.4072514,,1944.689941,FALSE,1.594103566,,1886.259537,FALSE,-0.809315005,,1650.63356,FALSE,0.158319896,,1613.035385,FALSE,-0.622253393,,1628.036194,FALSE,-0.370074798,,1666.75885,FALSE,0.256571089,,1609.454788,FALSE,-0.670776314,,1587.851303,FALSE,-1.020383919,,1642.085541,FALSE,-0.142715254,,1593.272903,FALSE,-0.932646561,,1765.208969,FALSE,-0.255155766,
10,10,1887.248368,38.30648466,2085.542793,37.61985814,1895.593319,24.84876226,1970.628711,55.4507473,1504.183522,1709.344212,1647.105696,1416.121238,4928.993195,FALSE,75.58376192,,2139.724243,FALSE,1.440235359,,2008.113037,FALSE,-2.058214996,,1864.638077,FALSE,-0.590247104,,1860.260498,FALSE,-0.70452485,,1924.43309,FALSE,1.160611984,,2091.737915,FALSE,7.893535864,,1877.59761,FALSE,-0.724209451,,1873.008499,FALSE,-0.908891137,,1880.995163,FALSE,-0.587480206,,1819.623337,FALSE,-3.057294417,,1931.132294,FALSE,-0.712279261,
11,11,1723.550133,53.27340035,1959.700798,43.17335075,1731.735245,35.85394131,1815.330655,60.4072815,1190.816129,1527.967291,1373.195832,1211.25784,6320.054749,FALSE,100.996422,,2027.483322,FALSE,1.570008418,,1912.30072,FALSE,-1.097901298,,1720.407486,FALSE,-0.058990918,,1691.83493,FALSE,-0.595329041,,1761.962677,FALSE,0.843071393,,1804.096817,FALSE,2.018232016,,1708.905121,FALSE,-0.636753536,,1705.759689,FALSE,-0.724482566,,1741.029602,FALSE,0.259228329,,1688.037964,FALSE,-1.218758086,,1757.727127,FALSE,-0.953585834,
12,12,620.5547545,11.05731744,951.5060024,8.623089855,641.1533585,17.93198121,726.9651779,12.62703265,509.9815801,865.2751039,461.8335463,600.6948514,1134.514221,FALSE,21.22304439,,949.2609406,FALSE,-0.260354689,,938.0295258,FALSE,-1.562836164,,616.9676437,FALSE,-0.324410583,,613.9906921,FALSE,-0.59363968,,653.1231079,FALSE,0.667508476,,670.2927628,FALSE,1.624996365,,622.335556,FALSE,-1.04939896,,620.2275238,FALSE,-1.166956088,,640.5695648,FALSE,-0.032556003,,603.4311295,FALSE,-2.103628626,,720.1215897,FALSE,-0.541979138,
13,13,1067.661356,13.86589045,1347.896608,12.99047854,1116.589619,27.13734433,1221.654138,27.63920887,929.0024517,1217.991822,845.2161754,945.2620495,2180.770508,FALSE,64.11418158,,1329.891724,FALSE,-1.386006222,,1345.995972,FALSE,-0.146309933,,1075.002335,FALSE,0.529427113,,1068.29631,FALSE,0.045792529,,1118.640854,FALSE,0.075587175,,1287.459167,FALSE,6.29647274,,1079.347672,FALSE,-1.372350467,,1087.837418,FALSE,-1.059506808,,1069.497849,FALSE,-1.735312402,,1064.019089,FALSE,-1.937202451,,1210.381699,FALSE,-0.407842338,
14,14,561.2098247,14.3050903,898.6835842,12.61133617,616.2549019,33.14463979,680.8816818,24.70909352,418.1589217,772.5702226,284.8085039,433.7907466,1135.596222,FALSE,18.78568889,,894.3839951,FALSE,-0.340930501,,885.5123749,FALSE,-1.044394437,,556.1992188,FALSE,-0.350267341,,559.1563187,FALSE,-0.143550721,,604.0015488,FALSE,-0.369693356,,671.3602753,FALSE,1.662572703,,579.2725067,FALSE,-1.115788115,,591.1977386,FALSE,-0.755994435,,580.2106171,FALSE,-1.087484584,,555.0293503,FALSE,-1.847223321,,668.8246308,FALSE,-0.487960073,
15,15,600.1588489,15.35544138,931.3058891,12.69653023,657.74366,34.02055307,728.1466263,29.43347333,446.6044351,804.3405868,317.5381293,433.811893,1169.329437,FALSE,18.74713357,,927.8135376,FALSE,-0.27506346,,919.4296799,FALSE,-0.935390146,,595.1587753,FALSE,-0.325622263,,595.9923096,FALSE,-0.271339601,,644.9766693,FALSE,-0.375272872,,723.416832,FALSE,1.930396954,,617.4362869,FALSE,-1.184794761,,631.1238632,FALSE,-0.782462199,,624.5888519,FALSE,-0.974552294,,593.9383087,FALSE,-1.875494238,,715.5034027,FALSE,-0.429552552,
16,16,1184.215727,10.33997486,1431.218363,13.7348607,1189.419025,15.20031387,1298.220239,14.81462744,1080.815978,1293.869756,1037.415887,1150.073965,3312.272766,FALSE,136.9547492,,1414.532959,FALSE,-1.214821528,,1425.566528,FALSE,-0.411495627,,1176.461655,FALSE,-0.749912067,,1186.832779,FALSE,0.253100456,,1194.247681,FALSE,0.317668127,,1234.867554,FALSE,2.989973014,,1172.582855,FALSE,-1.107619904,,1181.761871,FALSE,-0.503749735,,1336.679001,FALSE,9.687956226,,1158.279129,FALSE,-2.048635091,,1297.062424,FALSE,-0.078153552,
17,17,658.4950109,14.0625774,989.7385629,13.10363547,699.0233517,27.75347514,780.898909,21.19517353,517.8692369,858.7022082,421.4886003,568.9471737,1278.098175,FALSE,22.00607708,,987.4636993,FALSE,-0.173605529,,977.4326096,FALSE,-0.939125129,,651.1930161,FALSE,-0.519250111,,652.8552704,FALSE,-0.401046009,,161.0452614,TRUE,-19.38417036,,749.5520096,FALSE,1.82062454,,660.6148834,FALSE,-1.383915638,,747.5974655,FALSE,1.750199339,,697.8751526,FALSE,-0.041371363,,640.290184,FALSE,-2.116245528,,775.1278076,FALSE,-0.272283753,
18,18,1055.567837,10.58210067,1357.23791,13.32580616,1078.941814,14.84598646,1186.576678,15.90697725,949.7468306,1223.979848,930.4819498,1027.506906,3747.940002,FALSE,179.4039373,,1341.546661,FALSE,-1.177508391,,1348.313232,FALSE,-0.669728902,,1048.667374,FALSE,-0.652088263,,1056.472656,FALSE,0.085504662,,1097.931366,FALSE,1.279103386,,1119.954926,FALSE,2.76257231,,1062.372116,FALSE,-1.116106254,,1131.476151,FALSE,3.53862212,,146.8075848,TRUE,-62.78695134,,1043.965347,FALSE,-2.3559544,,1181.218537,FALSE,-0.336842248,
19,19,866.5038768,10.86366291,1190.347749,10.64790634,896.259491,17.54117378,990.074884,18.10718455,757.8672477,1083.868686,720.8477531,809.0030385,2823.505341,FALSE,153.378283,,1176.446808,FALSE,-1.305509343,,1178.572464,FALSE,-1.105877973,,863.1608124,FALSE,-0.30772903,,864.0457687,FALSE,-0.226268811,,977.6203995,FALSE,4.638281879,,948.4921265,FALSE,2.977716095,,877.7916718,FALSE,-1.052826877,,151.0061264,TRUE,-42.48594613,,969.4225388,FALSE,4.17093227,,859.0181046,FALSE,-2.123084058,,985.1462097,FALSE,-0.272194405,
20,20,463.7862274,13.94293349,780.282746,8.426091313,483.5843248,15.87601073,550.1604736,8.404014765,324.3568924,696.0218329,324.8242175,466.120326,915.1650772,FALSE,16.00769873,,789.5112,FALSE,1.095223587,,766.6448364,FALSE,-1.618533323,,451.9713783,FALSE,-0.847371828,,462.5954552,FALSE,-0.085403276,,473.3465614,FALSE,-0.644857425,,514.8340492,FALSE,1.968361254,,458.5413399,FALSE,-1.577410433,,453.9365387,FALSE,-1.867458182,,475.7150154,FALSE,-0.495672972,,449.6449623,FALSE,-2.137776492,,550.7417908,FALSE,0.06917136,
21,21,539.2871088,13.60383748,851.4546324,10.58575252,560.0847454,16.70927912,630.9521393,9.750418376,403.248734,745.5971073,392.9919542,533.4479555,1007.668404,FALSE,14.75698312,,852.6653595,FALSE,0.114373263,,839.2623749,FALSE,-1.151761062,,532.1666489,FALSE,-0.523415542,,541.0980072,FALSE,0.133116731,,556.6388855,FALSE,-0.206224331,,588.2996521,FALSE,1.688577137,,538.0465546,FALSE,-1.318919307,,534.0054855,FALSE,-1.560765111,,567.3022919,FALSE,0.431948405,,523.2673798,FALSE,-2.203408381,,632.4504547,FALSE,0.153666784,
22,22,1075.551832,9.856875866,1365.165717,11.94538624,1094.828949,12.51345162,1206.964923,11.42661971,976.9830733,1245.711854,969.6944328,1092.698726,3812.222229,FALSE,204.8536953,,1350.778244,FALSE,-1.204437639,,1354.894287,FALSE,-0.859865851,,1068.454285,FALSE,-0.72006053,,1079.168625,FALSE,0.366930962,,1104.119339,FALSE,0.742432248,,1131.4729,FALSE,2.928364814,,1079.854019,FALSE,-1.196706574,,1070.915115,FALSE,-1.911050153,,1100.187302,FALSE,0.428207406,,1068.37146,FALSE,-2.114323836,,1206.60553,FALSE,-0.031452278,
23,23,1101.166564,10.99642287,1397.88264,13.1683533,1123.993633,13.12783188,1229.617392,12.34393016,991.2023352,1266.199107,992.7153145,1106.17809,638.2986679,TRUE,-57.68253286,,1382.633438,FALSE,-1.158018859,,1386.821915,FALSE,-0.83994746,,1092.519119,FALSE,-0.786387054,,1106.434937,FALSE,0.47909877,,1126.153748,FALSE,0.164544634,,1160.289642,FALSE,2.764813673,,1112.472549,FALSE,-0.877607509,,1095.126358,FALSE,-2.198936999,,1139.993393,FALSE,1.218766345,,1093.122757,FALSE,-2.351559389,,1229.00763,FALSE,-0.049397758,
24,24,509.9470149,11.48275056,850.2226041,11.32732819,528.7640333,15.63879996,620.1121155,13.46598548,395.1195094,736.9493222,372.3760337,485.4522607,941.3569336,FALSE,8.045527414,,841.0144424,FALSE,-0.81291559,,839.2844543,FALSE,-0.965642523,,496.8123474,FALSE,-1.143860739,,509.6728516,FALSE,-0.023876107,,517.1314201,FALSE,-0.743830295,,556.251915,FALSE,1.757672055,,508.2117729,FALSE,-1.314183981,,502.0864449,FALSE,-1.705859051,,524.5414429,FALSE,-0.270007319,,497.7668724,FALSE,-1.982067741,,615.7463074,FALSE,-0.324210072,
25,25,1032.042611,9.374754846,1331.746783,10.5982547,1036.753677,10.24931,1164.175043,11.03610445,938.2950628,1225.764236,934.2605774,1053.813998,3339.890808,FALSE,189.4787474,,1317.11821,FALSE,-1.380281331,,1318.831619,FALSE,-1.218612313,,1024.597282,FALSE,-0.794189178,,1037.636429,FALSE,0.596689478,,1041.330399,FALSE,0.446539444,,1067.09845,FALSE,2.960664897,,1025.770241,FALSE,-1.071626928,,1015.729279,FALSE,-2.051298947,,1043.661285,FALSE,0.673958348,,1017.261543,FALSE,-1.901799643,,1163.365723,FALSE,-0.073333867,
26,26,432.0286871,11.97526233,764.263951,9.776996037,454.3073511,16.88532126,524.6578354,9.060251615,312.2760638,666.4939906,285.4541385,434.0553192,844.2342453,FALSE,8.179434052,,766.6850281,FALSE,0.247629955,,748.9822235,FALSE,-1.563028911,,418.5638428,FALSE,-1.124388254,,435.5632896,FALSE,0.295158676,,446.8192177,FALSE,-0.443470001,,480.4583244,FALSE,1.548740052,,433.7225304,FALSE,-1.219095594,,428.925396,FALSE,-1.50319646,,453.0353241,FALSE,-0.075333303,,425.8892784,FALSE,-1.683004561,,522.1869812,FALSE,-0.272713639,
27,27,463.6554437,13.08786652,798.5390294,11.47537107,491.7821512,16.85752444,575.2905014,14.20840344,332.7767786,683.7853188,323.2069069,433.206467,908.9435272,FALSE,9.620995883,,797.9679489,FALSE,-0.049765757,,782.6295776,FALSE,-1.38639977,,453.5231705,FALSE,-0.774173029,,464.0666237,FALSE,0.031416881,,483.8808899,FALSE,-0.468708283,,516.4835281,FALSE,1.46530275,,471.8339233,FALSE,-1.183342664,,461.4257851,FALSE,-1.80076062,,488.1188354,FALSE,-0.217310423,,458.2621803,FALSE,-1.988427839,,571.6837234,FALSE,-0.253848223,
28,28,449.5537344,8.65557211,801.0748698,9.749985102,465.5293274,11.27365973,557.4969742,15.11710492,362.9980133,703.5750188,352.7927301,406.325925,931.8954849,FALSE,13.41751949,,790.8977051,FALSE,-1.04381336,,793.7102127,FALSE,-0.755350599,,436.5764465,FALSE,-1.49929868,,447.7788162,FALSE,-0.205060755,,459.760067,FALSE,-0.511746899,,135.3409195,TRUE,-29.28848446,,451.2522926,FALSE,-1.266406393,,446.2880974,FALSE,-1.706742129,,472.0236816,FALSE,0.576064419,,437.2226181,FALSE,-2.510871355,,553.8937988,FALSE,-0.238350886,
29,29,468.1672802,10.39254223,806.6283372,11.14130474,489.3624077,15.1764585,562.8933167,12.09996598,364.2418579,695.2152898,337.5978226,441.8936568,898.864769,FALSE,8.278781874,,799.7040863,FALSE,-0.621493719,,794.4621658,FALSE,-1.091988028,,455.6144295,FALSE,-1.207871034,,466.5378418,FALSE,-0.156789202,,482.3097115,FALSE,-0.464712912,,517.0005836,FALSE,1.821121572,,469.3869705,FALSE,-1.316212024,,469.8248749,FALSE,-1.287357838,,544.4307823,FALSE,3.628539202,,464.4292831,FALSE,-1.642881607,,560.7602005,FALSE,-0.176291087,
30,30,426.623758,10.10384256,768.194809,8.836635198,446.8520241,11.97798492,538.4519669,16.89252523,325.5853325,679.828457,327.0721748,369.5267146,483.3786583,TRUE,-32.23128988,,757.0692444,FALSE,-1.259027257,,754.7909622,FALSE,-1.51684962,,411.1794662,FALSE,-1.52855626,,423.4485359,FALSE,-0.314258868,,441.5929146,FALSE,-0.439064628,,510.9010124,FALSE,5.34722566,,432.4100723,FALSE,-1.205707959,,426.4096718,FALSE,-1.706660379,,448.3416481,FALSE,0.124363491,,420.4512291,FALSE,-2.204109886,,533.9257507,FALSE,-0.267941948,
31,31,430.6439656,9.878783586,775.1005948,10.30746277,453.8353748,13.67478159,543.9323486,14.74891814,331.8561297,672.0259671,317.0875589,396.4431672,864.3456497,FALSE,8.658295144,,766.1033783,FALSE,-0.872883729,,762.57827,FALSE,-1.214879467,,416.1228333,FALSE,-1.469931212,,427.9404182,FALSE,-0.273672089,,448.8697166,FALSE,-0.363125228,,496.0641136,FALSE,3.088074095,,437.452095,FALSE,-1.19806519,,432.5058327,FALSE,-1.559772053,,455.8112144,FALSE,0.144487837,,426.9510345,FALSE,-1.965979501,,540.9045792,FALSE,-0.205287564,
32,32,616.1442806,6.898832539,954.3918978,10.15748052,635.0143414,12.02170916,743.9437424,16.73082757,547.1559552,852.8170926,514.7972498,576.6354667,1022.209396,FALSE,6.676606307,,946.0044785,FALSE,-0.82573817,,944.228775,FALSE,-1.000555481,,606.3758545,FALSE,-1.4159535,,614.1611252,FALSE,-0.287462462,,130.9389687,TRUE,-41.93042488,,669.6978989,FALSE,2.885077077,,630.4591293,FALSE,-0.378915507,,621.5942383,FALSE,-1.116322388,,630.7746887,FALSE,-0.352666379,,615.0759888,FALSE,-1.658528943,,743.0500641,FALSE,-0.053415067,
33,33,454.3383718,8.795899882,812.5049915,10.29420649,473.6790304,11.93667296,571.2330795,14.59748774,366.379373,709.5629267,354.3123009,425.2582022,878.3583298,FALSE,6.397126222,,803.4469757,FALSE,-0.879913943,,800.6715851,FALSE,-1.149520992,,441.1339836,FALSE,-1.501198102,,455.7623138,FALSE,0.16188702,,480.5516663,FALSE,0.575758075,,546.2405701,FALSE,6.078874735,,461.3631935,FALSE,-1.031764626,,455.9382858,FALSE,-1.486238641,,475.5505981,FALSE,0.156791405,,444.1025009,FALSE,-2.477786701,,570.9575424,FALSE,-0.018875652,
34,34,533.0029973,7.302195923,881.1823489,8.504111696,560.2577782,14.55215345,662.3344986,14.71508241,459.981038,796.1412319,414.7362437,515.1836744,939.7493362,FALSE,6.886902412,,868.6766434,FALSE,-1.470548126,,868.9182358,FALSE,-1.442139232,,521.2776718,FALSE,-1.605725945,,532.4070358,FALSE,-0.081614002,,646.7054825,FALSE,5.940543756,,587.9090576,FALSE,1.900150348,,550.0325699,FALSE,-0.70265946,,540.5346375,FALSE,-1.355341722,,557.5810394,FALSE,-0.183941074,,533.3239365,FALSE,-1.850849209,,658.9250259,FALSE,-0.231699189,
35,35,420.9050914,8.502579932,789.9891389,9.973898743,447.0206242,11.13819994,545.3451981,15.64578082,335.8792921,690.2501515,335.6386248,388.8873899,850.5546112,FALSE,6.072396948,,781.5018539,FALSE,-0.850949583,,778.2130737,FALSE,-1.180688264,,408.3660698,FALSE,-1.474731403,,422.990963,FALSE,0.245322194,,454.2598839,FALSE,0.649948803,,489.6148109,FALSE,3.824153546,,439.8806,FALSE,-0.641039326,,426.0762215,FALSE,-1.880411809,,447.7655029,FALSE,0.066876046,,420.6334381,FALSE,-2.369070963,,541.8098221,FALSE,-0.225963536,
36,36,598.2810604,6.886333961,951.7729937,9.083874966,623.3867321,15.54874956,739.2692902,12.96906869,529.4177207,860.9342441,467.8992365,609.5786033,1024.895866,FALSE,8.049744514,,936.4200668,FALSE,-1.690129702,,947.136116,FALSE,-0.51045151,,592.6461639,FALSE,-0.818272312,,600.9468918,FALSE,0.387119104,,639.8797913,FALSE,1.060732189,,668.3015747,FALSE,2.888646603,,643.0284653,FALSE,1.263235548,,605.0129013,FALSE,-1.18169186,,620.9600143,FALSE,-0.15607157,,599.8937607,FALSE,-1.51092352,,731.9824753,FALSE,-0.561861077,
37,37,483.0370936,7.491943129,829.7081852,9.795313802,491.35954,9.046095893,587.3884064,11.74167102,408.1176623,731.7550472,400.8985811,469.9716962,881.552948,FALSE,5.292812854,,825.0828094,FALSE,-0.472202917,,824.9321671,FALSE,-0.487581944,,468.3796806,FALSE,-1.956423412,,477.8520393,FALSE,-0.692084035,,504.2382545,FALSE,1.423676547,,498.2512207,FALSE,0.761840334,,492.4781647,FALSE,0.123658283,,483.5567055,FALSE,-0.862563763,,495.0384445,FALSE,0.406684229,,476.7423363,FALSE,-1.615857701,,592.9683609,FALSE,0.475226611,
38,38,564.521274,7.478333083,892.5896537,8.820348778,597.9129543,13.41772302,659.3546951,8.628822362,489.7379432,804.3861659,463.7357241,573.0664715,951.7278748,FALSE,6.704748598,,886.8387756,FALSE,-0.652001203,,887.063446,FALSE,-0.626529375,,556.9928818,FALSE,-1.006693893,,570.8593674,FALSE,0.847527554,,610.4398193,FALSE,0.933605872,,619.581955,FALSE,1.614953639,,587.5725861,FALSE,-0.770650002,,580.7191238,FALSE,-1.281426846,,589.9772263,FALSE,-0.591436271,,574.4196472,FALSE,-1.750916089,,662.0419617,FALSE,0.311429118,
39,39,535.9031775,7.122645714,870.9003016,9.423821063,560.3100033,12.69751259,634.5554321,11.56720655,464.6767204,776.662091,433.3348773,518.8833666,921.6655731,FALSE,5.386909532,,865.8857651,FALSE,-0.532112877,,866.9022903,FALSE,-0.424245244,,526.9820404,FALSE,-1.252503281,,536.048317,FALSE,0.020377178,,580.2369537,FALSE,1.56935859,,581.9158554,FALSE,1.701581469,,559.2645187,FALSE,-0.082337744,,548.783638,FALSE,-0.907765611,,561.5795212,FALSE,0.099981622,,539.4023209,FALSE,-1.646596707,,637.178711,FALSE,0.226785855,
40,40,425.7705931,8.047165256,778.8070742,8.058741963,441.4326715,7.957673804,539.3426544,8.976586354,345.2989405,698.2196546,361.8559335,449.5767909,828.9393768,FALSE,6.220859637,,772.9994507,FALSE,-0.720661311,,777.0055313,FALSE,-0.223551384,,419.1212692,FALSE,-0.826293938,,433.064682,FALSE,0.906417189,,444.8877029,FALSE,0.434176052,,451.6689262,FALSE,1.286337558,,441.2562943,FALSE,-0.022164429,,430.1771927,FALSE,-1.414418225,,444.694458,FALSE,0.409891954,,433.5140228,FALSE,-0.995095918,,538.3955994,FALSE,-0.105502805,
41,41,432.0942663,7.143267151,799.065134,8.451936484,458.1612425,10.51520556,562.5395264,9.748903704,360.6615948,714.5457692,353.0091869,465.0504893,861.4986877,FALSE,7.386893384,,790.8048401,FALSE,-0.977325608,,801.177742,FALSE,0.249955494,,424.1118813,FALSE,-1.117469769,,440.5849152,FALSE,1.188622606,,455.2455788,FALSE,-0.277280715,,124.0931854,TRUE,-31.76999776,,124.3621635,TRUE,-31.74441784,,442.2415123,FALSE,-1.513972323,,456.2518311,FALSE,-0.181585745,,435.6705513,FALSE,-2.138873183,,559.2690964,FALSE,-0.335466436,
42,42,395.4393774,7.675697136,749.0122878,6.52450157,418.2632122,10.94828594,512.7162766,10.10558258,318.682406,683.7672721,308.7803528,411.6604507,799.5389252,FALSE,7.744137518,,738.0300751,FALSE,-1.68322631,,749.0599976,FALSE,0.007312403,,387.1278992,FALSE,-1.082830401,,406.60532,FALSE,1.454713807,,414.3818245,FALSE,-0.354520126,,433.6065903,FALSE,1.401441116,,426.295578,FALSE,0.733664232,,405.081871,FALSE,-1.203963912,,421.200325,FALSE,0.268271474,,403.6598549,FALSE,-1.333848731,,510.6320267,FALSE,-0.206247373,
43,43,402.6113112,7.622894477,763.0466086,6.824780211,425.1336126,10.73599137,524.5233772,11.36904531,326.3823665,694.7988065,317.773699,410.8329241,813.506897,FALSE,7.393686948,,758.3944321,FALSE,-0.68165954,,759.7850723,FALSE,-0.477896164,,393.0362206,FALSE,-1.256096449,,409.8852654,FALSE,0.95422469,,424.318325,FALSE,-0.075939665,,488.3989601,FALSE,5.892827715,,468.7471848,FALSE,4.062370267,,409.1275024,FALSE,-1.490883296,,426.3933373,FALSE,0.11733659,,412.7284851,FALSE,-1.155471079,,521.7984238,FALSE,-0.239681819,
44,44,489.424612,9.937943148,832.5769456,10.88415487,508.888175,15.12478536,599.2701569,4.655681681,390.0451806,723.7353969,357.6403214,552.71334,907.0707855,FALSE,6.844246596,,820.0598221,FALSE,-1.150031738,,830.0935822,FALSE,-0.228163188,,481.5503769,FALSE,-0.792340531,,499.5342331,FALSE,1.017274993,,509.7571335,FALSE,0.057452615,,505.1016388,FALSE,-0.250353055,,494.9275398,FALSE,-0.923030301,,500.3664093,FALSE,-0.563430522,,509.6830444,FALSE,0.052554096,,498.0145988,FALSE,-0.718924329,,601.4932938,FALSE,0.477510501,
45,45,443.0676136,9.83815066,797.4726251,10.08990994,462.2595425,10.95225304,557.1768616,8.430400587,344.686107,696.5735257,352.7370121,472.8728557,861.0670776,FALSE,6.302777022,,789.6356964,FALSE,-0.776709478,,794.0174713,FALSE,-0.342436533,,436.1182327,FALSE,-0.70637065,,454.5315514,FALSE,1.165253324,,453.646801,FALSE,-0.786389927,,463.6736794,FALSE,0.129118354,,454.876091,FALSE,-0.674149094,,448.3842125,FALSE,-1.26689275,,469.8904228,FALSE,0.696740691,,450.4098701,FALSE,-1.081939239,,556.9975586,FALSE,-0.021268618,
46,46,556.2159042,10.55607523,930.8742148,9.980659852,581.1016445,19.80280103,699.5638657,7.891033467,450.6551519,831.0676163,383.0736342,620.653531,1006.024857,FALSE,7.529626585,,913.199646,FALSE,-1.770881793,,922.1079788,FALSE,-0.878322287,,552.4468613,FALSE,-0.35704965,,572.4432831,FALSE,1.537254945,,584.3890457,FALSE,0.166006879,,600.0929108,FALSE,0.959019193,,570.5486679,FALSE,-0.532903229,,563.5607224,FALSE,-0.885779852,,588.7660141,FALSE,0.387034621,,571.7795792,FALSE,-0.470744787,,692.4690476,FALSE,-0.899098721,
47,47,400.8903841,8.89834155,762.118206,9.889720693,424.7406664,13.84032516,515.7308868,5.900515025,311.9069686,663.2209991,286.3374148,456.7257366,809.2971573,FALSE,4.770503913,,753.7798004,FALSE,-0.843138635,,751.9514771,FALSE,-1.028009717,,398.6995583,FALSE,-0.246206089,,413.2331963,FALSE,1.387091298,,422.4211197,FALSE,-0.167593367,,419.489872,FALSE,-0.379383747,,409.4209595,FALSE,-1.106889235,,408.5539131,FALSE,-1.169535621,,430.4914703,FALSE,0.415510754,,414.8629837,FALSE,-0.713688629,,510.2043304,FALSE,-0.936622715,
48,48,639.5706918,12.75557091,975.0142918,11.80212932,661.2482986,20.33820177,766.2390335,6.212063643,512.0149827,856.9929986,457.8662809,704.1183971,1035.664246,FALSE,5.138899279,,962.2403564,FALSE,-1.082341582,,968.3755264,FALSE,-0.562505727,,633.9851608,FALSE,-0.437889531,,661.856926,FALSE,1.747176534,,668.4514542,FALSE,0.354168751,,666.6990051,FALSE,0.268003364,,640.9311142,FALSE,-0.998966609,,649.1649399,FALSE,-0.594121295,,665.6857834,FALSE,0.218184714,,717.4087143,FALSE,2.761326507,,767.9609833,FALSE,0.277194481,
49,49,510.2875987,11.80281198,853.6832453,10.9305607,525.8331146,13.61652365,612.5161591,6.710358896,392.2594789,744.3776383,389.6678781,545.4125701,946.3447342,FALSE,8.477285966,,842.6345291,FALSE,-1.010809649,,848.0367661,FALSE,-0.516577277,,500.0222397,FALSE,-0.869738421,,526.7927628,FALSE,1.398409467,,523.8098145,FALSE,-0.148591536,,528.7287369,FALSE,0.212655031,,509.6062508,FALSE,-1.191703865,,513.2206917,FALSE,-0.926258659,,531.1921921,FALSE,0.393571633,,517.3989029,FALSE,-0.61941006,,617.1092453,FALSE,0.684476989,
50,50,418.8202542,10.70027594,772.2220993,9.501815515,440.6306429,15.44256397,521.8616188,5.376420681,311.8174948,677.2039442,286.2050032,468.097412,821.4487076,FALSE,5.180758161,,765.1314926,FALSE,-0.746237041,,762.1651306,FALSE,-1.058426011,,410.0190849,FALSE,-0.822517971,,438.3520279,FALSE,1.825352338,,439.7966995,FALSE,-0.054002908,,444.2352638,FALSE,0.233421143,,428.1898575,FALSE,-0.805616569,,429.8172073,FALSE,-0.700235762,,443.9986115,FALSE,0.218096462,,439.9089584,FALSE,-0.046733461,,524.7363586,FALSE,0.534693989,
51,51,599.9380504,10.94342841,961.64619,10.92755743,624.9286327,16.75733744,727.3436966,8.838428533,490.5037663,852.3706158,457.3552583,638.9594113,1086.722549,FALSE,11.44595764,,945.782547,FALSE,-1.451709874,,952.406189,FALSE,-0.845568747,,589.5831375,FALSE,-0.946222016,,619.0055084,FALSE,1.742366039,,627.3225937,FALSE,0.142860461,,636.9433899,FALSE,0.716984855,,610.4152527,FALSE,-0.866091054,,615.2804642,FALSE,-0.575757849,,627.3925629,FALSE,0.147035896,,618.5459976,FALSE,-0.380885993,,726.7600403,FALSE,-0.066036208,
52,52,645.3365855,11.64219107,963.3646158,10.56221873,665.2111168,21.08928023,745.6649612,7.555807737,528.9146748,857.7424284,454.3183145,670.1068839,1023.00312,FALSE,5.64639932,,948.4981766,FALSE,-1.407511013,,956.6551437,FALSE,-0.635233202,,640.2146225,FALSE,-0.439948368,,658.2032089,FALSE,1.10517199,,676.0897369,FALSE,0.515836483,,669.3666077,FALSE,0.197042802,,659.0598984,FALSE,-0.291675123,,654.5712357,FALSE,-0.504516087,,674.0617371,FALSE,0.41967389,,676.0681229,FALSE,0.514811599,,753.6068878,FALSE,1.051102259,
53,53,657.1605246,12.22265606,991.5362651,12.39152251,683.0953846,22.06783004,785.381279,10.20792629,534.933964,867.6210399,462.4170842,683.3020161,1057.513458,FALSE,5.324381497,,976.4514771,FALSE,-1.217347423,,985.8649063,FALSE,-0.457680542,,652.7200394,FALSE,-0.363299536,,677.6819458,FALSE,1.678965771,,688.6947861,FALSE,0.253735934,,688.9008255,FALSE,0.263072576,,663.3515472,FALSE,-0.894688663,,668.3050537,FALSE,-0.670221352,,691.9742813,FALSE,0.402345708,,136.2736359,TRUE,-24.7791354,,788.606163,FALSE,0.315919605,
54,54,536.714065,11.80497993,871.0259221,9.248669523,560.9170208,20.06646867,636.1003387,4.922796375,418.6642657,778.5392269,360.2523341,586.872375,924.471283,FALSE,5.778708028,,854.2928238,FALSE,-1.809243838,,863.4805832,FALSE,-0.815829664,,529.0900803,FALSE,-0.645827845,,560.1922302,FALSE,1.988835675,,563.7555389,FALSE,0.141455788,,560.3150101,FALSE,-0.030000831,,552.455986,FALSE,-0.421650412,,548.6518326,FALSE,-0.611228035,,570.13134,FALSE,0.459189875,,586.8886871,FALSE,1.294281857,,639.9524612,FALSE,0.782506971,
55,55,488.0095378,12.77776331,819.9872265,9.251372894,527.6656399,30.07445671,587.1302765,6.694092665,360.2319048,727.4734975,226.9210727,520.1893498,870.7263565,FALSE,5.484497339,,808.0543518,FALSE,-1.289849065,,808.7370758,FALSE,-1.216052018,,483.5839653,FALSE,-0.346349547,,510.5203362,FALSE,1.761716646,,525.5729065,FALSE,-0.069585077,,523.0243301,FALSE,-0.154327301,,505.3254929,FALSE,-0.74282795,,504.7789764,FALSE,-0.761000062,,534.5830688,FALSE,0.230010106,,543.1538849,FALSE,0.514996668,,594.6395645,FALSE,1.121778318,
56,56,496.7873462,21.14810473,857.23235,15.39017257,512.3345928,19.56983213,640.2093323,30.69283116,285.3062989,703.3306243,316.6362715,333.2810207,926.5235825,FALSE,4.502303798,,844.849762,FALSE,-0.804577597,,850.4941406,FALSE,-0.437825461,,485.3951263,FALSE,-0.538687507,,504.037117,FALSE,0.342809483,,518.029438,FALSE,0.291001229,,506.8783226,FALSE,-0.278810272,,498.7390442,FALSE,-0.694719737,,498.6395149,FALSE,-0.699805589,,513.2371025,FALSE,0.046117396,,503.7295952,FALSE,-0.439707279,,634.1546021,FALSE,-0.197268548,
57,57,619.5597496,11.7406367,978.5968405,12.54170085,640.4918423,20.14506298,760.3696442,10.27987916,502.1533826,853.1798321,439.0412125,657.5708525,1044.612503,FALSE,5.263692965,,960.5126648,FALSE,-1.441923705,,966.6925888,FALSE,-0.949173631,,608.8355255,FALSE,-0.913427812,,629.2494278,FALSE,0.825311134,,649.3887329,FALSE,0.441641242,,642.6477814,FALSE,0.107020718,,626.8275223,FALSE,-0.678296216,,630.2889404,FALSE,-0.506471578,,647.129425,FALSE,0.329489304,,658.691124,FALSE,0.903411506,,766.3832626,FALSE,0.584989218,
58,58,441.0075817,12.00083399,806.2657197,9.430213261,459.9787092,17.26079825,570.4370239,6.323294584,320.9992418,711.9635871,287.3707267,507.2040781,867.357666,FALSE,6.478320754,,788.6337585,FALSE,-1.869730906,,796.2932053,FALSE,-1.057506781,,433.5549393,FALSE,-0.621010377,,448.5352211,FALSE,0.627259688,,464.880394,FALSE,0.283977872,,453.8225021,FALSE,-0.356658307,,451.7751884,FALSE,-0.47526891,,449.3065491,FALSE,-0.618288911,,461.7527466,FALSE,0.102778408,,458.2185555,FALSE,-0.101974065,,573.4557114,FALSE,0.477391557,
59,59,434.777935,10.28965101,804.1198552,10.27593706,456.5142498,18.7276718,574.7061539,20.82210701,331.8814249,701.3604846,269.2375319,366.4850838,861.6322556,FALSE,5.596803479,,789.4760361,FALSE,-1.425059251,,792.053009,FALSE,-1.174281833,,427.5157394,FALSE,-0.705776666,,440.3836975,FALSE,0.544796172,,459.13097,FALSE,0.1397248,,454.2969246,FALSE,-0.118398338,,443.8760109,FALSE,-0.674843037,,443.5082016,FALSE,-0.694482921,,456.1777039,FALSE,-0.017970517,,457.2080612,FALSE,0.037047393,,565.9617081,FALSE,-0.419959699,
60,60,449.0032278,13.21829782,797.1578534,8.645012576,466.9550266,17.78884064,554.5195618,6.083613281,316.8202495,710.7077277,289.0666202,493.683429,851.559906,FALSE,6.292882987,,781.2705536,FALSE,-1.837741671,,792.0619202,FALSE,-0.589465109,,442.6228714,FALSE,-0.482691226,,450.9439125,FALSE,0.146818051,,486.0815773,FALSE,1.075199394,,455.763588,FALSE,-0.629126928,,460.3527451,FALSE,-0.371147378,,451.2252007,FALSE,-0.884252453,,474.4994469,FALSE,0.424109721,,460.0577469,FALSE,-0.387730706,,560.8862915,FALSE,1.046537551,
61,61,438.4302126,100.9024584,808.3553359,8.230816665,469.1571054,18.9758232,573.3401337,6.634122271,-570.5943718,726.0471692,279.3988734,506.998911,868.3467255,FALSE,7.288631497,,790.7494659,FALSE,-2.139018599,,801.7355118,FALSE,-0.804273058,,439.8127098,FALSE,0.013701323,,457.329052,FALSE,0.187298106,,468.794693,FALSE,-0.019098642,,458.3550186,FALSE,-0.569255242,,458.2312775,FALSE,-0.575776232,,458.0051956,FALSE,-0.587690437,,473.7414932,FALSE,0.241590983,,460.02528,FALSE,-0.481234745,,579.1248856,FALSE,0.87196944,
62,62,434.3915798,16.52250272,794.543101,8.167778045,452.7742443,18.30682198,549.3654739,9.374768626,269.1665526,712.8653205,269.7060245,455.6177877,857.7006149,FALSE,7.732520839,,774.5385361,FALSE,-2.449205257,,788.6297302,FALSE,-0.723987691,,422.5362663,FALSE,-0.717525283,,439.7252502,FALSE,0.322812504,,455.4289169,FALSE,0.14501002,,442.3273582,FALSE,-0.570655359,,446.0220032,FALSE,-0.368837428,,440.3001747,FALSE,-0.681389135,,461.729351,FALSE,0.48916774,,441.8154335,FALSE,-0.598618964,,558.8135223,FALSE,1.007816701,
63,63,425.9800993,22.05217785,785.4977487,8.312304976,441.9354877,18.81469386,541.0180969,8.724522288,205.4583208,702.3746989,253.7885491,453.772874,838.1650467,FALSE,6.336064203,,768.0443039,FALSE,-2.099711795,,782.0512772,FALSE,-0.414622844,,411.385601,FALSE,-0.661816639,,429.9812622,FALSE,0.181440716,,448.8345795,FALSE,0.366686366,,431.5012589,FALSE,-0.554578723,,437.4848518,FALSE,-0.236551067,,431.166687,FALSE,-0.572361199,,449.4387321,FALSE,0.39879705,,431.2795753,FALSE,-0.56636119,,550.3524323,FALSE,1.069896439,
64,64,551.0262647,12.49523921,876.8316797,9.507653197,563.6851521,16.63126499,654.2729218,11.32738309,426.0738726,781.7551477,397.3725021,540.9990909,943.9614487,FALSE,7.060603455,,872.3318863,FALSE,-0.473281185,,880.9759674,FALSE,0.435889663,,542.8095322,FALSE,-0.657589057,,549.0951691,FALSE,-0.154546515,,575.64534,FALSE,0.719138798,,597.1092224,FALSE,2.009713054,,565.5011597,FALSE,0.109192392,,547.9027405,FALSE,-0.948960382,,561.4672394,FALSE,-0.133358026,,545.8328781,FALSE,-1.073416481,,661.4509582,FALSE,0.633688861,
65,65,476.6584426,10.7833449,816.960481,10.32420055,491.7882128,17.10321732,584.07379,10.01803953,368.8249936,713.7184755,320.7560395,483.8933947,865.4926834,FALSE,4.700819417,,807.9682388,FALSE,-0.870986779,,811.7311478,FALSE,-0.506512172,,469.3882599,FALSE,-0.674204786,,474.9655914,FALSE,-0.156987578,,539.1245956,FALSE,2.76768879,,482.690979,FALSE,-0.531901899,,484.7957382,FALSE,-0.408839719,,477.6586647,FALSE,-0.826133926,,495.7704163,FALSE,0.23283359,,482.0148735,FALSE,-0.571432795,,593.828598,FALSE,0.973724254,
66,66,450.7699836,11.56337686,799.9348946,10.11258089,467.6233454,17.06278473,557.4785172,7.058599512,335.136215,698.8090856,296.9954981,486.892522,849.6796875,FALSE,4.919099631,,792.0251465,FALSE,-0.782169078,,801.1214142,FALSE,0.117331039,,440.8431702,FALSE,-0.85847011,,456.6151581,FALSE,0.505490272,,490.6065292,FALSE,1.346977309,,458.7236252,FALSE,-0.521586619,,465.518158,FALSE,-0.123378889,,452.1025162,FALSE,-0.909630488,,471.1461449,FALSE,0.206460994,,455.4215088,FALSE,-0.71511402,,560.7169037,FALSE,0.458785988,
67,67,437.5714983,12.04683436,794.1947625,8.292615497,454.9845924,13.90605032,553.4365341,7.934883318,317.1031547,711.2686076,315.9240892,474.0877009,844.4094467,FALSE,6.055349388,,785.0655212,FALSE,-1.100888051,,789.9066696,FALSE,-0.517097764,,430.1116295,FALSE,-0.619238932,,437.2824249,FALSE,-0.023995798,,126.6537447,TRUE,-23.61064717,,447.0323296,FALSE,-0.571856328,,452.9218712,FALSE,-0.148332647,,437.4569817,FALSE,-1.260430559,,454.8790245,FALSE,-0.007591511,,441.5066643,FALSE,-0.969213245,,561.5789795,FALSE,1.026158175,
68,68,519.1814142,11.94880779,852.3267091,10.86665145,534.0556259,11.3596429,621.9046722,4.933768172,399.6933363,743.6601946,420.459197,572.5669905,910.3455124,FALSE,5.339161151,,854.2375946,FALSE,0.175848604,,849.8327408,FALSE,-0.229506609,,519.6330795,FALSE,0.037800033,,519.7647781,FALSE,0.048821937,,529.1264191,FALSE,-0.433922694,,527.0955582,FALSE,-0.612701281,,524.4136429,FALSE,-0.848792794,,513.3193817,FALSE,-1.825430992,,531.8115082,FALSE,-0.197551786,,514.6088257,FALSE,-1.711920032,,624.6002579,FALSE,0.546354339,
69,69,502.960686,12.089958,842.793691,12.17044366,518.2817936,14.62169155,607.2526581,7.663187926,382.061106,721.0892544,372.0648781,530.6207788,895.8470688,FALSE,4.359198341,,836.2125854,FALSE,-0.540744917,,845.3596115,FALSE,0.210832126,,496.3615532,FALSE,-0.545835876,,501.0068207,FALSE,-0.161610597,,510.4338341,FALSE,-0.536734036,,510.74123,FALSE,-0.515710755,,516.9682274,FALSE,-0.089836816,,501.7329788,FALSE,-1.131798925,,517.4374428,FALSE,-0.057746452,,502.2932701,FALSE,-1.09347974,,612.0109024,FALSE,0.620922309,
70,70,654.9903641,29.88100769,984.0600319,10.91841448,668.5913219,13.9216677,762.0426346,10.3005316,356.1802872,874.875887,529.374645,659.0373186,1074.627823,FALSE,8.294958129,,979.8953171,FALSE,-0.381439523,,978.9350815,FALSE,-0.469385955,,641.018364,FALSE,-0.467587983,,646.6396484,FALSE,-0.279465663,,660.7387924,FALSE,-0.564050924,,678.376152,FALSE,0.702848991,,663.5771942,FALSE,-0.360167175,,698.2790222,FALSE,2.132481605,,664.4527435,FALSE,-0.297276052,,646.9009247,FALSE,-1.558031533,,763.8351135,FALSE,0.1740181,
71,71,533.6616761,18.11858301,879.276954,10.39113841,545.1940384,14.80206598,638.8547974,8.064898459,352.4758461,775.36557,397.1733785,558.2058128,984.6141434,FALSE,10.13721358,,875.6115417,FALSE,-0.352744052,,876.0989075,FALSE,-0.305841999,,525.6183319,FALSE,-0.443927884,,527.462265,FALSE,-0.342157613,,532.5380096,FALSE,-0.855017723,,542.678978,FALSE,-0.169912796,,543.0056381,FALSE,-0.147844245,,530.929184,FALSE,-0.963706988,,541.1697464,FALSE,-0.271873669,,524.2874985,FALSE,-1.412406886,,644.0316391,FALSE,0.641897945,
72,72,676.5110119,11.98793228,1002.101355,13.68793427,680.8880196,6.25910188,774.7222321,10.77581718,556.6316892,865.2220119,618.2970008,666.9640603,1652.454178,FALSE,47.51285406,,1008.388397,FALSE,0.459312742,,995.9992981,FALSE,-0.445798203,,682.5649338,FALSE,0.505001338,,673.406044,FALSE,-0.259007797,,687.3396225,FALSE,1.03075538,,687.8647385,FALSE,1.114651756,,671.939743,FALSE,-1.429642254,,684.2186356,FALSE,0.532123627,,681.0653687,FALSE,0.028334591,,662.2746658,FALSE,-2.973805841,,772.3692322,FALSE,-0.218359299,
73,73,504.4631737,12.2072489,850.707969,12.05220289,516.4101992,8.65029601,609.4310669,7.377972224,382.3906847,730.1859401,429.9072391,535.6513447,925.3127441,FALSE,6.190136009,,850.5105286,FALSE,-0.016382106,,844.9392624,FALSE,-0.478643339,,498.1843719,FALSE,-0.514350271,,504.4164581,FALSE,-0.003826874,,502.1945877,FALSE,-1.643367053,,508.3101921,FALSE,-0.936384957,,503.5070915,FALSE,-1.4916377,,498.6961632,FALSE,-2.047795355,,517.6478348,FALSE,0.143074365,,501.7501564,FALSE,-1.694744636,,610.6494369,FALSE,0.165136166,
74,74,634.6780646,10.59054596,967.6929976,12.10429771,659.6285038,7.747364299,746.665184,13.67701494,528.7726051,846.6500205,582.1548608,609.8950346,1069.456955,FALSE,8.407258298,,961.9056778,FALSE,-0.478121074,,963.2409515,FALSE,-0.367807054,,633.8978729,FALSE,-0.073668694,,642.0159073,FALSE,0.69286727,,651.4854507,FALSE,-1.051073983,,667.7004547,FALSE,1.041896392,,638.1278,FALSE,-2.775228191,,664.1059418,FALSE,0.577930481,,651.5609436,FALSE,-1.041329655,,633.6858444,FALSE,-3.348578739,,743.6994629,FALSE,-0.216839795,
75,75,453.6305537,12.904661,799.65017,11.815922,472.4499121,7.899426047,556.8252869,8.413140725,324.5839436,681.49095,393.4556516,472.6938796,849.9610672,FALSE,4.257890089,,797.0644684,FALSE,-0.218831981,,795.938324,FALSE,-0.314139348,,457.3418465,FALSE,0.287593205,,459.8866768,FALSE,0.48479562,,456.1173553,FALSE,-2.067562457,,464.1765518,FALSE,-1.047336883,,457.223835,FALSE,-1.927491566,,460.4721565,FALSE,-1.516281749,,471.7161675,FALSE,-0.092885814,,453.0731125,FALSE,-2.452937652,,552.457367,FALSE,-0.519178278,
76,76,566.2638877,12.9010842,888.398997,13.82156094,579.3431206,7.042056867,657.2897568,10.48512349,437.2530457,750.1833876,508.9225519,552.4385219,954.7285614,FALSE,4.798992291,,882.6055298,FALSE,-0.419161571,,882.3250809,FALSE,-0.439452255,,569.1031113,FALSE,0.220076355,,570.2726746,FALSE,0.310732557,,564.6476517,FALSE,-2.086814858,,570.9445801,FALSE,-1.192626055,,559.088028,FALSE,-2.876303473,,565.508667,FALSE,-1.964547268,,576.3522873,FALSE,-0.424710186,,561.4003143,FALSE,-2.547949638,,654.2298889,FALSE,-0.291829453,
77,77,762.9015356,17.90845378,1061.175154,18.59846248,763.702652,9.105269597,864.4811737,14.86688472,583.8169978,875.1905296,672.649956,715.8123265,1175.420853,FALSE,6.142749618,,1069.540176,FALSE,0.449769546,,1055.832611,FALSE,-0.287257255,,787.7202835,FALSE,1.385867716,,751.1329117,FALSE,-0.657154662,,761.839653,FALSE,-0.204606678,,774.4756012,FALSE,1.183155436,,742.5095673,FALSE,-2.327562572,,765.2856369,FALSE,0.173853713,,756.010994,FALSE,-0.844747971,,741.8736496,FALSE,-2.39740319,,862.0073929,FALSE,-0.166395372,
78,78,486.2265641,14.45378677,827.9952539,13.0103674,496.7356672,3.30086443,584.4847,9.350864991,341.6886964,697.8915799,463.7270229,490.9760501,884.705246,FALSE,4.35883095,,821.2089615,FALSE,-0.521606515,,816.8084564,FALSE,-0.859837168,,508.3842545,FALSE,1.533002435,,481.1203308,FALSE,-0.353279968,,489.6818504,FALSE,-2.136960468,,491.0156136,FALSE,-1.732895669,,484.0448875,FALSE,-3.844683705,,486.2481117,FALSE,-3.177214856,,498.4642944,FALSE,0.523689246,,482.8808136,FALSE,-4.197341007,,579.4667893,FALSE,-0.536625302,
79,79,440.9817974,87.74844474,812.9746545,12.67872344,480.5426626,3.570143391,569.9270828,9.002542903,-436.50265,686.1874201,444.8412287,479.9016538,864.3430862,FALSE,4.051546037,,808.5408096,FALSE,-0.349707516,,801.9599075,FALSE,-0.86875836,,123.9070568,FALSE,-3.613451401,,461.967762,FALSE,0.23916053,,467.364769,FALSE,-3.691138477,,474.0189171,FALSE,-1.827306307,,463.8937416,FALSE,-4.663376001,,468.8445587,FALSE,-3.276648197,,477.5328102,FALSE,-0.843062051,,467.256176,FALSE,-3.721555459,,566.8428955,FALSE,-0.342590683,
80,80,606.5884432,11.80262204,909.8282693,14.80712988,620.8976803,5.795300694,697.6795212,13.62464923,488.5622228,761.7569705,562.9446733,561.4330289,974.6986771,FALSE,4.381025105,,909.7728348,FALSE,-0.003743774,,906.3256683,FALSE,-0.236548272,,598.247612,FALSE,-0.706693071,,611.9127502,FALSE,0.45111222,,612.8770218,FALSE,-1.3839935,,621.9809799,FALSE,0.186927253,,593.192009,FALSE,-4.780713335,,611.7008286,FALSE,-1.586949878,,623.0569,FALSE,0.37258114,,613.9402542,FALSE,-1.200528918,,698.8332672,FALSE,0.084680787,
81,81,576.0888694,12.82803229,881.3273067,14.49465176,589.3649635,5.166406494,664.4579636,11.51246134,447.8085465,736.3807891,537.7008986,549.3333501,942.175354,FALSE,4.197965446,,880.1400452,FALSE,-0.081910321,,876.7291946,FALSE,-0.317228187,,569.2092972,FALSE,-0.536292085,,588.0670242,FALSE,0.933748419,,582.9853363,FALSE,-1.234828741,,580.7422562,FALSE,-1.668995147,,565.4592285,FALSE,-4.627149459,,576.2430344,FALSE,-2.539856123,,588.073555,FALSE,-0.249962627,,572.3134995,FALSE,-3.300449568,,661.6737595,FALSE,-0.241842645,
82,82,112.9933984,1.504111029,443.5582495,2.087200255,112.2903812,1.054452702,162.0969448,1.673690373,97.95228811,422.6862469,101.7458542,145.3600411,459.6491089,FALSE,7.709303108,,441.1944618,FALSE,-1.132515984,,441.7577629,FALSE,-0.862632399,,110.5492172,FALSE,-1.625000497,,116.2169981,FALSE,2.143192653,,110.5824909,FALSE,-1.619693581,,108.4431114,FALSE,-3.648593974,,109.5125685,FALSE,-2.634364457,,110.5072985,FALSE,-1.691003039,,112.8716183,FALSE,0.551221574,,111.5437202,FALSE,-0.708102835,,161.8255787,FALSE,-0.162136394,
83,83,115.8040715,1.237905959,452.173048,2.382622793,114.8907969,0.998405915,170.7886452,0.716982715,103.4250119,428.3468201,104.9067378,163.618818,468.4780388,FALSE,6.843295052,,447.9393349,FALSE,-1.776912889,,448.8760529,FALSE,-1.383767155,,114.366725,FALSE,-1.161111243,,115.4161425,FALSE,-0.313375202,,116.1696453,FALSE,1.280890258,,116.0164804,FALSE,1.127480846,,112.1364489,FALSE,-2.758745715,,113.7322531,FALSE,-1.160393591,,113.3157396,FALSE,-1.577572053,,113.0212612,FALSE,-1.872520642,,169.9875679,FALSE,-1.117289517,
84,84,737.8085098,13.46163013,1015.842982,14.29779687,745.5783539,14.40965842,836.0367844,14.58213413,603.1922085,872.8650133,601.4817697,690.2154431,1090.027863,FALSE,5.188553263,,1022.888481,FALSE,0.492768168,,1027.972565,FALSE,0.84835327,,732.0433655,FALSE,-0.428264949,,741.9729767,FALSE,0.309358288,,742.293045,FALSE,-0.227993527,,765.9872208,FALSE,1.416332455,,714.5432129,FALSE,-2.153773538,,741.7269974,FALSE,-0.267276045,,750.3276978,FALSE,0.32959448,,745.2415848,FALSE,-0.023371068,,831.5487137,FALSE,-0.307778727,
85,85,557.4391926,11.49363559,866.1848857,11.48054525,570.7939129,7.763244395,649.3610062,11.71028253,442.5028367,751.3794331,493.1614689,532.2581809,921.3161545,FALSE,4.802147251,,865.1841507,FALSE,-0.087167895,,870.3627167,FALSE,0.363905278,,550.1641617,FALSE,-0.632961685,,568.3428421,FALSE,0.94866845,,561.658844,FALSE,-1.176707628,,577.2730942,FALSE,0.834597104,,545.1331406,FALSE,-3.305418588,,563.6017075,FALSE,-0.926443258,,579.3664246,FALSE,1.104243437,,567.2046661,FALSE,-0.462338498,,646.8581162,FALSE,-0.213734383,
86,86,502.0135724,13.65930025,824.298673,10.38924976,521.8905468,9.749947062,594.7712296,10.47031293,365.42057,720.4061754,424.3910762,490.0681003,882.9994431,FALSE,5.650145239,,824.2489777,FALSE,-0.004783342,,833.4726334,FALSE,0.883024336,,497.5563354,FALSE,-0.326315177,,514.816124,FALSE,0.937277263,,517.5472336,FALSE,-0.445470441,,536.6100388,FALSE,1.50969968,,502.5525627,FALSE,-1.983393752,,520.2802963,FALSE,-0.165154791,,534.4252701,FALSE,1.285619625,,520.2448273,FALSE,-0.168792663,,585.1647568,FALSE,-0.917496243,
87,87,648.6267569,12.51026253,958.2397486,9.992890995,670.4790783,13.22654145,755.5205536,16.07381874,523.5241316,858.3108387,538.2136638,594.7823662,1022.245667,FALSE,6.405145208,,955.6668015,FALSE,-0.25747776,,971.7577057,FALSE,1.352757381,,641.528183,FALSE,-0.567420063,,660.2039032,FALSE,0.925411935,,662.2577744,FALSE,-0.621576243,,680.0837708,FALSE,0.726168099,,646.3346863,FALSE,-1.825450145,,667.4260864,FALSE,-0.230823143,,684.2404327,FALSE,1.040434833,,669.8166275,FALSE,-0.050084959,,746.4427338,FALSE,-0.564758131,
88,88,560.1380544,12.75592343,871.8853633,9.749707947,569.4882984,15.07571398,651.7413498,8.121435585,432.5788202,774.3882838,418.7311586,570.5269939,933.4112701,FALSE,6.310538451,,864.2231445,FALSE,-0.785892128,,883.0688553,FALSE,1.147059182,,561.3246078,FALSE,0.093019797,,570.4606934,FALSE,0.809242779,,564.6898422,FALSE,-0.318290477,,574.9989777,FALSE,0.36553355,,557.2801743,FALSE,-0.809787462,,569.4995728,FALSE,0.000747848,,585.0474548,FALSE,1.032067631,,574.6243591,FALSE,0.340684409,,651.7379074,FALSE,-0.000423864,
89,89,723.5900933,12.41063498,1015.080928,13.57819171,729.8137589,17.19450276,831.8622253,11.05479851,599.4837435,879.299011,557.8687313,721.3142403,1095.762985,FALSE,5.942032544,,1021.965248,FALSE,0.507013016,,1030.642532,FALSE,1.146073388,,719.3939667,FALSE,-0.338107331,,728.2873383,FALSE,0.378485462,,726.664444,FALSE,-0.183158241,,743.4670181,FALSE,0.794047927,,705.1169586,FALSE,-1.436319536,,721.2555771,FALSE,-0.497727784,,738.3552017,FALSE,0.496754282,,726.8194885,FALSE,-0.174141141,,829.6436767,FALSE,-0.20068648,
90,90,679.8313528,12.80175265,976.4822547,13.9926518,694.6474609,20.52466378,781.8151184,13.48176891,551.8138263,836.5557367,489.4008231,646.9974293,1043.812515,FALSE,4.811829921,,972.8413086,FALSE,-0.26020415,,991.8935776,FALSE,1.101386866,,682.1508102,FALSE,0.181182806,,688.8239136,FALSE,0.702447629,,696.4458923,FALSE,0.087622941,,707.69561,FALSE,0.635730224,,677.0908127,FALSE,-0.855392733,,692.7639389,FALSE,-0.091768716,,708.1745148,FALSE,0.659063358,,700.9357834,FALSE,0.306378829,,777.5301666,FALSE,-0.317833055,
91,91,704.3756392,13.07345725,995.1070182,13.89706802,716.4313679,16.80762645,808.4195633,11.40057699,573.6410668,856.136338,548.3551034,694.4137934,1065.755386,FALSE,5.083688739,,999.8266754,FALSE,0.339615324,,1007.836296,FALSE,0.915968599,,703.765976,FALSE,-0.046633669,,707.3961716,FALSE,0.231043119,,717.3317032,FALSE,0.053567071,,731.5888214,FALSE,0.901819991,,697.7629852,FALSE,-1.11070904,,712.3673096,FALSE,-0.241798467,,731.7924194,FALSE,0.913933422,,720.3144913,FALSE,0.231033419,,808.2266159,FALSE,-0.016924353,
92,92,957.9229377,13.13595742,1226.081314,13.63871895,951.0922508,17.02573758,1070.747781,12.27979599,826.5633634,1089.694125,780.834875,947.9498215,1327.357544,FALSE,7.425640944,,1221.877945,FALSE,-0.308193838,,1236.080994,FALSE,0.733183197,,957.1150131,FALSE,-0.061504808,,955.424942,FALSE,-0.190164719,,966.3306961,FALSE,0.89502409,,962.0297394,FALSE,0.642409088,,943.1913147,FALSE,-0.464058376,,943.2855682,FALSE,-0.458522431,,962.9328003,FALSE,0.695450016,,964.6364746,FALSE,0.795514657,,1074.495438,FALSE,0.305188815,
93,93,704.7973633,11.410099,1011.272118,12.91712338,714.9344006,19.68926934,815.1949188,10.57256611,590.6963733,882.1008844,518.0417071,709.4692577,1093.135696,FALSE,6.337601317,,1004.981049,FALSE,-0.487033334,,1022.684921,FALSE,0.883540605,,708.0205002,FALSE,0.282481064,,712.1949615,FALSE,0.648337781,,706.6885452,FALSE,-0.418799458,,721.633812,FALSE,0.340256983,,700.6842422,FALSE,-0.72375252,,710.4333801,FALSE,-0.228602715,,730.7225189,FALSE,0.801864106,,723.029129,FALSE,0.411123863,,815.3184052,FALSE,0.011679882,
94,94,518.3996015,12.95913269,832.5896727,9.665037176,530.6808872,16.22506466,620.9758102,11.04028942,388.8082746,735.939301,368.4302406,510.572916,914.788765,FALSE,8.504788003,,824.1278152,FALSE,-0.87551215,,843.1373062,FALSE,1.09131846,,514.5146713,FALSE,-0.299783195,,532.440033,FALSE,1.083439129,,524.1419144,FALSE,-0.403016752,,533.9438248,FALSE,0.201104748,,525.6971512,FALSE,-0.307162784,,531.5091171,FALSE,0.051046324,,546.9289169,FALSE,1.001415406,,542.7458878,FALSE,0.743602617,,621.5173111,FALSE,0.049047705,
95,95,136.2819989,31.0698767,466.6361558,2.276404941,125.6680145,1.911232351,176.5852058,1.483893745,-174.4167681,443.8721064,106.555691,161.7462684,501.8067474,FALSE,15.45005945,,462.176712,FALSE,-1.958985261,,465.0046997,FALSE,-0.716680951,,124.8071184,FALSE,-0.369324945,,131.0181379,FALSE,-0.169420079,,126.7245255,FALSE,0.552790415,,128.9108143,FALSE,1.696706189,,125.0091152,FALSE,-0.344751022,,125.4691372,FALSE,-0.10405712,,129.15308,FALSE,1.823465084,,126.6795797,FALSE,0.5292738,,176.8563252,FALSE,0.182708043,
96,96,973.6471269,11.67595323,1214.584975,13.38835369,971.1015625,17.31864686,1077.125909,12.70355944,856.8875946,1080.701438,797.9150939,950.090315,2168.477219,FALSE,71.24791186,,1208.502472,FALSE,-0.454312991,,1229.705444,FALSE,1.12937481,,980.2295303,FALSE,0.563757265,,981.8683701,FALSE,0.704117516,,976.6945419,FALSE,0.322945521,,979.106514,FALSE,0.462215757,,970.7157669,FALSE,-0.022276313,,979.5683136,FALSE,0.488880636,,973.5498276,FALSE,0.141365841,,992.5235138,FALSE,1.236929852,,1076.347306,FALSE,-0.061290217,
97,97,747.7972641,11.88371038,1031.728219,12.86274301,755.5924053,14.29644583,854.1925079,11.77175581,628.9601603,903.1007892,612.627947,736.4749498,2286.10173,FALSE,97.51990767,,1023.736694,FALSE,-0.621292442,,1039.791153,FALSE,0.626844025,,742.6536713,FALSE,-0.432827179,,756.3802261,FALSE,0.722245979,,753.5285263,FALSE,-0.144363084,,754.5387955,FALSE,-0.073697327,,755.9188232,FALSE,0.022832103,,751.6642151,FALSE,-0.274766909,,757.7059479,FALSE,0.147836923,,773.7252426,FALSE,1.268345819,,859.2191086,FALSE,0.427005173,
98,98,625.9772808,11.14324501,936.7496573,11.5256107,639.3229847,10.39683256,732.2762238,8.70727574,514.5448306,821.4935503,535.3546591,645.2034664,3008.996307,FALSE,179.7949544,,933.1637421,FALSE,-0.311125835,,943.5908356,FALSE,0.59356319,,629.1794281,FALSE,0.287362195,,634.7720108,FALSE,0.789243173,,646.4920273,FALSE,0.689541026,,643.0473022,FALSE,0.358216556,,639.4968948,FALSE,0.016727223,,640.2970352,FALSE,0.093687238,,649.9768143,FALSE,1.02471878,,671.2756348,FALSE,3.073306211,,736.0323181,FALSE,0.431374227,
99,99,133.0249297,1.181840972,471.7210153,2.306544169,130.7080073,1.443810216,180.7736256,1.474209882,121.2065199,448.6555736,116.2699052,166.0315267,616.5262375,FALSE,62.78016442,,468.0273247,FALSE,-1.601396005,,470.6574669,FALSE,-0.461100385,,133.0356255,FALSE,0.009050116,,135.1116524,FALSE,1.765654402,,131.8130589,FALSE,0.765371726,,133.019537,FALSE,1.600992713,,130.6103306,FALSE,-0.067652073,,132.0242319,FALSE,0.911632678,,133.0109873,FALSE,1.595071097,,130.6283941,FALSE,-0.055141048,,180.6106491,FALSE,-0.110551713,
100,100,904.0130174,13.13402844,1157.767579,12.45872609,905.4152164,8.621628685,1001.295552,12.06690404,772.672733,1033.180319,819.1989296,880.6265116,3811.397858,FALSE,212.9937089,,1152.115799,FALSE,-0.453640317,,1184.671829,FALSE,2.159470369,,918.3926086,FALSE,1.09483479,,907.0646744,FALSE,0.232347372,,910.4640427,FALSE,0.585600053,,919.6264191,FALSE,1.648319957,,903.1283035,FALSE,-0.265253005,,919.8006516,FALSE,1.668528723,,900.9798355,FALSE,-0.514448151,,926.5158005,FALSE,2.447401158,,1002.063965,FALSE,0.063679367,
101,101,699.2995627,11.10811671,993.3202833,11.36142995,710.1383419,8.74392583,800.4681305,9.988238962,588.2183957,879.7059838,622.6990836,700.5857409,3161.158264,FALSE,190.8067902,,990.9010468,FALSE,-0.212934156,,1010.454544,FALSE,1.508107772,,711.0660553,FALSE,1.059269801,,709.2453613,FALSE,0.895363171,,710.9269714,FALSE,0.0901917,,712.8046494,FALSE,0.304932533,,701.3964767,FALSE,-0.999764331,,713.5879745,FALSE,0.394517601,,718.2658463,FALSE,0.929502892,,731.3787003,FALSE,2.429155824,,799.2257767,FALSE,-0.124381668,
102,102,805.1262643,12.36211024,1092.452914,11.5358985,815.5542526,10.13945222,910.0854202,12.01182931,681.5051619,977.0939289,714.1597304,789.9671271,4418.195557,FALSE,288.295068,,1087.342194,FALSE,-0.443027504,,1117.13147,FALSE,2.139283368,,818.6647034,FALSE,1.09515599,,813.0506821,FALSE,0.641024681,,814.9623489,FALSE,-0.058376298,,821.3526535,FALSE,0.571865299,,811.6011505,FALSE,-0.389873341,,824.9523773,FALSE,0.926886827,,813.8959732,FALSE,-0.163547239,,829.9199677,FALSE,1.41681372,,906.9554062,FALSE,-0.260577632,
103,103,928.5384581,11.62357662,1200.20091,12.61794497,933.6023216,10.57533179,1043.534406,12.87546798,812.3026919,1074.02146,827.8490037,914.7797257,3238.007935,FALSE,161.5007063,,1195.099365,FALSE,-0.404308682,,1221.12236,FALSE,1.658071132,,935.9782944,FALSE,0.640064282,,935.6831284,FALSE,0.614670548,,938.5544128,FALSE,0.468268166,,951.6446991,FALSE,1.706081457,,927.8425064,FALSE,-0.544646289,,942.5855408,FALSE,0.849450336,,926.5935287,FALSE,-0.662749218,,956.985817,FALSE,2.211135858,,1047.212845,FALSE,0.285693643,
104,104,1076.159925,43.12805165,1313.014091,25.62330442,1050.566219,23.86319087,1152.323038,12.53800333,644.8794084,1056.781047,811.9343106,1026.943004,1497.747955,FALSE,7.209603447,,1327.257858,FALSE,0.555891096,,1303.521393,FALSE,-0.370471291,,1071.063919,FALSE,-0.11815989,,1054.154449,FALSE,-0.510235789,,1094.515076,FALSE,1.841700743,,1111.908051,FALSE,2.57056282,,1037.83226,FALSE,-0.53362349,,1073.557358,FALSE,0.963456169,,1053.132263,FALSE,0.107531464,,1041.919373,FALSE,-0.36235082,,1146.363068,FALSE,-0.475352409,
105,105,1010.788105,9.106646695,1255.52357,12.72751637,999.4143429,10.4619569,1117.826434,12.13639491,919.7216381,1128.248406,894.7947738,996.4624853,2299.153076,FALSE,81.99789153,,1253.45665,FALSE,-0.162397745,,1276.754074,FALSE,1.668079124,,1023.88076,FALSE,1.43770321,,1010.636063,FALSE,-0.01669576,,1006.578239,FALSE,0.684756841,,1020.670494,FALSE,2.031756716,,989.803627,FALSE,-0.918634626,,1010.981918,FALSE,1.105679899,,993.595665,FALSE,-0.556174906,,1012.797089,FALSE,1.279181884,,1118.363312,FALSE,0.044236987,
106,106,1182.769226,14.4998212,1418.934444,15.26738381,1162.673244,14.26598522,1275.195871,18.69586582,1037.771014,1266.260606,1020.013392,1088.237213,1597.676056,FALSE,11.70741587,,1430.338028,FALSE,0.746924533,,1418.855331,FALSE,-0.005181831,,1190.285034,FALSE,0.518337985,,1168.701736,FALSE,-0.970183662,,1190.217285,FALSE,1.930749279,,1192.266083,FALSE,2.074363448,,1158.003815,FALSE,-0.327312114,,1176.55098,FALSE,0.972784909,,1157.698227,FALSE,-0.348732841,,1172.956772,FALSE,0.720842424,,1264.256348,FALSE,-0.585130602,
107,107,860.3873613,12.34595461,1136.920128,11.95684553,863.7734585,8.55105517,957.1962128,12.97565815,736.9278152,1017.351673,778.2629068,827.4396312,1333.641663,FALSE,16.45262826,,1131.794632,FALSE,-0.428666231,,1146.071243,FALSE,0.76534529,,876.3334274,FALSE,1.291602527,,857.9111023,FALSE,-0.200572498,,883.6521683,FALSE,2.324708401,,886.1409073,FALSE,2.615753069,,862.293045,FALSE,-0.173126405,,874.9199371,FALSE,1.303520844,,861.2992859,FALSE,-0.289341203,,876.6375732,FALSE,1.504389167,,953.6586227,FALSE,-0.272632801,
