,Z score results (36).csv,Z score results (38).csv,Z score results (39).csv,Z score results (40).csv,Z score results (42).csv,Z score results (43).csv,Z score results (45).csv,Z score results (51).csv,Z score results (54).csv,Z score results (59).csv,Z score results (63).csv,Z score results (66).csv,Z score results (67).csv,Z score results (68).csv,Z score results (35).csv,Z score results (37).csv,Z score results (41).csv,Z score results (49).csv,Z score results (52).csv,Z score results (53).csv,Z score results (56).csv,Z score results (57).csv,Z score results (60).csv,Z score results (64).csv,Z score results (65).csv,Z score results (69).csv,Z score results (55).csv,Z score results (58).csv,Z score results (61).csv,Z score results (62).csv,Z score results (44).csv,Z score results (46).csv,Z score results (47).csv,Z score results (48).csv,Z score results (50).csv
0,0.343260001381,-0.0861999169787,0.314274684183,0.246520243389,0.358171991154,0.194526409937,0.381770436396,0.300701468431,0.299255134031,0.301705071396,-3.58386291417,0.313396274451,0.310352257032,0.306128859202,3.14834091398,-0.406942079922,0.367378748635,-0.628836092409,-0.633846321582,-0.687016445771,-0.189848270511,-0.235863687965,-0.337422386971,-0.0664927947449,-0.521078512941,0.1916269293,1.65268302805,-1.00828230436,-0.173238190297,-0.471162533461,1.89194737592,-0.452002510031,-0.274365332643,-0.102339615526,-1.06323991885
1,0.286057665653,0.263346419791,0.2993327276,0.109475191082,0.238391600097,0.3536578513,0.368895064584,0.220786800382,0.276304569592,0.305781020658,-3.59882089869,0.280736712314,0.261368334322,0.334686941337,-0.174123871587,-0.753945276387,1.53707991647,-1.31709318605,-0.838104169199,2.06089635535,-0.237660000681,0.425914817769,-0.681146637258,0.054007451749,-0.945257145484,0.869431743148,-0.289487458476,1.6020479557,-1.15036112745,-0.162199369539,1.88356625997,-0.704020357879,0.131410964746,-0.455527583662,-0.855429283371
2,0.266735698558,0.271816448416,0.295027724482,0.208437576213,0.250213760152,0.473402973832,0.327259356555,0.195386820584,0.223393082603,0.261664321832,-3.59801600514,0.254814288612,0.26154755407,0.308316399081,0.561666017721,-0.130219958308,1.78453889509,-0.861013474527,-0.900017223243,-0.968710286257,-1.4625724792,0.522277433833,-0.0361539104752,1.60942230182,-0.760563202444,0.641345884913,0.529216944629,1.34707146125,-0.668794231777,-1.20749417363,1.7464449482,-0.96857930991,0.291811233724,-0.113812271066,-0.955864600338
3,0.278545426727,0.24960262629,0.537989494661,-0.794372222942,-0.991497764218,-0.846810590363,-0.449317998972,1.64773367976,0.598000325485,1.31925193483,-2.42041777637,0.0161603894189,0.416545649694,0.438586830396,-2.39401264392,-1.2400752493,-0.452960373223,-0.0416063207578,0.325781508154,-0.348761914801,0.641406093207,0.88023378042,1.53271942814,0.220495092963,0.843243274308,0.033537311259,-0.550571342214,-0.628015959836,-0.552619904416,1.73120720671,-0.761499240894,-0.458167674954,1.24580006757,-1.16585493071,1.13972179056
4,0.576076246888,-0.206451958325,0.0683622310478,-1.78734186651,1.87645209041,-0.142025328199,1.79688017569,0.388111338115,-1.01810571109,-0.623333329955,-0.311376312162,-0.104025392873,0.702825803907,-1.21604798685,2.85147834797,-0.653582018781,0.666825517988,-0.929992326453,-1.02870278931,-0.874972374224,0.375651047475,-0.0566437569534,-0.124213975962,-0.00741582267021,-0.359107025931,0.140675177669,-1.73111829148,0.630230038673,0.55601578051,0.544872472313,1.89465144697,-0.786347619629,-0.296920203955,0.0271014507912,-0.838485074079
5,-1.29805544023,0.439062640263,0.685222301797,-0.971930141086,-0.205950746345,0.324193655779,2.0149717056,-2.03029984944,0.210004143774,-0.0276670821382,-0.0851521205458,-0.796899659015,0.577114898145,1.1653856945,1.11329123756,-1.05997409796,1.6453505123,-1.66689214109,-0.475287205988,-0.401624832447,-0.197557547303,-0.744680183045,1.22241386279,0.782332061991,-0.829999736142,0.612628068861,0.187312046232,1.55750255763,-0.96436103893,-0.780453564855,1.96597529684,-0.824733768502,-0.320223178252,-0.323397482856,-0.497620867235
6,-1.13808027413,0.155273194673,1.39802671695,-1.17142056642,0.727434667953,0.299965556765,1.66102364954,-0.216432856151,-1.38256700833,0.67397718645,-0.979434033506,-1.31228261568,0.473630247776,0.810886133557,1.53446986152,-0.396626287841,2.00886008566,-1.25699208988,-0.191922678592,-1.2477265043,-0.237634855413,-0.731294962622,-0.281972706376,0.649661301024,-0.690774578282,0.841953414372,1.54034349713,0.186346269898,-1.08905288376,-0.637636883271,1.96693425536,-0.714001326201,-0.667869433856,-0.246856185576,-0.338207309608
7,-0.419044522393,-0.25506634505,-0.196610378453,-0.323648597383,-0.150106568639,-0.36714244388,-0.120368541107,-0.31734109464,-0.336113835497,-0.202854481579,-0.217672149246,-0.436171151009,-0.248138133475,3.59027824248,1.66891651764,-1.14490625906,1.74854111735,-1.29620953143,-0.769185825122,-0.704582820996,0.514464800322,-0.926876064916,0.46382853306,0.681393169335,-0.469372627723,0.233988991291,1.11226362214,0.813039859417,-1.31509966169,-0.610203819812,1.98379543488,-0.653726339741,-0.57685638667,-0.274700607643,-0.478512100789
8,0.617516595932,-0.720115996238,1.63879521062,0.192025884149,2.43923637331,-0.394878328407,0.487082926445,-1.25796310053,-0.688319561119,-0.929203489775,0.116214405927,-0.744356401274,-0.0164309436756,-0.739603572606,-0.0471049560803,-0.21218159998,0.982288704596,-0.698983864648,-0.488984471186,-0.352725822507,-0.0291990773076,-0.629994555887,2.97975752663,-0.351598606281,-0.766335257345,-0.384938020924,1.01189727581,0.970052591802,-1.17938835198,-0.802561516375,1.81591039319,-0.453197758006,-0.659466249887,-0.989944335356,0.286697949442
9,0.473506542517,0.14184856978,0.254564141597,-0.365263003896,0.919468139042,0.351361179981,0.714534047548,0.551797216523,-0.149395018243,0.0558305169773,0.00813478919003,0.136662770949,0.317057294678,-3.41010718724,2.58764570153,-0.491006142456,0.839478230665,-1.38046862598,-0.882528578839,-0.846053910106,0.694888184893,-0.0380911032699,-0.57022309274,0.117525321416,-0.274570150225,0.243404164706,1.60345349395,0.0828681086841,-0.832448774047,-0.853872828873,1.98172648633,-0.64351390339,-0.255155766389,-0.482200964539,-0.600855851436
10,1.05681528619,0.509334981357,0.879727779595,-0.57906904476,1.73592478204,0.819419160818,0.706896874036,-0.54177897357,-0.611860327552,0.325732317996,-1.51301613424,-0.873219053142,-0.0434714522174,-1.87143619669,0.182079776743,0.290358369357,1.74810144981,-2.56578215398,0.116131706989,0.063496392646,1.04204273705,-0.375872401282,-0.695449920493,0.643627843733,-0.234425083546,-0.214308715725,0.729798375544,1.23762634506,-0.971560294013,-0.995864426593,1.87669370881,-0.528134162134,-0.712279259767,-0.812774849328,0.176494562214
11,0.661385326824,0.338664635476,0.363340077067,-0.460789310442,1.03891929641,0.582760175745,0.613178135374,0.661441752333,-0.478755266011,0.0836852635729,-0.26311310205,-0.0398173981232,0.146056129811,-3.24695571556,1.60229360871,-0.138657062042,1.04922964459,-2.73271848607,-0.302908340991,-0.33256365359,0.0666331800441,-0.026670766716,-0.335925840129,0.483512506708,0.149903228202,0.517871982413,0.381631646558,1.46438183789,-0.867960274711,-0.97805320956,1.57140803125,0.32898510252,-0.953585832703,-1.20309455385,0.256287252515
12,-0.639583779884,-0.290198315323,-0.00524512594738,-1.23592490328,2.83713851254,-0.390424995611,0.0409970475991,1.47069777454,-0.707327987987,-0.324158737592,-0.605546769159,-0.502925147365,-0.227245370203,0.579747797269,-0.121936989526,0.289370062861,1.24292915482,-1.48848329963,-0.133667183047,-1.23703176418,1.53934171337,-1.22701358789,0.0405498138127,0.84905725054,-0.867686386826,1.11457121591,0.762127192664,1.15995084022,-1.29755365831,-0.624524374463,1.93182162613,-0.762417738068,-0.541979136985,-0.626931231514,-0.000493519740442
13,-0.355090037886,-0.780828582521,1.23168359921,0.0446480553131,2.96832600737,-0.68802060593,0.291124674321,0.204240447563,-0.905643293759,-0.556166283777,-0.022387264084,-1.0515361211,-0.304864169231,-0.0754864208014,1.0178434505,0.54760932769,2.1909779273,-0.741713199551,-0.359189802138,-0.266260269768,1.09918307342,-1.24636114359,-0.477778762499,-0.414462406232,-1.39636983533,0.0465216368284,1.21579116054,0.581206322103,-1.43209554087,-0.364901941497,1.84350185238,-0.751783853007,-0.407842338186,-0.905916387578,0.222040727205
14,-0.577854930319,-0.70826795318,0.408771822378,-0.55125648487,2.74991288977,-0.502883602204,0.0893014097639,1.7391138291,-0.971606003187,-0.312253943103,-0.165325158682,-0.841402580681,-0.124322421951,-0.231926872503,1.47900697126,0.15032988158,1.33653450322,-1.37276000328,-0.196591116472,-0.464794300377,1.78305422592,-1.10635718991,-0.260146132492,-0.22237041415,-1.1588546882,0.0329482630994,1.00579496684,0.90841640943,-1.3639554855,-0.550255890776,1.93495435082,-0.71556304931,-0.487960073304,-0.710911448933,-0.0205197793336
15,-0.239056090931,-0.67244889165,0.500817894855,-0.376238648338,2.65577743721,-0.451400060482,0.162092451579,1.84568324074,-0.954915191921,-0.46637222372,-0.254938985399,-0.940167109323,-0.444253826205,-0.364579996643,1.56940024508,0.38127021957,1.19456841032,-1.07898754971,-0.249650632994,-0.684773559648,1.73822359488,-1.22642653243,-0.415475472339,-0.383452101697,-1.15283202909,0.308135407713,1.03816049615,0.846988290133,-1.40514365683,-0.480005129426,1.91742251357,-0.696992576566,-0.429552551593,-0.808011921779,0.0171345363302
16,-0.38011574274,-0.636585030152,1.87486870862,-1.22242950937,1.82712068369,-0.32853530267,1.44142950332,-0.196769288435,-1.14701194933,-0.566744172746,-0.901353702465,-0.409426265518,0.160310855026,0.485241212641,0.532638051253,1.33778036028,2.182672579,-0.22783504672,0.125994697496,-0.654037844847,-0.38642030009,-1.34542964363,-0.204737216353,-0.252745952992,-1.55094378695,0.443064107106,0.585657122675,1.3415077162,-0.977377786252,-0.949787052455,1.73548798359,-0.60733938476,-0.0781535383363,-1.25364955345,0.203654492022
17,-0.498044172606,-0.799331576887,0.27509718848,-0.809297342366,2.86644306078,-0.51889149712,0.305509890028,1.56766765689,-0.585665218171,-0.430637317049,-0.343775815953,-0.755892145836,-0.349190282686,0.076007572425,0.970629376428,1.06576249151,1.51438732911,-1.12550261149,-0.328182502959,-0.759930096037,1.28716548228,-1.23746464552,-0.448041389618,-0.0705994325017,-1.41031913947,0.54209513808,0.971135843373,0.972983437607,-1.30402237526,-0.640096905697,1.84234140271,-0.886788564784,-0.272283752351,-0.847508753348,0.164239667666
18,-0.252943941353,-0.446233555375,1.45974583056,-0.878738677525,2.32152035401,-0.475996706939,1.374728854,0.31181189351,-1.1478586473,-0.299985899069,-1.05516476494,-0.678305676304,-0.449929255898,0.217350188484,0.542737273629,0.959946299659,2.56126534417,-0.491831917931,0.0480537855346,-0.954263769811,-0.189619681527,-1.10793137737,-0.186577268782,-0.0180766108723,-1.32121745016,0.157515376363,0.720739732848,1.2371051902,-1.10839565532,-0.849449266968,1.71563519769,-0.643179167145,-0.336842255279,-1.16118255854,0.425568782014
19,-0.173553845327,-1.21463753817,0.816411177662,-0.318980347863,2.84256355797,-0.900670907864,0.831631814465,0.753401407146,-0.909090610467,-0.386531097355,-0.375274863038,-0.605149810026,-0.0618946411987,-0.298224295576,1.18388195858,1.00678214865,2.0042511425,-0.651102445222,-0.42838206602,-1.11706135379,0.341537231288,-1.41207962358,0.170308552901,0.316470637771,-1.19319833678,-0.22140784089,0.754836752567,1.16387411291,-1.30205999466,-0.616650870868,1.85207038886,-0.890975941032,-0.272194404496,-0.826433277876,0.137533234596
20,-0.423001900572,-0.441847574424,0.262958247488,-1.05910536185,2.46882874902,-0.376541057468,0.163045150601,2.06354471091,-0.43510513393,-0.372767381028,-0.939872726997,-0.674370117681,-0.448858136642,0.213092532104,0.830239459514,0.882051052535,0.837885069454,-1.02034221429,0.325836551845,-1.22216042063,1.38786736582,-1.06361814119,-0.783714027637,0.134047096797,-1.46793273504,1.15984094305,0.418046362158,1.43290220076,-1.09726373214,-0.753684830856,1.67479386496,-0.900653344307,0.0691713609326,-1.13702889295,0.293717011245
21,-0.513608927116,-0.551558944502,0.466167559691,-1.48242910459,2.20265790439,0.207837908045,0.68858748128,1.59511720414,-0.669831114822,-0.238934543738,-1.19352094095,-0.807139423953,-0.340496884141,0.637151826364,0.294261380991,1.46781812547,1.31444540386,-0.913423035492,0.507075005237,-1.18409629622,1.06289508453,-1.08107832331,-0.795749161852,-0.0894147480597,-1.39321189111,0.810478456238,0.891975083427,1.03420116896,-1.33707403171,-0.589102220669,1.66334415274,-0.840716785375,0.153666783544,-1.20448948706,0.228195336307
22,-0.488712888,-0.815335893599,1.39710337744,-1.29566329695,2.14472998804,-0.167548253997,1.2030819559,-0.134324326157,-0.968181131958,-0.244230168759,-1.09077002525,-0.482491335443,-0.0331865540552,0.97552854771,0.441920331213,1.16381591185,2.10540540288,-0.440033429689,0.483279318184,-1.00800097309,-0.691292659956,-1.35863520274,0.13052847091,0.0806442544724,-1.40645389681,0.498822469641,0.483706763573,1.36935403429,-1.22147118406,-0.631589615302,1.64559612116,-0.632085293322,-0.0314522863432,-1.33045551927,0.34839697602
23,-0.548563910412,-0.812402039238,1.57734104357,-1.33337195921,1.63132061136,-0.0662390372192,1.46833009674,0.0549260198886,-1.06987657105,-0.410532406852,-1.33229933393,-0.25224867842,0.231555391026,0.862060775899,0.426095968987,1.26837521319,2.35162283608,-0.543137907652,0.316101915823,-0.844984532435,-0.327789424051,-1.07933530694,-0.371019955023,-0.0392938814847,-1.4414819638,0.28484703465,0.417526694159,1.40665247112,-1.21473250074,-0.609446664448,1.51876813151,-0.374432579363,-0.04939776621,-1.53520850705,0.440270719898
24,-0.399881939205,-0.070095973947,0.375504430564,-1.66008889226,1.7600749435,-0.0724503540666,0.465077182324,2.02405520398,-0.44301921914,-0.83761824241,-1.19771913553,-0.706745670315,-0.0652945268233,0.828202193161,1.72915505495,0.825088230875,1.45835745123,-0.894714850737,1.33585120328e-05,-1.15454657,0.866539826502,-0.72886940296,-0.86050244965,-0.0453972979148,-1.41307566526,0.217952314211,0.921177446136,0.703621544091,-1.62982317843,0.00502418811328,1.89989850877,-0.755376708119,-0.324210070748,-0.845025873202,0.0247141431323
25,-0.215835838722,-0.612966177719,1.53385102837,-1.28410270591,1.74808514628,-0.375169432058,1.51370890046,0.182874945603,-0.77866305652,-0.567892570655,-1.56318389689,-0.42979081506,0.162623765106,0.68646070545,0.465954660554,0.887081646675,2.50298571988,-0.4155626098,0.110943665327,-1.12816174451,-0.556350998877,-0.977731380375,-0.0425015260999,0.198739343373,-1.36533389336,0.319937116153,0.641999081511,1.14249872477,-1.47975108712,-0.304746720139,1.68665457618,-0.670508757508,-0.0733338532103,-1.26380401725,0.320992053949
26,-0.408870888352,0.123702381921,0.286177211902,-1.27790582901,1.95054875651,-0.0402298057276,0.584872773184,2.17117167834,-0.669280151467,-0.608078457348,-1.07475081172,-1.01331498477,-0.358704656693,0.334662783707,1.7555054439,0.862841731316,1.1668939447,-1.02509356152,0.353754821661,-1.64817273926,0.589760486795,-0.888792113894,-0.685490555795,0.197497704054,-1.06137709443,0.382671932007,0.737739095466,0.854099720141,-1.65010887379,0.058270058268,1.94461567126,-0.874102066076,-0.272713638849,-0.574684435353,-0.22311553086
27,-0.600322432357,-0.176057198689,0.270379731643,-1.08646841116,1.86918410333,-0.115002183027,0.461522846953,2.38302859934,-0.353475658062,-0.619644444147,-1.16307150799,-0.741512848304,-0.58218465597,0.453624057958,1.60993723617,1.02563493202,1.1836729786,-0.952579497736,0.187269705482,-1.50302101766,0.737385449161,-0.775264140361,-0.838067152308,-0.0703302161657,-1.22932376028,0.624685483428,1.0319872598,0.73573591223,-1.52856010339,-0.239163068591,1.88046476945,-0.802564814632,-0.253848222265,-0.867971268851,0.0439195361837
28,-0.611241205431,0.607928616137,0.138779631274,-1.33634540786,1.19857087346,0.308122925256,0.940605084062,2.07870769998,-0.219171777532,-0.865132964662,-1.70433160593,-0.93456556178,0.0250095635075,0.373064128924,1.63373652284,1.16720029064,1.64535982539,-1.19457981681,-0.462091874886,-1.34531419051,0.298448806698,-0.251776142625,-0.946646025775,-0.154795826183,-0.77030736488,0.38076579571,0.860360318937,0.298700758507,-1.69730660931,0.538245531748,1.93299091671,-0.905219536168,-0.238350886118,-0.589286972214,-0.200133522156
29,-0.246234633877,0.240962169264,0.00260227919108,-1.56689085914,1.43860009227,0.0634749464886,0.449110367005,2.05501999729,-0.34344744443,-0.788014513513,-1.51676096706,-0.700374654635,-0.244703255254,1.15665647654,1.06924164993,0.933120840865,1.72662122359,-1.27013133188,0.0189052494621,-1.26654922332,0.261366952484,-0.647806569494,-0.74244654802,0.169836581062,-1.28522124652,1.0330624222,0.810224157982,0.389624262706,-1.71165970752,0.5118112869,1.93999541096,-0.907237057676,-0.176291086483,-0.516245251964,-0.340222014674
30,-0.677148926263,0.680756839889,-0.203340210599,-1.36394709209,1.58427539669,0.106257651162,0.548595756594,2.04811983492,-0.238168365465,-0.618563868072,-1.50921781482,-0.850547061385,-0.300055091047,0.792982949997,1.71404613992,0.927605869086,1.33919316813,-1.23068155237,-0.106862555593,-1.25664777541,0.444916446466,-0.893273471451,-0.40037455294,0.0632375740836,-1.29106219437,0.689902904369,0.859026127833,0.537530311607,-1.69776567122,0.301209231928,1.92040902266,-0.941773764389,-0.267941948575,-0.579797077346,-0.130896232391
31,-0.631060945527,0.202760789508,0.122781297035,-1.4807441987,1.6199180811,-0.0287561315888,0.639081125978,2.05060332328,-0.251947647839,-1.00135070419,-1.23443616864,-0.903727995161,0.0574936727561,0.839385501821,2.02697985123,0.86392506416,1.36151438121,-1.2413239358,-0.129901258069,-1.31069153703,0.356233008138,-0.55766332111,-0.658012704561,-0.272016870014,-0.917500396921,0.478457719297,0.805206745701,0.537639466585,-1.71088641134,0.368040199099,1.94751719325,-0.869607239402,-0.205287563514,-0.554806193774,-0.317816196601
32,-0.0949137222884,0.843303404648,0.180064116544,-1.85222302053,0.337967331768,0.267656646212,1.91151976718,0.361255299581,0.406246485551,-0.763101897097,-1.52752739425,-1.0780789052,-0.236214113868,1.24404600148,0.360973517345,1.22880557099,1.85144197177,-1.80788780358,-0.19401107407,-0.707067902849,-0.598065184085,-1.08729452119,0.0378839066294,0.135535837225,-0.404576006906,1.18426168904,-0.157494611683,0.431639376542,-1.50661705485,1.23247229013,1.72808447174,-1.2859039928,-0.0534150675128,-0.569717581426,0.180952169881
33,-0.564833223888,0.130667383526,-0.0580712054294,-1.28444268019,0.874874457787,0.573147812117,1.07948654877,2.32942432571,-0.333186174977,-0.462658803416,-1.55969859908,-1.15775998199,-0.0417492675326,0.474799408292,1.28620143981,1.0969793528,1.9149750052,-1.37918532183,-0.443684231197,-1.26625861433,0.0789380809294,-0.648833304786,-0.55570008405,-0.190206499266,-0.651906049603,0.758680226755,0.736306038846,0.241950934832,-1.69760269196,0.719345718369,1.8041672847,-1.06450942025,-0.0188756527466,-0.779724096667,0.0589418849147
34,-0.783538124457,0.221755475955,0.518724458821,-1.49160153994,0.163004863326,0.732199680092,2.01101049743,0.543881351805,-0.114007237162,-0.491845423261,-1.73165250386,-1.12993280631,0.455334897582,1.09666641022,1.11534574204,1.41942659052,1.292296207,-1.7518720739,0.0407438468304,-1.4484506247,-0.14212147436,-0.986210844583,-0.252821601989,-0.00845182387279,-0.179752089416,0.901868146559,0.0310103410913,0.293061970777,-1.55139601007,1.22732369811,1.93400288483,-0.915276666612,-0.231699188628,-0.564556167952,-0.222470861559
35,-0.750560388685,0.0426662034539,-0.16531438552,-1.27164919327,0.951888113313,0.285876721539,1.21589229349,2.22962448515,-0.0430392894349,-0.827379885266,-1.57363308908,-0.845385176805,0.0644083153464,0.686605275664,1.56518731259,1.206294625,1.30296035632,-1.55818266587,-0.375614508018,-1.39430200536,0.45647984818,-0.854634280031,-0.392675641294,-0.00719760183278,-0.602601626233,0.65428618663,-0.0220954273037,0.721038647346,-1.62135097712,0.922407756994,1.87320653873,-0.904117275596,-0.225963537245,-0.787791029252,0.0446653034145
36,-0.345166432544,1.08156862204,0.925464997722,-1.49652649537,-0.0303456392468,0.790545599141,1.19812562554,-0.390589374236,-0.544019627045,-0.872610554844,-1.05926129856,-1.49905805519,0.640607458663,1.60126517409,0.11963395153,1.95364419511,1.77322887176,-1.34253309599,0.0177418339205,-0.845157588218,-1.16577042494,-0.316042891981,-0.487515978243,0.338262283527,-0.612486408112,0.566995251015,-0.530698097933,0.254673109796,-1.20649601067,1.48252099892,1.79813658315,-1.16372940364,-0.561861075343,-0.253205491845,0.180659387726
37,-0.647103158628,1.09407852319,-0.306660228497,-1.84041693569,-0.340120041451,0.845341774429,1.86931928419,0.0604822209623,0.0244857066748,-0.208014015335,-1.38563048933,-0.618705546357,-0.0392368202679,1.49217972653,-0.196766062763,1.70183303669,1.1544767602,-1.51488614581,-0.356178303314,-0.459542967225,-0.623387046881,-0.569828777411,-0.116196162261,0.586062627415,-1.20836099187,1.60277403301,-0.604032839124,0.156165096743,-1.10091782523,1.54878556744,1.657773662,-1.22947752369,0.475226611349,-0.221376379018,-0.682146370637
38,-0.77756312094,1.57008922197,0.290342328018,-1.62437901302,0.270045451353,0.504187445545,1.39451078179,-0.258459915842,-0.515224842426,-0.79751312963,-0.983801628145,-1.20820785486,0.708536542558,1.42743773299,-0.745516409011,1.59963905278,1.32831581505,-1.04120949508,-0.0789828074751,-0.954250811261,-0.964803524718,-0.318872798712,0.180715145942,0.836777341859,-1.21359585426,1.37178434476,-0.383891190407,0.211180319649,-1.29080031175,1.46351118263,1.12947018854,-1.85776407126,0.311429118395,0.419540810551,-0.00267604593434
39,-0.990309198051,1.98257017737,-0.00212117541817,-1.54351333851,0.131847073477,0.435231010906,1.53555518164,0.0951828119439,-0.821802912674,-0.335839971769,-1.13721475019,-0.732551802053,0.163217730777,1.21974916233,-0.587754920133,1.71250910943,1.3894826368,-1.0434895557,0.146137307333,-0.890407348995,-0.940026881032,-0.356435932005,0.201734823061,0.561216148165,-1.41995680676,1.22699142046,-0.290530630736,0.35334216132,-1.40777210927,1.3449605786,1.6793294881,-1.41738757465,0.226785853278,-0.246051395898,-0.242676370859
40,0.140658155892,1.67671707336,0.820556264996,-1.73168452055,-1.04878287901,0.587630333501,0.298863633325,-0.142273082774,-0.186219180373,-0.145278037296,-1.03023028286,-1.46732483968,0.804497131717,1.42287023011,-1.65872156953,1.05351609887,1.032083242,-0.786074173947,-0.0724108801613,-0.41003778226,-1.34036710295,-0.116855727451,0.0790969519453,0.416632968643,-0.253102388482,2.0562403632,-0.26896455855,-0.313350701795,-1.06160322689,1.64391848721,1.33086297773,-1.67047872557,-0.105502806565,0.62759535953,-0.182476805127
41,-0.781761728516,1.06052395587,0.475331335047,-1.7060353038,-0.82412875765,0.706112689418,0.635146914264,0.176401197867,0.229876521874,-0.470424542887,-1.14442531368,-1.2823655464,1.40365710693,1.52209147078,-0.6432707979,2.19806363272,0.892151876709,-1.22566552968,0.194911869002,-0.494259081675,-1.35454386986,-0.206169643248,-0.282586926389,0.00486792793919,-0.48966444019,1.40616498321,-0.517250774825,-0.00842726880234,-1.07772278472,1.60340082835,1.57224615776,-1.53901237783,-0.335466437216,0.176344291162,0.125888366203
42,-0.818407675726,1.23332590448,0.516372576316,-1.61735935791,-0.988081926928,0.776522731524,0.465743343835,-0.415870165791,0.0469211652043,-0.00828180930981,-0.995245451658,-1.13873014665,1.0610067054,1.88208410718,-1.00383207698,1.10584555643,0.604826746747,-0.775339688065,0.845400810161,-0.352849424027,-1.66453198845,-0.429074359606,0.397791842095,-0.279687003498,-0.560037512929,2.11148709755,-0.059534099146,-0.1614160508,-1.29415851876,1.51510866868,1.67465498614,-1.43098979676,-0.206247374735,0.209940226763,-0.247358041218
43,-0.674891276224,1.2910446522,0.311911455105,-1.62833258447,-1.06427952532,0.74874112313,0.220949457786,-0.0757167944834,0.340884639557,-0.30467135808,-0.771674733292,-1.41687242568,1.5182732453,1.50463412514,-1.00878609419,1.57167672945,1.10582710633,-1.26720452413,0.314100736786,-0.363055824961,-1.77023425048,-0.089170185863,0.441961210206,0.173041265197,-0.472883517937,1.36472734945,-0.493156169479,0.138775092102,-1.17830669344,1.53268777071,1.5655147162,-1.53155716745,-0.239681819007,0.352749814007,-0.147025543823
44,-0.352011859721,1.31618729133,0.4793489333,-1.72881990457,-1.38311914402,0.323297058907,0.292622310827,-1.23159173071,1.25271087238,0.204897206623,-0.720057784465,-0.727605078383,0.963665100654,1.31047672826,-1.48223933662,1.2166247827,1.17356740305,-0.931190254234,0.044422564338,-0.505607317198,-1.39758818892,0.0300822544887,-0.0682629147859,0.290145294801,-0.291610892562,1.9216566047,-0.690570574446,-0.383143479151,-0.64633408665,1.72004814017,0.198666236542,-1.95719312447,0.477510503192,0.842261792062,0.438754593079
45,-0.54408991096,1.62784594596,0.404409685781,-1.63548724382,-1.18558513983,0.786919707571,0.309128630818,-0.711942938422,0.0580255114112,0.711226384926,-1.09028857502,-0.556938628963,-0.0643038843504,1.89108045442,-1.65946476914,1.03773476818,0.809369602065,-0.54242297193,0.0778432660341,-0.394954306199,-0.987755234825,-0.199952349151,-0.105967048172,0.115425741825,-0.542277036733,2.39242033763,-0.239797399022,-0.752483025746,-0.704683730252,1.6969641551,1.41044457747,-1.69730360171,-0.0212686190035,0.35640375973,-0.0482761162937
46,-0.411956181291,1.7565608911,0.778874248518,-1.32594910845,-1.16362181486,0.67506723182,0.665534170357,-1.6245254604,0.542050307725,0.23106146166,-1.0238016529,-0.690243518755,0.37662169747,1.2143277278,-1.48175220784,1.18862688341,1.51458688473,-0.700534748234,0.136084659383,-1.12221515253,-1.31475366256,0.189201762409,-0.159543241678,0.525371328525,-0.257277885714,1.48220538026,-0.583916239573,-0.370037539621,-0.761388996958,1.71534277617,1.43251982594,-1.33756902498,-0.899098723243,0.518458232501,0.28568968953
47,-0.497753381943,1.80375788463,0.537862018998,-1.80608301765,-1.16469788827,0.733745506689,0.557300452205,-0.639461502217,0.0693384611925,0.420789432409,-1.25652619063,-0.468526497426,0.187917919686,1.52233680249,-1.99118664998,0.855145435208,1.12234147477,-0.717231555597,-0.0480298992644,-0.795271897115,-0.742688532386,-0.111628754484,-0.269077984321,0.764348447505,0.0164815776845,1.91679833824,-0.363480636258,-0.450234846741,-0.884285931117,1.69800141397,0.800635325251,-1.47579539138,-0.936622713949,0.855019109167,0.756763670782
48,-0.138677531685,1.02194158428,0.929621369535,-1.61490617635,-1.2285728436,0.708476324893,0.0659970124544,-1.28807287808,1.42231763812,0.272194376584,-1.35197928138,-0.513552032721,0.602820968011,1.11239146983,-1.44954919951,1.6583232053,1.35221536603,-0.51208323506,-0.195929683866,-0.833641043075,-1.21466765556,0.184220352998,-0.253768161071,0.421321779473,-0.6312283519,1.47478662659,-0.586263148669,-0.702912050108,-0.435047483342,1.72422268213,-0.0694284983043,-1.59127446753,0.277194482744,-0.153568362267,1.53707684566
49,-0.456480832318,0.943259027886,0.254230276183,-1.27770033891,-1.62909957245,0.767481519316,0.217855137857,-1.41184743798,1.10838055302,0.446422588693,-0.821385724958,-0.541861535896,0.633324400974,1.76742193881,-1.55259590755,1.56294101265,1.25424208944,-0.409273567986,-0.0120544764653,-0.744133760006,-1.38674291425,-0.0438631619538,-0.112499760889,0.485921899907,-0.574407634194,1.53246618127,-0.660606981725,-0.660534982668,-0.401169077165,1.72231104156,0.796445723373,-1.94375092286,0.684476987531,0.154301083638,0.308527128071
50,-0.635734888801,0.754121347294,0.578430191476,-1.60342946561,-1.10228564503,0.409100503204,-0.169976642231,-1.2911678264,1.33559598596,0.903733837359,-1.08301372102,-0.309876878313,0.506558157304,1.70794504431,-1.75845863071,1.31818776978,1.06580021818,-0.642768494258,0.0583135693533,-0.693963191235,-1.05054193574,-0.202038351187,0.182379953764,0.896982736053,-0.772824816399,1.59893117269,-0.806377653059,-0.768739709665,-0.0837325977903,1.65884996052,1.41286991193,-1.61813607792,0.534693992223,-0.315171936524,-0.0142558897782
51,-0.493359220641,1.02254414808,0.546754326529,-1.16534780337,-1.35424025689,0.821974848462,0.220510260871,-1.53379834465,1.28899640367,0.287474522516,-0.948468984584,-0.649461829924,0.215350529683,1.74107140071,-1.08543104272,1.48365518456,1.52650314715,-0.615582198011,0.124986373319,-1.19344008055,-1.35842194665,-0.180526421164,-0.171519209862,0.386969084011,-0.414690875345,1.49749798579,-0.506484596801,-0.459952464738,-0.754706504576,1.72114356616,1.71456329004,-1.40564390142,-0.0660362086614,-0.280471534361,0.0375883545069
52,-0.884166866322,0.593877259674,0.908997144949,-0.919483528606,-1.50721119131,0.536657739765,0.28355630408,-1.65861830714,1.25266224086,0.921944359686,-0.820709982966,-0.733529754897,1.25751621765,0.768508364094,-1.77814079713,1.01516959036,1.22842488197,-0.645856490866,0.69442310889,-0.496524406639,-1.48044671624,0.270887797898,-0.419866542917,0.592425951711,-0.449590372053,1.46909399529,-0.440599909733,-0.890862059297,-0.365249379883,1.69671134886,0.360927405537,-1.54515104194,1.05110225818,-0.760652420687,0.893773798712
53,-0.27440269736,0.675429656849,1.00649652134,-1.45765627597,-1.43724989585,0.920680115035,0.370832037105,-1.37687717199,1.1462638713,0.784397679448,-1.26994903835,-0.717320144851,0.822918997756,0.806436345297,-1.69962537877,1.54321573798,1.57227160144,-0.448468518421,0.0849872104136,-0.687948506806,-1.17345270231,0.149715192474,-0.343273387585,0.430911574177,-0.638766815478,1.21043399316,-0.429149573736,-0.940139709995,-0.313977258039,1.68326654172,0.0551946732937,-1.51941445918,0.315919604223,-0.40799842128,1.55629860282
54,-1.23573130641,0.715517614458,0.790888792939,-0.959002581883,-1.70036642423,0.918903206312,0.545479739491,-1.20209340708,1.24083188868,0.882695027149,-1.02451725092,-0.551327243906,0.886861633693,0.691860311495,-1.591488568,1.25532840877,1.27264178902,-0.720046777987,0.836525758261,-1.28827838575,-1.20420026222,0.0163765483788,-0.502103426207,0.951184419276,0.0919538912924,0.882106605725,-0.390981463905,-0.750645063133,-0.576359330435,1.71798585742,0.561821910271,-1.75939534345,0.782506974502,-0.45970994919,0.874776408023
55,-1.15794843935,0.28562745401,0.604085343473,-0.876683193759,-1.51148260941,1.02712722431,0.351832396155,-1.06849872921,1.62686170397,0.63664760306,-0.932660390192,-0.953381285294,1.1723866489,0.79608627343,-1.66077641395,1.61573544213,1.4126892416,-0.621502777783,0.598759422941,-0.936491460258,-1.27125507272,0.0390874224053,-0.446357049847,0.534440388935,-0.19813751677,0.933808373674,-0.550781014313,-0.873327961274,-0.267714709271,1.6918236849,0.545152697481,-1.75104330095,1.12177832018,0.474914003493,-0.390801719908
56,-0.956578776901,-0.41572654107,0.163581830394,-0.659093569471,-1.00120355122,0.248555288344,0.426606862585,-0.734943221535,0.669252911727,0.214491227803,-0.577790305422,-0.656191794788,3.05907189131,0.219967748057,-0.807610978808,0.953438271443,0.955648242813,-0.67729058297,0.796503534385,-2.70459528073,-0.29197726536,0.378108065664,-0.149831688474,0.719857483672,0.358946057253,0.468804140751,-0.750106809262,-0.810299622812,-0.103912211729,1.66431864383,-0.422870236754,-0.705158144432,-0.197268547628,-0.642497485262,1.967794414
57,-0.808496834348,0.278012991321,0.512342269736,-0.876448699043,-1.33991642971,0.951258848538,0.530299616807,-1.49736520663,1.01420898708,0.977605475188,-1.12410984879,-0.963033731961,1.38304291515,0.962599646879,-1.79717289557,1.30641862579,1.456003828,-0.815940737167,0.844683857703,-0.949514291798,-1.00872958735,0.106513509322,-0.345546503154,0.548607988181,-0.379454380283,1.03413058596,-0.439210031346,-0.92240085668,-0.326487736469,1.68809862445,0.124641132088,-1.54053387451,0.58498921771,-0.565315093488,1.39621861823
58,-1.36628748422,-0.586686209247,0.442415166482,-0.649184408815,-1.30996453248,0.740601407939,0.879792580636,-1.20313913458,1.26482581367,0.925262201425,-0.796375081502,-0.670863098291,1.62962411977,0.699978658995,-1.35188310298,1.16352559434,1.26154046655,-1.53892039748,1.23509627246,-1.40072711354,-0.620735844481,0.204261362054,-0.109645120889,0.941672187517,0.00238955912255,0.213426136883,-0.614135812359,-0.927449637302,-0.116459078488,1.65804452814,0.706910648075,-1.46430808836,0.477391555746,-0.881998724389,1.16200460871
59,-1.16263274278,-0.0828121382271,0.430091860644,-0.892352089436,-1.51687925068,0.518753399772,0.713012232163,-1.12001419648,1.41481539883,0.974046472358,-1.02933105876,-0.60432303853,1.47284821751,0.884776933674,-1.71615257823,0.928249923779,1.34132967188,-1.29171850498,1.16721343829,-1.2616729397,-0.360697996164,-0.00262283699344,-0.587681298148,0.990509757929,0.402019681606,0.391223680686,-0.539764577789,-1.05131898713,-0.0222629414142,1.61334650627,-0.376853585362,-1.17345508607,-0.419959699416,1.81085800745,0.159410363312
60,-1.00215684492,-0.288036095085,0.531322387238,-0.835332388811,-1.50531238892,0.547240554202,1.03879469292,-0.785175646682,1.54230001064,0.461983212112,-0.872981257662,-0.893913136414,1.86546725524,0.195799646023,-1.51120494232,1.22368588404,1.37328534073,-1.54015776849,0.464405585225,-0.837094861739,-0.466043836008,0.885706404252,-0.993816252995,0.230716114541,0.187249368202,0.983268965114,-0.625139570211,-0.697905963765,-0.398407193283,1.72145272716,1.12115335689,-1.38949085194,1.04653754961,-0.844232874672,0.0660328197369
61,-0.0173308801257,0.0540454705218,0.170498157376,0.0101403955338,-0.0472567345753,0.192689135995,0.299987490784,0.00376512936819,2.07142520346,0.191057362438,0.0086611305395,-0.0162305425736,-3.07985423158,0.158402912821,-1.35763292052,1.51675335355,1.22826386513,-1.18217054941,1.19637096936,-1.32284244023,-0.656296955479,0.401921133706,-0.780915338024,0.300245206591,-0.0333088591958,0.689612535074,-0.55673071201,-0.801576812345,-0.351628916872,1.70993644122,1.34825270032,-0.627076600983,0.871969441542,-1.41285295362,-0.180292587319
62,-1.01050783749,-0.406004537932,0.127668116316,-0.627539076962,-1.14844528236,0.183124997398,0.789363813647,-0.927762455585,0.863513343183,0.55081880984,-0.755234964675,-0.763373676803,2.67677066035,0.44760809131,-1.5709584989,1.3588786703,0.86657039055,-1.66034104075,1.44242411834,-0.837749837369,-0.334435240462,0.660849497599,-0.650072653898,0.149333639161,-0.0560407084556,0.631541663609,-0.668494428609,-0.59458439317,-0.464339355885,1.72741817777,1.26441971491,-0.849465463442,1.00781670227,-1.2822699276,-0.140501026169
63,-0.853017542683,-0.42866928057,-0.0243094419288,-0.622075224771,-0.990206975689,0.243275608903,0.588909615121,-0.550520128472,0.623435702854,0.201479305129,-0.605687831267,-0.708041533263,3.11671829983,0.00870942699929,-1.15091592813,1.628710494,0.525310326054,-1.62534644489,1.38250725382,-1.1096790584,-0.700219924702,0.531387367443,-0.671679583175,0.466532550493,0.0017357184069,0.721657228843,-0.556192215216,-0.624270513705,-0.550862500692,1.73132522964,1.15396778818,-0.758977872004,1.06989643887,-1.39376251307,-0.071123842115
64,-0.875622537457,0.127034728378,0.452750822659,-1.00863218032,-0.959995492327,0.72032587667,1.22302771326,-0.775155196007,1.43385996464,0.195324897748,-1.063513312,-1.6027842522,1.50712395217,0.626255014364,-1.14318298919,1.37666892566,0.652731095068,-1.17316885518,0.279652291242,-0.36167194278,-0.443026498922,-0.196804246124,-0.791174054851,0.168233229201,-0.69508254653,2.32682559251,-0.357342397516,-0.353108245069,-0.966752537952,1.67720318047,1.45422616829,-1.42431903717,0.633688862052,-0.674434930434,0.0108389372284
65,-0.753542150082,0.136141109897,0.343055020249,-1.01584929664,-1.0800468683,0.924838416067,1.16419726472,-0.966779489227,1.43102614928,0.596410314213,-1.38668204668,-1.24000326175,1.36064346831,0.486591370582,-1.69690072764,1.12155303294,1.08531854679,-1.5049746361,0.321143556881,-0.617902567537,-0.282495803078,0.136993030056,-0.377628602977,0.654197403854,-0.558090872531,1.71878763915,-0.427964038567,-0.668333973975,-0.628550151251,1.72484816384,0.948703013445,-1.68963675931,0.973724252054,-0.483720439368,0.250929933182
66,-0.867397061433,0.309323310384,0.269670621756,-0.887154457754,-0.948929558106,1.22368300961,1.20777152622,-0.509893754559,1.27044328052,0.22472345235,-1.36115184662,-1.64217730414,1.3543856583,0.35670312361,-1.29291834611,1.12467617052,1.14112007194,-1.40881329743,0.266140198679,-1.14797723019,-0.0776999992912,0.0456760368959,-0.894160526978,0.455919539468,-0.0477417096302,1.83577909185,-0.326053586046,-0.506502243937,-0.866408705126,1.69896453512,1.085787238,-1.80387018984,0.45878598582,-0.272232328301,0.531529294234
67,-0.954617084642,0.0144246566509,0.534665384508,-0.792082844289,-1.44680561174,0.828517958559,1.28811217731,-0.234740532666,1.46778191747,0.0678374857927,-0.936188680124,-1.51493120887,1.52562570806,0.152400673861,-1.34941838368,1.72197989082,0.670430741223,-1.3999809914,0.179521346779,-1.04927293681,-0.0712326812179,0.277249838497,-1.01606655736,0.249337269692,0.223937282849,1.56351518028,-0.621817818559,-0.331584488169,-0.757986327077,1.71138863373,1.04460744578,-1.54250684302,1.02615817356,-0.674579542845,0.146320766302
68,-1.10063389203,0.0570337724881,0.533730148155,-1.29900581022,-0.927815014289,0.768040419254,0.849414913083,0.263793115471,1.57197023158,-0.345409375229,-1.40663889449,-1.16841170369,1.42474589726,0.779186193223,-1.26685179476,1.48990950867,1.40697623579,-1.13145255322,-0.618085322447,-0.465125343187,-0.513624489193,-0.204764869349,-0.520766876245,0.310220684617,-0.360917263232,1.87448208206,-0.240506761378,-0.59073854526,-0.858681095705,1.68992640217,0.800970668041,-1.9499898238,0.546354335761,0.106550258698,0.496114561573
69,-1.06902295013,0.38373808443,0.330013140277,-1.22166469483,-0.779110314627,0.945477399547,1.03631136803,-0.382151979726,1.09781560811,0.274562268363,-1.30349386401,-1.63784393299,1.26697987688,1.05838999117,-1.2767477813,1.46049581289,1.12643454583,-0.901541316562,0.00673602293795,-0.666029176454,-0.445033671402,-0.297932145474,-0.754903054189,0.328383206832,-0.657166989201,2.07730454642,-0.0465183994506,-0.578500138564,-1.00427650352,1.62929504163,1.12942993928,-1.802149019,0.620922306681,-0.185951751258,0.237748524343
70,3.41008366285,-0.306799830658,-0.0223928455116,-0.733272943063,-0.481742483975,-0.082941590267,0.196972425406,-0.523258727105,0.0586861424645,-0.255984874369,-0.732381089769,-0.730716365038,0.218925855072,-0.0151773361861,-1.22288549233,1.31645837162,1.69270363286,-1.0302390639,-0.151386862344,-0.583315924612,-0.506909579507,-0.29110122213,-0.565233310875,0.622394298981,-0.900056543265,1.61957169564,-0.311036362628,-0.416304462629,-0.952656795425,1.67999762074,1.43433569642,-1.47868048572,0.174018100441,-0.663792099783,0.534118788426
71,2.94898624503,-0.345405833665,0.226056926653,-1.08358705981,-0.949225104424,0.201131446579,0.32617866493,-0.241543631153,0.544753069022,-0.223911698403,-1.03776921532,-1.07004108841,0.485933500543,0.218443778708,-1.24343591536,1.53225150758,1.36990491222,-0.871460345164,-0.313886127117,-0.65663895773,-0.323511033379,-0.429360038498,-1.1007649808,0.815246286701,-0.396334767101,1.61798945873,-0.431387196846,-0.473741951033,-0.808356570104,1.71348571801,1.22358676652,-1.65693520989,0.641897943601,-0.506531955075,0.297982455048
72,-0.793112981367,0.0608519839898,0.979474333087,-1.29756531344,-0.430324566551,0.896115026218,0.794178535142,-0.118735100617,0.786544642541,0.239403608532,-2.06164827373,-1.28840082382,1.04166303242,1.19155589771,-0.855593077471,1.20647250075,1.77527256839,-0.912112625946,-0.205643909677,-0.414402046219,-0.581618019276,-0.700832897718,-0.950790408511,0.853843179694,-0.799752419074,1.58515715422,0.100990013084,-0.244064124922,-1.32846269763,1.47153680932,1.31685654557,-1.26438360241,-0.218359298362,-0.813098958679,0.978985313762
73,-0.843947832093,0.429448838586,0.174523383854,-1.18067526586,-0.800064552026,1.0821384513,0.763748503119,0.311580627656,1.29614869806,0.143467375061,-1.50431887035,-1.81010654327,1.15513871222,0.782918473823,-1.42730826822,1.4390371359,1.17748345958,-0.82566036853,-0.236987032223,-0.582201827597,-0.533811821056,-0.525377975027,-0.484349463293,0.408765900369,-0.469961979077,2.06037223897,0.257241481223,-0.899750563717,-0.886608609601,1.52911769227,1.29496709555,-1.78761357706,0.165136167337,0.0111175731641,0.316392740676
74,-1.17262452007,-0.204663472181,0.491302430311,-0.915230375309,-0.780609120538,0.641324326104,0.608507374086,-0.497336164527,1.17100321576,0.3433754482,-1.22367831493,-1.50048210843,1.58912146992,1.44998981131,-1.33501702695,1.51930727187,1.90514129977,-0.766283731293,0.195415488816,-0.544865288754,-0.473353449996,-0.797621845723,-0.614773632623,0.692523490891,-0.78904655164,1.00857397525,-0.0546600668474,-0.252011513453,-1.24066541937,1.54733699993,1.55484012279,-0.919605167161,-0.21683979601,-1.10425394038,0.685858780745
75,-1.15923901832,0.0717498646588,0.310294575169,-0.882951313497,-1.08657015638,0.855948957841,0.64119285733,0.462230228509,1.02794267147,0.368087648385,-1.4315407697,-1.663479865,0.98096050666,1.50537381321,-1.17507403585,1.74896753994,1.17638919394,-0.677831292665,-0.124436971488,-0.68124827155,-0.465343245857,-0.616191369923,-1.02033435251,0.329711934354,-0.3331806758,1.83857154773,0.491885539356,-0.884373730686,-1.00768867451,1.40017686594,1.50780630825,-1.32138667197,-0.519178278854,-0.406135812766,0.738894455456
76,-1.06970573946,-0.120999885166,0.883553766112,-0.848500278047,-0.912832549791,0.875133751342,0.63586292887,0.238167145445,0.456837377018,0.538031559205,-1.81614909572,-1.44412554583,1.46239400237,1.12233256357,-1.14538465596,1.89954094033,1.27627489835,-0.751940035515,0.0385056914126,-0.388873204601,-0.349507877251,-0.74963381189,-0.645715750793,0.634698721466,-1.17633706941,1.3583721538,-0.393327214407,0.115152332113,-1.23810953284,1.51628441511,1.16719557131,-0.782262405523,-0.291829453706,-1.25820804629,1.16510433416
77,-0.320017074179,0.0248276772013,0.109219218764,-1.43195696185,-0.0841602420645,0.503892776345,0.0230247522799,-0.064382172697,0.305665185643,0.201406536129,-1.53897878978,-0.922783186904,0.34946237296,2.84477990828,-0.581467747251,1.35418679439,1.74524363784,-1.00284778781,-0.216031379921,-0.243919532401,-0.379008719159,-0.81670962981,-0.679744113218,0.535901044777,-1.28433254608,1.5687299773,-0.531267485087,0.447172344769,-1.2835194326,1.36761457271,1.50837568446,-1.20844983601,-0.16639537264,-0.850298636794,0.716768161005
78,-0.755083255089,-0.0297036728239,0.701374550526,-0.694180215988,-0.803569738571,1.03615176836,0.277947992251,0.177254492523,-0.0178347589318,0.500829995645,-1.90853023043,-1.17843485904,0.420449385542,2.27332854591,-1.3424733454,1.63172781607,1.26926440356,-0.788240752854,0.146372388062,-0.631556414099,-0.235027925315,-0.603879089387,-0.701831063766,0.964912934835,-1.07872423878,1.36945528692,-0.386553856807,-0.31596576876,-0.972366803277,1.67488642858,0.826094308676,-0.982524202903,-0.536625303783,-0.841766327857,1.53482152595
79,0.151903359069,0.318238975879,0.404161001055,0.174904847982,0.192978704032,0.421292838411,0.335580962221,0.337725794756,0.329668011452,0.386225563368,0.0328312227357,0.107534839527,0.387418117558,-3.5804642381,-1.39989230024,1.51019819652,1.46444490073,-0.988599452268,0.0855102243775,-0.294526035196,-0.469173719755,-0.74630628354,-0.446966215457,0.808399540581,-0.944656815774,1.42156795967,-1.53954330134,0.47104410089,-0.112696536948,1.18119573691,1.05999001546,-1.31586627317,-0.342590682498,-0.662137270998,1.26060421103
80,-0.752086933287,0.543715725619,1.13055344126,-0.526295389477,-0.786765817061,1.38002640666,0.493985709853,-0.173400513609,0.62593392398,0.677561814858,-2.15284221388,-1.42512993635,1.11643185433,-0.151688072747,-1.37486590129,1.84334957132,1.76736956807,-0.58968355392,-0.392536514105,-0.244747467791,-0.42919201459,-0.394612977286,-0.415974785452,0.157385131505,-1.07815940802,1.15166835135,-1.20829614699,-0.198959217045,-0.16535212849,1.57260749226,0.306025721011,-0.8845348493,0.084680788019,-1.16638733831,1.66021567864
81,-0.77084066016,0.19698140367,0.665628332247,-0.732870422491,-0.845930651682,1.09817965603,0.64776103465,0.782054217431,0.514289787982,0.976890549608,-2.28540131677,-1.47030711904,0.814038952052,0.409526236818,-1.1029825909,2.12014795891,0.983245591383,-0.551555445458,-0.280564631433,-0.350743062138,-0.199900597453,-0.599894703082,-0.712320309021,0.416480862755,-1.22042755895,1.49851448576,0.266693993215,0.182090576363,-1.60189247388,1.15310790394,0.72415825101,-0.624623162415,-0.241842644964,-1.34603130979,1.48833886619
82,-1.63988343927,-0.583780413842,0.967878358859,-0.872832725086,-0.619051078031,-0.229183684095,0.992521792115,-0.544259110986,0.714771969717,1.8514697435,-0.751170872009,-0.680113431135,1.5961308812,-0.202497991529,-2.38770511995,-1.27077681088,0.293709447664,-0.986851296778,0.627703771104,-0.000423560579686,1.17136934382,0.726843486127,0.646196058513,0.665934811609,0.667056996277,-0.153057124047,-1.34986625808,0.431628434846,1.34511485684,-0.426877033132,0.421394619916,-0.342843814693,-0.162136392572,-1.48711256769,1.57069815504
83,-1.34840075964,-1.00832609527,0.671805915775,-0.782090120941,1.64793106207,-0.58597343857,-0.27589480347,-0.942808777165,1.27164637732,0.67767323041,-0.642908576892,0.755620072256,1.47662027006,-0.914894350386,-2.4152721772,-0.340315099776,-0.833848244843,0.438715608428,1.32412165319,-0.823106803069,0.595543219783,1.41311599506,0.19627667308,0.565627608,0.0254126599707,-0.146271090533,-1.01781802441,-0.864052324798,0.468313737068,1.41355661113,1.81286232811,-0.390758384218,-1.11728951506,0.212316164824,-0.517130592963
84,-0.846034800823,0.401823173892,0.953357634716,-0.315384553599,-0.494549898441,1.01680146013,0.705441973321,-1.24475954613,0.5100550767,0.463627954943,-2.02946790385,-0.983809741486,1.79514520229,0.0677539679782,-1.51703062491,1.01909874952,2.27310130966,-0.465026331475,-0.0480130053539,0.0775904477877,-0.318720020822,-0.643604617877,-0.829775054561,0.000578251675919,-0.764577435606,1.21637833593,-0.316128623578,-0.333001050962,-1.01306147945,1.66219115395,1.2476836534,-0.75572502099,-0.307778727045,-1.26692533057,1.08274542512
85,-0.962064930544,0.684574433633,1.08320003586,0.04504110315,-0.523632991355,1.23238485121,0.678266409005,-0.805273047765,0.541855625619,0.783528043377,-2.11020971225,-1.39602489652,1.05957962675,-0.311224550567,-1.73209489118,1.17186231769,2.23323414202,-0.425676293614,0.0223838107848,-0.434561989547,-0.552300285026,-0.286209211967,-0.439413203396,0.184282107803,-0.771114617795,1.02960811401,-0.356297871133,-0.646995874274,-0.713085401622,1.71637914684,0.210490112081,-0.79610895876,-0.213734383412,-1.00686866672,1.80622189663
86,-1.22473776494,0.484290034439,1.03886930706,0.195525837674,-1.03291513006,0.994993852024,1.05550933277,-0.907618247197,0.587814939324,0.708161677766,-1.88324717006,-0.953561452272,1.30851100513,-0.371596221228,-2.09551691402,0.708016592285,2.41981505433,-0.193255479089,0.464038254001,-0.468105355173,-0.344022907919,-0.488081272091,-0.401522147653,0.392285189272,-0.229754377056,0.236103363139,-0.186647890614,-0.457869252549,-1.00962301831,1.65414016135,1.44430133979,-0.788088965806,-0.917496243498,-0.711075189517,0.972359059136
87,-1.29257239177,0.627996811694,1.23454107351,0.243277876982,-0.697765929716,1.02959397921,1.25580230451,-1.54917629445,0.23933336153,0.551201950337,-0.414704256741,-1.68364902187,1.05143517839,-0.595314642116,-2.19239974432,1.37003422008,1.00669532534,-0.0728143166486,0.432425382183,-0.66641333897,-0.213527142433,-0.246720295126,-0.613648319752,0.553102144281,-0.833941950535,1.47720803574,-0.139290884291,-0.409782976206,-1.07859553,1.62766939046,0.728662384161,-0.724003246344,-0.564758130697,-1.03696668458,1.59706567743
88,-0.960528397923,0.564327337213,0.925866274572,0.396113609063,-0.88857265565,0.764260421676,1.30811881947,-1.18506995626,0.69510620798,-0.207051784975,-1.88372417187,-1.00541206763,1.47317335164,0.00339301270509,-2.22171441541,0.176308199156,2.04700100309,-0.0616452676878,-0.308903744576,0.310149785901,-0.488745306956,0.138633511718,-0.903252946825,0.679186437299,-0.358670797718,0.991653541895,-0.227281550965,-0.764331075716,-0.702628770938,1.69424139766,1.63895593455,-1.11783489239,-0.00042386388641,-0.941782974388,0.421085795826
89,-0.492637390022,0.566355683697,0.667074522251,-0.486426606037,-0.638289280395,1.09054142547,0.982799722821,-1.04754324432,0.413128886843,0.206287587946,-2.24700466588,-1.00522040618,1.64368664578,0.347247118223,-1.72173776517,0.622508663909,2.24805750882,-0.390141778919,-0.294214931579,0.32011515553,-0.162123421976,-0.472991293505,-0.997874201672,0.343746952881,-0.686244412726,1.19089952145,-0.567171259296,-0.322866500306,-0.815534645211,1.70557240482,1.34964923979,-0.650481128182,-0.200686478599,-1.38739814301,0.888916509864
90,-0.937068942128,0.187638892843,0.941343712769,0.439547869061,-0.349974438062,0.942293680741,1.08115706538,-1.38789668039,0.122104214656,-0.0620072048513,-2.06141800625,-0.848298190597,1.68967292984,0.242905096766,-2.03896217173,0.389377563045,2.39113503771,-0.29204361141,-0.0644014146727,0.162040157114,-0.222123293182,-0.327657789425,-0.773693226983,0.259513781818,-0.41300957321,0.929824540972,-0.0899435784161,-0.702021734685,-0.866053616274,1.65801892947,1.20257877175,-0.750103780575,-0.317833053652,-1.26754314407,1.13290120664
91,-0.513891333528,0.373347680121,0.765593856084,-0.301550878153,-0.627974600078,1.17702285587,1.02193032894,-1.46004089205,0.573552611098,-0.132480468061,-1.98127960972,-0.891587135367,1.67025737017,0.327100215006,-1.86190796754,0.414875142056,2.44606344099,-0.520023883184,-0.143206544338,0.189963097606,-0.195486608799,-0.310067508877,-0.839999573876,0.163950157278,-0.368152077434,1.02399232572,-0.661021860783,-0.252253711176,-0.784809359384,1.69808493139,1.17044581544,-0.985838534619,-0.016924352815,-1.23358790571,1.06590497791
92,-0.672443797897,0.37185561466,0.429776125917,-0.345087348532,0.163216320875,0.371769075136,1.30853293836,-1.75293474539,1.111224517,-0.286399016623,-1.68683944148,-1.06474846658,1.64019952175,0.411878702469,-1.55753727249,0.251195117755,2.13006859116,-0.316680938551,-0.449308380632,0.756236873096,-0.806539667757,-0.0145643385378,-1.08223169373,0.38841740835,-0.619387138202,1.32033143715,-0.457568854082,-0.335596588519,-0.9002306739,1.69339611649,1.49063126546,-1.01389578151,0.305188804159,-1.21290824069,0.430983953498
93,-0.904861075049,0.552759214158,0.501032902931,-0.131537376901,-0.949119871903,0.9243161967,1.42824637213,-0.81362941968,1.38606641681,-0.380009422441,-1.59738543867,-1.40777690422,1.2356362553,0.156262151167,-1.76450852227,0.267385319093,2.14043842012,-0.0554630971241,-0.675996812122,0.405662861105,-0.189091696549,-0.0128990781315,-1.17998506379,0.368621343844,-0.601467252321,1.297303579,-0.405205922173,-0.63043292152,-0.686773576746,1.72241242052,1.6295148981,-0.866750374174,0.0116798823656,-1.19140082036,0.41695641422
94,-1.16297655853,0.433731511883,0.0542308627673,0.429042888051,-0.793319429064,0.51332979077,1.3549248121,-1.00899877344,1.33438706204,0.473342258598,-1.58129405566,-1.49621472608,1.32939406624,0.12042028986,-2.47089174288,0.608016923575,1.54323421734,-0.0685826514854,-0.177089353969,0.556451413863,-0.614774943869,0.329504441207,-0.826853929625,0.32888793481,-0.380369112254,1.17246680384,-0.40622790279,-0.354174714539,-0.927551170236,1.68795378763,1.73878299258,-0.917218806242,0.0490477045988,-1.04929094388,0.178679052819
95,-0.295782120797,-0.285334756766,-0.307317512766,-0.242157540914,-0.301540316838,-0.282151737166,-0.267458126753,-0.319616553183,-0.213903161984,-0.277642684483,-0.285707387988,-0.298708779945,-0.226665321012,3.60398600049,-2.39067318946,-1.61267538106,0.217195600535,-0.45070341999,-0.240293929692,0.612239791323,0.596150866375,1.04865837647,0.973284586353,0.301571547134,0.647294912914,0.297950240364,-1.50351356495,0.505764668755,-0.203228688201,1.20097758519,-0.84669900798,-1.06349292857,0.182708033922,-0.0380898060125,1.76557370897
96,-0.415723436069,0.275926813705,0.491041185586,-0.262599776643,0.389105767258,-0.290130004297,0.937489318696,-2.0603644165,0.839142526833,0.0835249449615,-0.675413357915,-1.80482376235,1.77062436866,0.722199828094,-1.44877385088,0.171454069009,2.37449124419,0.312471050817,-0.349747230756,0.332903702775,-0.564355038707,-0.412367245559,-1.34799989325,0.626552411646,-0.608176740283,0.913547516603,-0.716929690509,-0.247120947077,-0.734577788353,1.69862842589,1.74812450615,-0.196976129397,-0.0612902331704,-1.37408166822,-0.115776473497
97,-0.202359149625,0.357222812647,0.456066454385,0.531360090195,-0.202533774821,0.15202536149,0.810438767426,-1.6467682889,1.07943797536,0.115549238636,-1.4843880382,-1.85991632275,1.74496671622,0.148898157985,-1.88731560834,0.276909809129,1.9181040699,-0.685931543828,-0.154320631342,0.871265930818,-0.995925558798,0.00547516720819,-0.347358312055,0.459594248615,-0.72007262455,1.25957505364,-0.372237709784,-0.299196113178,-0.995919128104,1.66735295111,1.68877195628,-0.953948417263,0.427005174571,-1.01724868837,-0.144580025417
98,-0.751442990673,0.552744674057,0.313871070878,0.816798217433,-0.180401904763,0.257487504181,0.778630174224,-1.41119069778,0.946349238938,0.328099102968,-1.33084178736,-2.15682351987,1.44492396743,0.391796950359,-1.81955097452,-0.205165944564,2.21129173698,-0.383312962293,-0.688379900165,0.484363048117,-0.755582533661,0.158675661128,-0.550253804209,0.900967478718,-0.377258092529,1.02420628693,-0.140788518591,-0.629339605964,-0.89703608764,1.66716421234,1.76873047724,-0.940326788332,0.431374229151,-0.692235181834,-0.567542736278
99,-0.00906890658597,-0.980935699402,-0.0621671478968,-0.496902645968,-0.795496938026,-0.797616768282,-1.53015495032,-0.429862101386,0.64453928237,1.66562455128,-0.53436078346,0.142072499893,2.05384804885,1.13048155524,-2.59698894398,-0.369660212747,0.359646652339,-0.524023079107,-0.660937740145,0.406996616009,1.14447519503,1.44818146767,-0.232793513667,0.334271504032,0.733334285956,-0.0425022290599,0.0253367896511,-1.0081229906,1.60945207101,-0.626665871108,1.38251107983,-0.917599843515,-0.110551732157,-1.21921301185,0.86485350642
100,-0.595377987142,-0.191627399092,1.1706086755,1.41865582207,0.382267496674,-0.152188034054,0.0692829229715,-1.749544763,-0.647973875898,0.420674624406,-0.828218076684,-1.44138504186,1.88800663002,0.256819006049,-1.29816960147,-0.212436166705,2.70211295745,-0.129768184734,-0.283961399288,-0.159463403759,-0.374856007863,0.0158236306491,-0.915203420317,0.231417093169,-0.715995849884,1.14050035004,0.572568818937,-0.258625003991,-1.49038813947,1.17644432449,1.72986715265,-0.46201140576,0.0636793647319,-1.33791231585,0.00637720561855
101,-0.849271048591,0.319174107393,0.300688748463,1.04484979215,0.0993244381854,-0.187762513222,0.481155550719,-1.51448297457,0.479835462297,0.317039437877,-0.866259803635,-2.14279629992,1.79789911068,0.720605991787,-1.46661025383,-0.148037400425,2.27784835429,0.144707794784,-0.898477909073,0.189076944308,0.13901735885,-0.329227488312,-1.49095140581,0.982211839008,-0.0732324096352,0.673674575995,-0.216983906395,-0.593820209754,-0.87358071858,1.68438483459,1.74155722429,-0.185089205107,-0.124381667816,-1.38380584404,-0.0482805072511
102,-0.840643353965,-0.135175048105,0.665545664462,1.24643846138,0.487461804371,-0.390838333688,0.494015421762,-1.64234103012,-0.241783807911,0.59031638256,-1.02136557117,-1.65796257295,1.83779890161,0.608533081333,-1.73002959206,-0.219504647232,2.49009839626,0.579539930389,-0.446512876758,-0.291968660099,0.256639631877,-0.18850665237,-1.22001172024,0.333783436048,-0.194829264344,0.631302018308,-0.219967929274,0.00247780601907,-1.29267510989,1.51016523296,1.58908268046,0.260107997147,-0.260577632036,-1.52827302675,-0.060340018789
103,-0.797900552064,-0.287464045985,0.978443273713,0.454459898307,0.283235320108,-0.0543133602073,0.243264211906,-1.86543770147,-0.126136906757,0.300691543262,-0.0606919868905,-1.73101526565,2.29132256928,0.371543002337,-1.34606232169,0.244703003329,2.76948007644,0.149837616941,-0.356895941808,0.0202401341389,-0.658371408914,-0.325472470241,-1.1558103435,0.0801968674301,-0.0708776541764,0.649032444623,-0.654547966767,0.0418297740157,-0.994045732429,1.60676392511,1.39962415809,-0.296379264401,0.285693641057,-1.67094649831,0.282007962598
104,0.93357444939,0.481926792606,1.03462630286,-2.88315800413,1.36025677874,0.63363211841,0.0517266104528,-0.0685589787933,-0.466651987207,-0.0174204439729,-0.892553121805,-0.396977767882,0.281081559248,-0.051504309285,-0.332837798562,-0.193602928147,2.28946259838,-1.03782144662,-0.822742547523,-0.40832571563,0.39878275862,-0.556599150997,-1.29507158117,1.36632129395,-0.204295208621,0.796729726862,-0.290650494853,1.62717781152,-1.10108118655,-0.235446130066,1.92288487414,-0.603544215019,-0.475352409397,-0.843971698546,-1.65512796957e-05
105,-0.288929183334,0.0622443506358,1.18776738283,-0.168815385371,0.398799408183,0.0657312040917,0.987630220539,-2.13282272346,-0.265443610416,0.0427499762579,-0.60257087351,-1.54994519786,1.96426411874,0.299340313872,-0.65187605026,0.0955500888753,2.57375287929,0.270910544969,-0.156006505829,-0.258459356698,-0.523182072362,-0.470629084059,-1.66487131558,0.231753863049,-0.530793773534,1.08385078469,0.169677973989,0.0746317491326,-1.52497271616,1.28066299318,1.6979273561,-0.587050987983,0.0442369782515,-1.32029266253,0.165179314517
106,0.585705843936,-0.0612632148561,0.93760206261,1.88804376502,0.555784567983,0.214701176267,0.885339539521,-0.974346731498,-0.759889699276,-0.401387921733,-1.14112419559,-1.33490163048,1.07188842846,-1.46615198639,0.273134402652,0.211310226085,2.50354808754,-0.830455982835,0.137673702869,-0.920668169447,0.278774225988,-0.530629864773,-1.60991494068,0.555814178913,-0.664515451456,0.595929583346,-0.194372477504,0.850721957183,-1.55762465218,0.901275171358,1.81452299137,-0.0722190870649,-0.585130607034,-1.16611872011,0.00894542330267
107,-0.0579055094098,0.124738393119,1.438075576,0.93820379256,0.407280395177,0.293996508948,0.508377350999,-1.86904181381,-0.69458039129,0.0157771871883,-0.978881745839,-1.51030075289,1.77581069714,-0.391549687951,-1.0330366832,-0.371500864904,2.69150611907,-0.623533834612,-0.159716550035,-0.166600130536,0.0228935837878,0.0226728088984,-1.10724510058,0.409517524174,-0.754672805878,1.06971593193,0.636676271294,-0.0455010460716,-1.60284216072,1.0116669354,1.68684148107,-0.319963222644,-0.272632801001,-1.37753652594,0.283291068369
